group,trialNum,position,row,col,dist to center,quadrant,sprite image difference,reaction time,reaction time (no),correct position mentioned,late,manish continuous,psnr,psnr_bin,ssim,ssim_bin,psnr dog to alpha,psnr alpha to cat,ssim dog to alpha,,ssim alpha to cat,,manish dog to alpha,,manish alpha to cat,alpha_to_cat_similarity_group
1,1,"11,10",11,10,5.220153254,Bottom Right,h,did not see,did not see,incorrect,FALSE,0.7424,7.486701604,low,0.319743383,low,11.55579275,12.08806228,0.593751088,medium,0.661036,medium,0.472472,low,0.497795,low
1,2,"3,7",3,7,3.354101966,Top Left,l,did not see,did not see,incorrect,FALSE,0.138609,7.915379776,low,0.135603743,low,15.00597891,11.34854427,0.536714869,medium,0.567697923,medium,0.350456,low,0.343107,low
1,3,"10,8",10,8,4.031128874,Bottom Left,l,did not see,did not see,incorrect,FALSE,0.14553,9.794274695,medium,0.185166605,low,14.24197055,14.41046095,0.506931,medium,0.733222414,high,0.347868,low,0.354189,low
1,4,"8,8",8,8,2.061552813,Bottom Left,m,did not see,did not see,incorrect,FALSE,0.493819,7.823545292,low,0.214039562,low,10.49018996,13.59269788,0.461056536,medium,0.690899417,medium,0.416045,low,0.720582,high
1,5,"6,5",6,5,3.5,Bottom Left,h,did not see,did not see,incorrect,FALSE,0.758518,9.521109396,medium,0.375644685,low,10.9699314,19.57951928,0.61443564,medium,0.85735487,high,0.27523,low,0.468925,low
1,6,"9,7",9,7,3.354101966,Bottom Left,l,did not see,did not see,incorrect,FALSE,0.139933,10.0626,high,0.16400719,low,14.65662339,13.56802904,0.536818127,medium,0.669926803,medium,0.341348,low,0.279165,low
1,7,"2,3",2,3,6.800735254,Top Left,l,did not see,did not see,incorrect,FALSE,0.133655,10.56458774,high,0.430848026,medium,14.35243978,14.45106499,0.695856139,medium,0.813388525,high,0.375356,low,0.265063,low
1,8,"5,2",5,2,6.576473219,Top Left,m,did not see,did not see,incorrect,FALSE,0.502767,12.18970349,high,0.370590399,low,12.53660953,16.26785348,0.578909406,medium,0.817709103,high,0.508171,medium,0.842493,high
1,9,"4,15",4,15,6.800735254,Top Right,m,1.39,1.39,correct,FALSE,0.498275,7.867547353,low,0.335434947,low,11.27061811,13.98475212,0.633041731,medium,0.737636419,high,0.49275,low,0.860712,high
1,10,"4,4",4,4,4.924428901,Top Left,h,0.92,0.92,correct,FALSE,0.771979,7.208511187,low,0.285060423,low,9.166194,16.83160892,0.500389391,medium,0.766199896,high,0.752833,high,0.835335,high
1,11,"2,12",2,12,5.315072906,Top Right,l,8.29 late,8.29,correct,TRUE,0.147122,4.198022944,low,0.139917736,low,11.81424932,8.671105795,0.651215233,medium,0.324339742,low,0.463928,low,0.210546,low
1,12,"4,2",4,2,6.800735254,Top Left,l,0.99,0.99,correct,FALSE,0.132594,8.384166337,low,0.187199346,low,10.43115729,14.61057,0.474703557,medium,0.638381719,medium,0.659985,medium,0.502528,medium
1,13,"2,9",2,9,4.031128874,Top Right,l,1.4,1.4,correct,FALSE,0.141383,5.259092283,low,0.191067006,low,7.472157105,15.11903036,0.407429085,medium,0.794420219,high,0.422637,low,0.339625,low
1,14,"6,9",6,9,0.5,Bottom Right,m,1.88,1.88,correct,FALSE,0.504844,8.173941,low,0.293603408,low,11.09340575,13.34785152,0.511369419,medium,0.68037281,medium,0.357873,low,0.275719,low
1,15,"2,10",2,10,4.272001873,Top Right,h,0.98,0.98,correct,FALSE,0.742032,10.62671603,high,0.172589076,low,12.72105262,13.472514,0.479026913,medium,0.597659753,medium,0.409177,low,0.337879,low
1,16,"9,3",9,3,6.264982043,Bottom Left,m,did not see,did not see,incorrect,FALSE,0.500359,10.42570256,high,0.309994248,low,13.28985571,14.62567209,0.607134066,medium,0.71786737,high,0.629409,medium,0.703189,high
1,17,"6,3",6,3,5.5,Bottom Left,m,did not see,did not see,incorrect,FALSE,0.500691,7.751437064,low,0.24050262,low,10.94020342,12.67649773,0.495544829,medium,0.642383,medium,0.596495,medium,0.735515,high
1,18,"2,12",2,12,5.315072906,Top Right,l,7.06 late,7.06,correct,TRUE,0.147122,4.198022944,low,0.139917736,low,11.81424932,8.671105795,0.651215233,medium,0.324339742,low,0.463928,low,0.210546,low
1,19,"7,7",7,7,1.802775638,Bottom Left,m,1.4,1.4,correct,FALSE,0.502215,8.656773238,low,0.422748638,medium,12.36911757,15.11340049,0.665249717,medium,0.783442259,high,0.661167,medium,0.560356,medium
1,20,"8,6",8,6,3.201562119,Bottom Left,l,did not see,did not see,incorrect,FALSE,0.137514,6.58017712,low,0.175683828,low,11.78284776,11.33352803,0.549881338,medium,0.599510892,medium,0.261824,low,0.237724,low
1,21,"7,13",7,13,4.609772229,Bottom Right,m,did not see,did not see,incorrect,FALSE,0.500695,8.19808684,low,0.391253477,low,10.44949291,15.81823347,0.604299494,medium,0.829366988,high,0.453987,low,0.412429,low
1,22,"2,11",2,11,4.716990566,Top Right,m,0.96,0.96,correct,FALSE,0.507319,8.711511,medium,0.265492587,low,11.94884922,13.84177221,0.56425953,medium,0.697536209,medium,0.315344,low,0.50332,medium
1,23,"3,6",3,6,3.905124838,Top Left,m,0.79,0.79,correct,FALSE,0.503727,7.764464,low,0.226812087,low,8.927291831,16.85548215,0.434222,medium,0.769897502,high,0.430121,low,0.489793,low
1,24,"1,13",1,13,6.726812024,Top Right,m,did not see,did not see,incorrect,FALSE,0.49857,9.424437687,medium,0.102606722,low,10.59092374,17.55094477,0.402535668,medium,0.718065483,high,0.477183,low,0.378888,low
1,25,"8,3",8,3,5.852349955,Bottom Left,l,did not see,did not see,incorrect,FALSE,0.132426,8.622265,low,0.330608731,low,12.90807718,12.5445627,0.668523,medium,0.630429519,medium,0.154598,low,0.922716,high
1,26,"4,7",4,7,2.5,Top Left,m,0.78,0.78,correct,FALSE,0.501152,10.45108603,high,0.369602246,low,13.5879752,13.63761844,0.633729766,medium,0.711391657,high,0.578822,medium,0.878454,high
1,27,"8,2",8,2,6.800735254,Bottom Left,m,did not see,did not see,incorrect,FALSE,0.503689,10.48672742,high,0.323602818,low,13.37275327,14.35221457,0.604297192,medium,0.728889203,high,0.427817,low,0.494826,low
1,28,"6,5",6,5,3.5,Bottom Left,h,0.95,0.95,correct,FALSE,0.758518,9.521109396,medium,0.375644685,low,10.9699314,19.57951928,0.61443564,medium,0.85735487,high,0.27523,low,0.468925,low
1,29,"11,11",11,11,5.590169944,Bottom Right,m,did not see,did not see,incorrect,FALSE,0.500313,7.72330069,low,0.243319301,low,14.53998244,10.58344222,0.636649044,medium,0.48022524,medium,0.609538,medium,0.67236,medium
1,30,"5,1",5,1,7.566372975,Top Left,m,1.06,1.06,correct,FALSE,0.504358,8.963868659,medium,0.257528758,low,11.74972293,14.17658446,0.518899952,medium,0.760644914,high,0.296504,low,0.331203,low
1,31,"5,3",5,3,5.590169944,Top Left,l,0.92,0.92,correct,FALSE,0.1342,9.967776817,medium,0.331556565,low,11.66729724,18.18540653,0.585238831,medium,0.847005986,high,0.293884,low,0.236578,low
1,32,"3,14",3,14,6.264982043,Top Right,m,0.79,0.79,correct,FALSE,0.499892,8.937116676,medium,0.307539235,low,11.82424497,12.43097484,0.52331,medium,0.615030286,medium,0.6662,medium,0.656165,medium
1,33,"1,8",1,8,5.024937811,Top Left,l,1.69,1.69,correct,FALSE,0.140666,10.43548707,high,0.147774762,low,12.36143857,12.58136712,0.333545032,low,0.608577825,medium,0.198327,low,0.78928,high
1,34,"7,1",7,1,7.566372975,Bottom Left,l,1.15,1.15,correct,FALSE,0.132252,7.582976558,low,0.345801319,low,9.144453936,17.41873825,0.541548451,medium,0.866349973,high,0.213652,low,0.392083,low
1,35,"2,8",2,8,4.031128874,Top Left,m,1.29,1.29,correct,FALSE,0.496145,7.437528461,low,0.246270248,low,10.94292144,11.86846537,0.530839105,medium,0.515177493,medium,0.622473,medium,0.76804,high
1,36,"1,5",1,5,6.103277808,Top Left,l,1.56,1.56,correct,FALSE,0.136468,8.949655165,medium,0.179499017,low,14.62175838,11.68992987,0.556387383,medium,0.547019886,medium,0.417885,low,0.495363,low
1,37,"4,2",4,2,6.800735254,Top Left,l,0.77,0.77,correct,FALSE,0.132594,8.384166337,low,0.187199346,low,10.43115729,14.61057,0.474703557,medium,0.638381719,medium,0.659985,medium,0.502528,medium
1,38,"7,8",7,8,1.118033989,Bottom Left,l,0.76,0.76,correct,FALSE,0.141446,8.907897251,medium,0.196729243,low,11.71109844,15.33970314,0.519486562,medium,0.678647,medium,0.510532,medium,0.30426,low
1,39,"3,9",3,9,3.041381265,Top Right,m,1.75,1.75,correct,FALSE,0.504792,10.31849384,high,0.271206972,low,13.96853889,12.48458473,0.58159587,medium,0.615691469,medium,0.32786,low,0.308924,low
1,40,"9,13",9,13,5.408326913,Bottom Right,l,did not see,did not see,incorrect,FALSE,0.149172,8.84052,medium,0.238928625,low,11.52561954,14.22189736,0.560865373,medium,0.648101,medium,0.311128,low,0.324536,low
1,41,"9,13",9,13,5.408326913,Bottom Right,l,did not see,did not see,incorrect,FALSE,0.149172,8.84052,medium,0.238928625,low,11.52561954,14.22189736,0.560865373,medium,0.648101,medium,0.311128,low,0.324536,low
1,42,"7,1",7,1,7.566372975,Bottom Left,l,0.81,0.81,correct,FALSE,0.132252,7.582976558,low,0.345801319,low,9.144453936,17.41873825,0.541548451,medium,0.866349973,high,0.213652,low,0.392083,low
1,43,"3,15",3,15,7.158910532,Top Right,l,0.64,0.64,correct,FALSE,0.1503,9.074487,medium,0.163994237,low,9.696648316,18.86998291,0.416280813,medium,0.762278638,high,0.394223,low,0.377542,low
1,44,"5,5",5,5,3.640054945,Top Left,m,0.78,0.78,correct,FALSE,0.502465,11.24589236,high,0.273838784,low,14.15985759,13.58914319,0.562401451,medium,0.693121,medium,0.359365,low,0.346689,low
1,45,"10,13",10,13,6.020797289,Bottom Right,m,0.97,0.97,correct,FALSE,0.500591,10.06340683,high,0.298305425,low,10.13842924,19.49684594,0.474857724,medium,0.850984441,high,0.52999,medium,0.83216,high
1,46,"6,16",6,16,7.5,Bottom Right,l,0.89,0.89,correct,FALSE,0.153924,14.03396787,high,0.28624245,low,14.23714988,16.69837,0.565897576,medium,0.797867769,high,0.246366,low,0.808382,high
1,47,"3,8",3,8,3.041381265,Top Left,h,0.89,0.89,correct,FALSE,0.747077,8.87526057,medium,0.431442666,medium,13.31413275,13.01872619,0.685711,medium,0.762279553,high,0.356156,low,0.374724,low
1,48,"3,16",3,16,8.077747211,Top Right,l,1.45,1.45,correct,FALSE,0.150855,8.534351401,low,0.321445976,low,13.35129939,12.6983491,0.641644397,medium,0.723125649,high,0.322746,low,0.454032,low
1,49,"7,14",7,14,5.590169944,Bottom Right,h,1.38,1.38,correct,FALSE,0.730382,10.20810724,high,0.368456249,low,10.20322957,18.98257046,0.520062077,medium,0.858920336,high,0.657745,medium,0.844669,high
1,50,"5,13",5,13,4.609772229,Top Right,h,0.67,0.67,correct,FALSE,0.736745,11.33257586,high,0.183858439,low,12.73454577,13.35596674,0.467911418,medium,0.584303587,medium,0.405053,low,0.448635,low
1,51,"9,13",9,13,5.408326913,Bottom Right,l,did not see,did not see,incorrect,FALSE,0.149172,8.84052,medium,0.238928625,low,11.52561954,14.22189736,0.560865373,medium,0.648101,medium,0.311128,low,0.324536,low
1,52,"11,10",11,10,5.220153254,Bottom Right,h,did not see,did not see,incorrect,FALSE,0.7424,7.486701604,low,0.319743383,low,11.55579275,12.08806228,0.593751088,medium,0.661036,medium,0.472472,low,0.497795,low
1,53,"6,12",6,12,3.5,Bottom Right,m,0.77,0.77,correct,FALSE,0.500156,7.801163073,low,0.335256932,low,10.65907573,14.97632894,0.585893888,medium,0.806898182,high,0.331647,low,0.475351,low
1,54,"6,1",6,1,7.5,Bottom Left,h,0.91,0.91,correct,FALSE,0.783743,8.069105067,low,0.315587139,low,14.13795403,11.04942283,0.698799689,medium,0.520001095,medium,0.464173,low,0.492382,low
1,55,"7,1",7,1,7.566372975,Bottom Left,l,0.92,0.92,correct,FALSE,0.132252,7.582976558,low,0.345801319,low,9.144453936,17.41873825,0.541548451,medium,0.866349973,high,0.213652,low,0.392083,low
1,56,"3,7",3,7,3.354101966,Top Left,l,0.88,0.88,correct,FALSE,0.138609,7.915379776,low,0.135603743,low,15.00597891,11.34854427,0.536714869,medium,0.567697923,medium,0.350456,low,0.343107,low
1,57,"3,13",3,13,5.408326913,Top Right,l,0.7,0.7,correct,FALSE,0.148752,7.830256908,low,0.087852,low,11.31387763,14.11025248,0.462885969,medium,0.559545804,medium,0.344234,low,0.327035,low
1,58,"4,7",4,7,2.5,Top Left,m,0.69,0.69,correct,FALSE,0.501152,10.45108603,high,0.369602246,low,13.5879752,13.63761844,0.633729766,medium,0.711391657,high,0.578822,medium,0.878454,high
1,59,"6,7",6,7,1.5,Bottom Left,l,0.8,0.8,correct,FALSE,0.140702,9.368791299,medium,0.253334812,low,10.28533586,20.54707722,0.498136795,medium,0.82694999,high,0.31958,low,0.609008,medium
1,60,"2,5",2,5,5.315072906,Top Left,m,0.71,0.71,correct,FALSE,0.499479,9.882301288,medium,0.348527167,low,11.37682503,13.61966925,0.567416182,medium,0.6647829,medium,0.436669,low,0.593175,medium
1,61,"7,13",7,13,4.609772229,Bottom Right,m,0.82,0.82,correct,FALSE,0.500695,8.19808684,low,0.391253477,low,10.44949291,15.81823347,0.604299494,medium,0.829366988,high,0.453987,low,0.412429,low
1,62,"5,11",5,11,2.692582404,Top Right,m,0.66,0.66,correct,FALSE,0.505388,9.302464,medium,0.346448019,low,13.10872389,13.56997065,0.600633214,medium,0.709233661,high,0.456761,low,0.489285,low
1,63,"3,11",3,11,3.905124838,Top Right,h,0.76,0.76,correct,FALSE,0.739741,12.97809717,high,0.57621325,medium,14.39417639,14.49449471,0.702438435,high,0.722998537,high,0.300628,low,0.368617,low
1,64,"5,6",5,6,2.692582404,Top Left,l,0.8,0.8,correct,FALSE,0.137007,11.85409478,high,0.301373005,low,13.55548575,15.32652697,0.575947742,medium,0.785880368,high,0.230773,low,0.809041,high
1,65,"3,2",3,2,7.158910532,Top Left,h,0.85,0.85,correct,FALSE,0.782826,9.207862,medium,0.068957,low,12.8432402,12.83890738,0.405530723,medium,0.554326117,medium,0.766983,high,0.868293,high
1,66,"3,5",3,5,4.609772229,Top Left,h,0.6,0.6,correct,FALSE,0.757983,10.13658799,high,0.1985744,low,11.71430297,13.95804308,0.426211827,medium,0.650370153,medium,0.287501,low,0.371619,low
1,67,"8,11",8,11,3.201562119,Bottom Right,m,did not see,did not see,incorrect,FALSE,0.499336,11.60434128,high,0.365012119,low,14.52275449,13.75396207,0.621860307,medium,0.714992648,high,0.297402,low,0.377662,low
1,68,"7,16",7,16,7.566372975,Bottom Right,m,0.96,0.96,correct,FALSE,0.500357,8.320421817,low,0.28431279,low,12.83948864,11.43907949,0.658612976,medium,0.498369677,medium,0.369187,low,0.296237,low
1,69,"4,6",4,6,3.201562119,Top Left,h,0.68,0.68,correct,FALSE,0.754106,9.296781572,medium,0.211521854,low,12.15512509,12.68434359,0.516418304,medium,0.57710279,medium,0.415739,low,0.422205,low
1,70,"10,10",10,10,4.272001873,Bottom Right,m,1.11,1.11,correct,FALSE,0.499534,9.648563,medium,0.261810297,low,11.97052117,14.50783338,0.54347749,medium,0.736437882,high,0.248511,low,0.310609,low
1,71,"8,4",8,4,4.924428901,Bottom Left,l,did not see,did not see,incorrect,FALSE,0.137801,10.82672146,high,0.271906525,low,12.32915256,18.23452335,0.555508433,medium,0.801467617,high,0.28184,low,0.487307,low
1,72,"9,10",9,10,3.354101966,Bottom Right,l,3.54,3.54,correct,FALSE,0.146642,4.842865959,low,0.178752532,low,10.02491233,10.40007359,0.543976362,medium,0.577367835,medium,0.272733,low,0.263515,low
1,73,"11,8",11,8,5.024937811,Bottom Left,m,1.38,1.38,correct,FALSE,0.502892,8.38158913,low,0.186747736,low,11.24587368,13.01680924,0.501628904,medium,0.585746516,medium,0.26396,low,0.427673,low
1,74,"4,5",4,5,4.031128874,Top Left,l,0.76,0.76,correct,FALSE,0.136479,8.881531158,medium,0.267210825,low,12.51184051,13.03479379,0.572692737,medium,0.696187913,medium,0.289533,low,0.554078,medium
1,75,"5,12",5,12,3.640054945,Top Right,l,1.32,1.32,correct,FALSE,0.14642,8.459853003,low,0.061378,low,11.75766421,13.21337404,0.433901126,medium,0.52457487,medium,0.292993,low,0.374829,low
1,76,"7,3",7,3,5.590169944,Bottom Left,h,did not see,did not see,incorrect,FALSE,0.774946,9.724362425,medium,0.197498191,low,14.74645657,13.75065309,0.475417485,medium,0.734164,high,0.791478,high,0.899087,high
1,77,"10,12",10,12,5.315072906,Bottom Right,h,did not see,did not see,incorrect,FALSE,0.737677,10.73877749,high,0.391478842,low,13.88322429,13.41302586,0.642355492,medium,0.698780103,medium,0.306243,low,0.359737,low
1,78,"5,2",5,2,6.576473219,Top Left,m,3.83,3.83,correct,FALSE,0.502767,12.18970349,high,0.370590399,low,12.53660953,16.26785348,0.578909406,medium,0.817709103,high,0.508171,medium,0.842493,high
1,79,"2,4",2,4,6.020797289,Top Left,l,0.79,0.79,correct,FALSE,0.134134,11.80467834,high,0.122054988,low,12.51678937,14.30177144,0.442517027,medium,0.571714239,medium,0.682246,medium,0.26678,low
1,80,"5,4",5,4,4.609772229,Top Left,l,2.52,2.52,correct,FALSE,0.136391,8.757408692,medium,0.090708,low,16.68725905,10.80687347,0.520577217,medium,0.421863859,medium,0.539504,medium,0.356104,low
1,81,"11,6",11,6,5.590169944,Bottom Left,l,5.96,5.96,correct,FALSE,0.138655,10.11144153,high,0.280991005,low,12.95081191,13.53206151,0.560805841,medium,0.59694758,medium,0.295198,low,0.276641,low
1,82,"8,2",8,2,6.800735254,Bottom Left,m,2.98,2.98,correct,FALSE,0.503689,10.48672742,high,0.323602818,low,13.37275327,14.35221457,0.604297192,medium,0.728889203,high,0.427817,low,0.494826,low
1,83,"2,5",2,5,5.315072906,Top Left,m,1.2,1.2,correct,FALSE,0.499479,9.882301288,medium,0.348527167,low,11.37682503,13.61966925,0.567416182,medium,0.6647829,medium,0.436669,low,0.593175,medium
1,84,"10,5",10,5,5.315072906,Bottom Left,l,did not see,did not see,incorrect,FALSE,0.137856,7.803767458,low,0.276825733,low,12.60270677,12.84937797,0.566765303,medium,0.708577117,high,0.202157,low,0.649259,medium
1,85,"6,1",6,1,7.5,Bottom Left,h,2.17,2.17,correct,FALSE,0.783743,8.069105067,low,0.315587139,low,14.13795403,11.04942283,0.698799689,medium,0.520001095,medium,0.464173,low,0.492382,low
1,86,"9,12",9,12,4.609772229,Bottom Right,m,1.12,1.12,correct,FALSE,0.499084,10.24915996,high,0.436772256,medium,11.75493408,16.89304023,0.653406285,medium,0.859242589,high,0.256873,low,0.324843,low
1,87,"1,9",1,9,5.024937811,Top Right,h,did not see,did not see,incorrect,FALSE,0.746658,4.614111186,low,0.149265881,low,10.49183059,9.696995934,0.512781742,medium,0.479681,medium,0.207347,low,0.183588,low
1,88,"3,13",3,13,5.408326913,Top Right,l,1.04,1.04,correct,FALSE,0.148752,7.830256908,low,0.087852,low,11.31387763,14.11025248,0.462885969,medium,0.559545804,medium,0.344234,low,0.327035,low
1,89,"6,10",6,10,1.5,Bottom Right,l,1.3,1.3,correct,FALSE,0.146857,11.94292328,high,0.210823548,low,11.88992384,18.3679121,0.506691517,medium,0.761694893,high,0.266352,low,0.499291,low
1,90,"4,3",4,3,5.852349955,Top Left,h,did not see,did not see,incorrect,FALSE,0.772261,9.899753,medium,0.08748,low,11.70435798,13.81879873,0.328804827,low,0.628036947,medium,0.232922,low,0.327436,low
1,91,"3,7",3,7,3.354101966,Top Left,l,2.92,2.92,correct,FALSE,0.138609,7.915379776,low,0.135603743,low,15.00597891,11.34854427,0.536714869,medium,0.567697923,medium,0.350456,low,0.343107,low
1,92,"8,14",8,14,5.852349955,Bottom Right,l,7.57 late,7.57,correct,TRUE,0.149415,4.954621676,low,0.185790744,low,12.97410347,9.090461796,0.702571619,high,0.438975857,medium,0.451169,low,0.355001,low
1,93,"3,11",3,11,3.905124838,Top Right,h,0.87,0.87,correct,FALSE,0.739741,12.97809717,high,0.57621325,medium,14.39417639,14.49449471,0.702438435,high,0.722998537,high,0.300628,low,0.368617,low
1,94,"9,9",9,9,3.041381265,Bottom Right,m,1.22,1.22,correct,FALSE,0.501961,7.549186365,low,0.261199008,low,8.747970419,18.6791846,0.440575101,medium,0.832337795,high,0.287744,low,0.277304,low
1,95,"5,16",5,16,7.566372975,Top Right,h,did not see,did not see,incorrect,FALSE,0.731307,10.95698507,high,0.480901337,medium,15.20775849,13.56801681,0.741333493,high,0.771739,high,0.474986,low,0.409619,low
1,96,"4,4",4,4,4.924428901,Top Left,h,0.76,0.76,correct,FALSE,0.771979,7.208511187,low,0.285060423,low,9.166194,16.83160892,0.500389391,medium,0.766199896,high,0.752833,high,0.835335,high
1,97,"2,3",2,3,6.800735254,Top Left,l,1.09,1.09,correct,FALSE,0.133655,10.56458774,high,0.430848026,medium,14.35243978,14.45106499,0.695856139,medium,0.813388525,high,0.375356,low,0.265063,low
1,98,"8,10",8,10,2.5,Bottom Right,h,0.97,0.97,correct,FALSE,0.741974,10.06407798,high,0.471237997,medium,12.8613049,13.91766946,0.659242311,medium,0.718854645,high,0.764273,high,0.849275,high
1,99,"5,7",5,7,1.802775638,Top Left,h,0.84,0.84,correct,FALSE,0.747937,9.302374,medium,0.146219451,low,10.57046,14.78080315,0.399254733,low,0.647512864,medium,0.69043,medium,0.785063,high
1,100,"4,8",4,8,2.061552813,Top Left,l,0.95,0.95,correct,FALSE,0.140752,7.796163948,low,0.243730855,low,14.63895589,10.95056531,0.657798728,medium,0.54002838,medium,0.320675,low,0.30832,low
2,1,"8,2",8,2,6.800735254,Bottom Left,m,did not see,did not see,incorrect,FALSE,0.503689,10.48672742,high,0.323602818,low,13.37275327,14.35221457,0.604297192,medium,0.728889203,high,0.427817,low,0.494826,low
2,2,"3,5",3,5,4.609772229,Top Left,h,7.47 late,7.47,incorrect,TRUE,0.757983,10.13658799,high,0.1985744,low,11.71430297,13.95804308,0.426211827,medium,0.650370153,medium,0.287501,low,0.371619,low
2,3,"3,11",3,11,3.905124838,Top Right,h,1.76,1.76,correct,FALSE,0.739741,12.97809717,high,0.57621325,medium,14.39417639,14.49449471,0.702438435,high,0.722998537,high,0.300628,low,0.368617,low
2,4,"4,1",4,1,7.762087348,Top Left,l,1.55,1.55,correct,FALSE,0.131703,10.19838024,high,0.218051144,low,10.22316355,15.72851359,0.427485508,medium,0.691529169,medium,0.220884,low,0.553676,medium
2,5,"1,10",1,10,5.220153254,Top Right,m,1.11,1.11,correct,FALSE,0.499959,10.32626235,high,0.286714527,low,11.19447818,14.2366771,0.497438751,medium,0.649467159,medium,0.563235,medium,0.678726,medium
2,6,"7,6",7,6,2.692582404,Bottom Left,h,0.96,0.96,correct,FALSE,0.756419,11.65619691,high,0.275797555,low,14.48470332,13.39998735,0.527994,medium,0.712493068,high,0.280259,low,0.343404,low
2,7,"5,5",5,5,3.640054945,Top Left,m,0.52,0.52,correct,FALSE,0.502465,11.24589236,high,0.273838784,low,14.15985759,13.58914319,0.562401451,medium,0.693121,medium,0.359365,low,0.346689,low
2,8,"2,9",2,9,4.031128874,Top Right,l,1.15,1.15,correct,FALSE,0.141383,5.259092283,low,0.191067006,low,7.472157105,15.11903036,0.407429085,medium,0.794420219,high,0.422637,low,0.339625,low
2,9,"3,5",3,5,4.609772229,Top Left,h,0.48,0.48,correct,FALSE,0.757983,10.13658799,high,0.1985744,low,11.71430297,13.95804308,0.426211827,medium,0.650370153,medium,0.287501,low,0.371619,low
2,10,"7,12",7,12,3.640054945,Bottom Right,h,1,1,correct,FALSE,0.739467,6.976369602,low,0.340689819,low,11.06907313,12.92668959,0.625368526,medium,0.716007003,high,0.745872,high,0.889333,high
2,11,"6,11",6,11,2.5,Bottom Right,h,0.6,0.6,correct,FALSE,0.739862,10.99470967,high,0.385230702,low,14.87441399,13.37617557,0.635635585,medium,0.69913905,medium,0.441565,low,0.4804,low
2,12,"3,6",3,6,3.905124838,Top Left,m,0.7,0.7,correct,FALSE,0.503727,7.764464,low,0.226812087,low,8.927291831,16.85548215,0.434222,medium,0.769897502,high,0.430121,low,0.489793,low
2,13,"7,10",7,10,1.802775638,Bottom Right,m,0.41,0.41,correct,FALSE,0.504616,8.846064443,medium,0.264185511,low,10.39642952,15.29320027,0.498121412,medium,0.767084075,high,0.482822,low,0.627348,medium
2,14,"10,11",10,11,4.716990566,Bottom Right,l,did not see,did not see,incorrect,FALSE,0.151233,10.4232526,high,0.15361466,low,10.79656751,16.32892687,0.415566775,medium,0.720374659,high,0.277529,low,0.680981,medium
2,15,"3,9",3,9,3.041381265,Top Right,m,0.78,0.78,correct,FALSE,0.504792,10.31849384,high,0.271206972,low,13.96853889,12.48458473,0.58159587,medium,0.615691469,medium,0.32786,low,0.308924,low
2,16,"5,10",5,10,1.802775638,Top Right,h,1.13,1.13,correct,FALSE,0.740714,9.932323,medium,0.239574697,low,12.3850021,14.83577161,0.506066175,medium,0.692409133,medium,0.753412,high,0.678145,medium
2,17,"7,15",7,15,6.576473219,Bottom Right,m,0.79,0.79,correct,FALSE,0.502179,7.377111724,low,0.375648,low,8.733071518,20.23847609,0.546844158,medium,0.885705169,high,0.509461,medium,0.880015,high
2,18,"6,9",6,9,0.5,Bottom Right,m,0.58,0.58,correct,FALSE,0.504844,8.173941,low,0.293603408,low,11.09340575,13.34785152,0.511369419,medium,0.68037281,medium,0.357873,low,0.275719,low
2,19,"1,5",1,5,6.103277808,Top Left,l,0.71,0.71,correct,FALSE,0.136468,8.949655165,medium,0.179499017,low,14.62175838,11.68992987,0.556387383,medium,0.547019886,medium,0.417885,low,0.495363,low
2,20,"1,4",1,4,6.726812024,Top Left,h,5.79,5.79,correct,FALSE,0.775971,9.826318,medium,0.18007873,low,12.10056338,13.42246571,0.422549622,medium,0.648673698,medium,0.358936,low,0.397134,low
2,21,"9,12",9,12,4.609772229,Bottom Right,m,1.09,1.09,correct,FALSE,0.499084,10.24915996,high,0.436772256,medium,11.75493408,16.89304023,0.653406285,medium,0.859242589,high,0.256873,low,0.324843,low
2,22,"5,5",5,5,3.640054945,Top Left,m,0.69,0.69,correct,FALSE,0.502465,11.24589236,high,0.273838784,low,14.15985759,13.58914319,0.562401451,medium,0.693121,medium,0.359365,low,0.346689,low
2,23,"9,11",9,11,3.905124838,Bottom Right,h,0.6,0.6,correct,FALSE,0.736154,8.760130193,medium,0.217604518,low,11.7019116,14.37227722,0.512020649,medium,0.729585118,high,0.657147,medium,0.740195,high
2,24,"7,9",7,9,1.118033989,Bottom Right,h,8.49 late,8.49,correct,TRUE,0.741072,10.47874979,high,0.105368632,low,13.97430586,14.12906901,0.400642002,medium,0.675553024,medium,0.215563,low,0.248952,low
2,25,"8,14",8,14,5.852349955,Bottom Right,l,4.96,4.96,correct,FALSE,0.149415,4.954621676,low,0.185790744,low,12.97410347,9.090461796,0.702571619,high,0.438975857,medium,0.451169,low,0.355001,low
2,26,"6,13",6,13,4.5,Bottom Right,l,1.11,1.11,correct,FALSE,0.149463,8.894658798,medium,0.198630146,low,10.14233311,14.99006896,0.434059046,medium,0.656537547,medium,0.607367,medium,0.435968,low
2,27,"4,16",4,16,7.762087348,Top Right,m,0.8,0.8,correct,FALSE,0.50125,8.299104911,low,0.286777541,low,11.34849756,14.97253819,0.558209,medium,0.772560469,high,0.41141,low,0.565303,medium
2,28,"6,6",6,6,2.5,Bottom Left,m,1.07,1.07,correct,FALSE,0.50213,9.303835705,medium,0.344452753,low,12.30512571,15.10671503,0.616769859,medium,0.778462511,high,0.495231,low,0.379595,low
2,29,"4,3",4,3,5.852349955,Top Left,h,0.7,0.7,correct,FALSE,0.772261,9.899753,medium,0.08748,low,11.70435798,13.81879873,0.328804827,low,0.628036947,medium,0.232922,low,0.327436,low
2,30,"11,6",11,6,5.590169944,Bottom Left,l,1.79,1.79,correct,FALSE,0.138655,10.11144153,high,0.280991005,low,12.95081191,13.53206151,0.560805841,medium,0.59694758,medium,0.295198,low,0.276641,low
2,31,"9,7",9,7,3.354101966,Bottom Left,l,3.01,3.01,correct,FALSE,0.139933,10.0626,high,0.16400719,low,14.65662339,13.56802904,0.536818127,medium,0.669926803,medium,0.341348,low,0.279165,low
2,32,"1,14",1,14,7.433034374,Top Right,h,1.08,1.08,correct,FALSE,0.736799,10.48444,high,0.269980479,low,12.62634897,13.54333989,0.496518415,medium,0.670272006,medium,0.656448,medium,0.815978,high
2,33,"2,5",2,5,5.315072906,Top Left,m,0.68,0.68,correct,FALSE,0.499479,9.882301288,medium,0.348527167,low,11.37682503,13.61966925,0.567416182,medium,0.6647829,medium,0.436669,low,0.593175,medium
2,34,"3,8",3,8,3.041381265,Top Left,h,0.69,0.69,correct,FALSE,0.747077,8.87526057,medium,0.431442666,medium,13.31413275,13.01872619,0.685711,medium,0.762279553,high,0.356156,low,0.374724,low
2,35,"8,4",8,4,4.924428901,Bottom Left,l,0.92,0.92,correct,FALSE,0.137801,10.82672146,high,0.271906525,low,12.32915256,18.23452335,0.555508433,medium,0.801467617,high,0.28184,low,0.487307,low
2,36,"10,12",10,12,5.315072906,Bottom Right,h,8.35 late,8.35,correct,TRUE,0.737677,10.73877749,high,0.391478842,low,13.88322429,13.41302586,0.642355492,medium,0.698780103,medium,0.306243,low,0.359737,low
2,37,"5,12",5,12,3.640054945,Top Right,l,0.7,0.7,correct,FALSE,0.14642,8.459853003,low,0.061378,low,11.75766421,13.21337404,0.433901126,medium,0.52457487,medium,0.292993,low,0.374829,low
2,38,"5,15",5,15,6.576473219,Top Right,h,4.16,4.16,correct,FALSE,0.734458,14.61259528,high,0.585803592,medium,16.08146739,17.26127998,0.746652017,high,0.882695024,high,0.396808,low,0.345057,low
2,39,"3,6",3,6,3.905124838,Top Left,m,0.69,0.69,correct,FALSE,0.503727,7.764464,low,0.226812087,low,8.927291831,16.85548215,0.434222,medium,0.769897502,high,0.430121,low,0.489793,low
2,40,"2,14",2,14,6.800735254,Top Right,l,0.71,0.71,correct,FALSE,0.153089,6.198447454,low,0.126601005,low,7.534082099,16.9978782,0.269930049,low,0.786624921,high,0.208594,low,0.843005,high
2,41,"8,6",8,6,3.201562119,Bottom Left,l,0.79,0.79,correct,FALSE,0.137514,6.58017712,low,0.175683828,low,11.78284776,11.33352803,0.549881338,medium,0.599510892,medium,0.261824,low,0.237724,low
2,42,"10,7",10,7,4.272001873,Bottom Left,m,4.39,4.39,correct,FALSE,0.508513,8.513237656,low,0.403968,medium,13.23805087,13.34985898,0.677701305,medium,0.793334185,high,0.264864,low,0.374528,low
2,43,"3,15",3,15,7.158910532,Top Right,l,0.68,0.68,correct,FALSE,0.1503,9.074487,medium,0.163994237,low,9.696648316,18.86998291,0.416280813,medium,0.762278638,high,0.394223,low,0.377542,low
2,44,"9,3",9,3,6.264982043,Bottom Left,m,did not see,did not see,incorrect,FALSE,0.500359,10.42570256,high,0.309994248,low,13.28985571,14.62567209,0.607134066,medium,0.71786737,high,0.629409,medium,0.703189,high
2,45,"4,8",4,8,2.061552813,Top Left,l,0.88,0.88,correct,FALSE,0.140752,7.796163948,low,0.243730855,low,14.63895589,10.95056531,0.657798728,medium,0.54002838,medium,0.320675,low,0.30832,low
2,46,"3,12",3,12,4.609772229,Top Right,m,0.69,0.69,correct,FALSE,0.503271,11.01952866,high,0.486262059,medium,12.98841629,16.65209115,0.682977,medium,0.854956468,high,0.324602,low,0.423311,low
2,47,"10,7",10,7,4.272001873,Bottom Left,m,1.09,1.09,correct,FALSE,0.508513,8.513237656,low,0.403968,medium,13.23805087,13.34985898,0.677701305,medium,0.793334185,high,0.264864,low,0.374528,low
2,48,"7,3",7,3,5.590169944,Bottom Left,h,2.23,2.23,correct,FALSE,0.774946,9.724362425,medium,0.197498191,low,14.74645657,13.75065309,0.475417485,medium,0.734164,high,0.791478,high,0.899087,high
2,49,"4,16",4,16,7.762087348,Top Right,m,did not see,did not see,incorrect,FALSE,0.50125,8.299104911,low,0.286777541,low,11.34849756,14.97253819,0.558209,medium,0.772560469,high,0.41141,low,0.565303,medium
2,50,"2,5",2,5,5.315072906,Top Left,m,0.66,0.66,correct,FALSE,0.499479,9.882301288,medium,0.348527167,low,11.37682503,13.61966925,0.567416182,medium,0.6647829,medium,0.436669,low,0.593175,medium
2,51,"9,4",9,4,5.408326913,Bottom Left,m,1.16,1.16,correct,FALSE,0.500631,9.10596,medium,0.292824624,low,11.29495284,13.62086718,0.518292385,medium,0.712222694,high,0.279565,low,0.346036,low
2,52,"7,13",7,13,4.609772229,Bottom Right,m,1.13,1.13,correct,FALSE,0.500695,8.19808684,low,0.391253477,low,10.44949291,15.81823347,0.604299494,medium,0.829366988,high,0.453987,low,0.412429,low
2,53,"3,2",3,2,7.158910532,Top Left,h,1.92,1.92,correct,FALSE,0.782826,9.207862,medium,0.068957,low,12.8432402,12.83890738,0.405530723,medium,0.554326117,medium,0.766983,high,0.868293,high
2,54,"10,10",10,10,4.272001873,Bottom Right,m,1.02,1.02,correct,FALSE,0.499534,9.648563,medium,0.261810297,low,11.97052117,14.50783338,0.54347749,medium,0.736437882,high,0.248511,low,0.310609,low
2,55,"6,15",6,15,6.5,Bottom Right,l,0.58,0.58,correct,FALSE,0.152267,9.618126041,medium,0.19610824,low,12.4081962,13.77561861,0.522964476,medium,0.647909571,medium,0.26877,low,0.249944,low
2,56,"4,12",4,12,4.031128874,Top Right,h,1.11,1.11,correct,FALSE,0.73963,12.75788073,high,0.582858012,medium,14.37935683,16.55274693,0.761275298,high,0.874402618,high,0.655942,medium,0.78649,high
2,57,"8,5",8,5,4.031128874,Bottom Left,m,0.77,0.77,correct,FALSE,0.49912,6.812006337,low,0.310318732,low,9.163600247,15.69251421,0.535395161,medium,0.817047539,high,0.535063,medium,0.876311,high
2,58,"1,6",1,6,5.590169944,Top Left,h,0.57,0.57,correct,FALSE,0.754725,8.856830277,medium,0.309107906,low,10.27276575,14.64687878,0.52115134,medium,0.721206637,high,0.33695,low,0.405107,low
2,59,"1,3",1,3,7.433034374,Top Left,h,1.77,1.77,correct,FALSE,0.777352,8.700985643,medium,0.180291529,low,12.53741084,13.09281069,0.495628437,medium,0.627498461,medium,0.271993,low,0.279534,low
2,60,"7,10",7,10,1.802775638,Bottom Right,m,did not see,did not see,incorrect,FALSE,0.504616,8.846064443,medium,0.264185511,low,10.39642952,15.29320027,0.498121412,medium,0.767084075,high,0.482822,low,0.627348,medium
2,61,"9,13",9,13,5.408326913,Bottom Right,l,2.33,2.33,correct,FALSE,0.149172,8.84052,medium,0.238928625,low,11.52561954,14.22189736,0.560865373,medium,0.648101,medium,0.311128,low,0.324536,low
2,62,"6,4",6,4,4.5,Bottom Left,m,0.68,0.68,correct,FALSE,0.498255,7.890527632,low,0.404747746,medium,11.55185821,12.99825815,0.686819458,medium,0.702595454,high,0.551387,medium,0.71188,high
2,63,"10,4",10,4,6.020797289,Bottom Left,h,did not see,did not see,incorrect,FALSE,0.766454,9.475999,medium,0.297819217,low,13.01867065,13.95055075,0.536236678,medium,0.749323814,high,0.468754,low,0.527345,medium
2,64,"7,13",7,13,4.609772229,Bottom Right,m,0.93,0.93,correct,FALSE,0.500695,8.19808684,low,0.391253477,low,10.44949291,15.81823347,0.604299494,medium,0.829366988,high,0.453987,low,0.412429,low
2,65,"3,5",3,5,4.609772229,Top Left,h,0.62,0.62,correct,FALSE,0.757983,10.13658799,high,0.1985744,low,11.71430297,13.95804308,0.426211827,medium,0.650370153,medium,0.287501,low,0.371619,low
2,66,"10,10",10,10,4.272001873,Bottom Right,m,1.57,1.57,correct,FALSE,0.499534,9.648563,medium,0.261810297,low,11.97052117,14.50783338,0.54347749,medium,0.736437882,high,0.248511,low,0.310609,low
2,67,"1,12",1,12,6.103277808,Top Right,h,did not see,did not see,incorrect,FALSE,0.734679,10.78471464,high,0.179079909,low,15.34391694,14.38535754,0.508477,medium,0.677180145,medium,0.33493,low,0.444266,low
2,68,"4,7",4,7,2.5,Top Left,m,0.74,0.74,correct,FALSE,0.501152,10.45108603,high,0.369602246,low,13.5879752,13.63761844,0.633729766,medium,0.711391657,high,0.578822,medium,0.878454,high
2,69,"6,9",6,9,0.5,Bottom Right,m,1.18,1.18,correct,FALSE,0.504844,8.173941,low,0.293603408,low,11.09340575,13.34785152,0.511369419,medium,0.68037281,medium,0.357873,low,0.275719,low
2,70,"5,1",5,1,7.566372975,Top Left,m,1.18,1.18,correct,FALSE,0.504358,8.963868659,medium,0.257528758,low,11.74972293,14.17658446,0.518899952,medium,0.760644914,high,0.296504,low,0.331203,low
2,71,"2,8",2,8,4.031128874,Top Left,m,0.59,0.59,correct,FALSE,0.496145,7.437528461,low,0.246270248,low,10.94292144,11.86846537,0.530839105,medium,0.515177493,medium,0.622473,medium,0.76804,high
2,72,"9,7",9,7,3.354101966,Bottom Left,l,did not see,did not see,incorrect,FALSE,0.139933,10.0626,high,0.16400719,low,14.65662339,13.56802904,0.536818127,medium,0.669926803,medium,0.341348,low,0.279165,low
2,73,"5,11",5,11,2.692582404,Top Right,m,0.71,0.71,correct,FALSE,0.505388,9.302464,medium,0.346448019,low,13.10872389,13.56997065,0.600633214,medium,0.709233661,high,0.456761,low,0.489285,low
2,74,"8,11",8,11,3.201562119,Bottom Right,m,did not see,did not see,incorrect,FALSE,0.499336,11.60434128,high,0.365012119,low,14.52275449,13.75396207,0.621860307,medium,0.714992648,high,0.297402,low,0.377662,low
2,75,"7,12",7,12,3.640054945,Bottom Right,h,1.36,1.36,correct,FALSE,0.739467,6.976369602,low,0.340689819,low,11.06907313,12.92668959,0.625368526,medium,0.716007003,high,0.745872,high,0.889333,high
2,76,"5,5",5,5,3.640054945,Top Left,m,0.72,0.72,correct,FALSE,0.502465,11.24589236,high,0.273838784,low,14.15985759,13.58914319,0.562401451,medium,0.693121,medium,0.359365,low,0.346689,low
2,77,"3,1",3,1,8.077747211,Top Left,h,0.77,0.77,correct,FALSE,0.78336,8.98651201,medium,0.199499889,low,11.12865666,12.92687642,0.428102361,medium,0.575487854,medium,0.336643,low,0.347331,low
2,78,"5,5",5,5,3.640054945,Top Left,m,0.62,0.62,correct,FALSE,0.502465,11.24589236,high,0.273838784,low,14.15985759,13.58914319,0.562401451,medium,0.693121,medium,0.359365,low,0.346689,low
2,79,"4,12",4,12,4.031128874,Top Right,h,1.27,1.27,correct,FALSE,0.73963,12.75788073,high,0.582858012,medium,14.37935683,16.55274693,0.761275298,high,0.874402618,high,0.655942,medium,0.78649,high
2,80,"9,9",9,9,3.041381265,Bottom Right,m,0.8,0.8,correct,FALSE,0.501961,7.549186365,low,0.261199008,low,8.747970419,18.6791846,0.440575101,medium,0.832337795,high,0.287744,low,0.277304,low
2,81,"11,8",11,8,5.024937811,Bottom Left,m,4.27,4.27,correct,FALSE,0.502892,8.38158913,low,0.186747736,low,11.24587368,13.01680924,0.501628904,medium,0.585746516,medium,0.26396,low,0.427673,low
2,82,"4,7",4,7,2.5,Top Left,m,0.61,0.61,correct,FALSE,0.501152,10.45108603,high,0.369602246,low,13.5879752,13.63761844,0.633729766,medium,0.711391657,high,0.578822,medium,0.878454,high
2,83,"2,15",2,15,7.632168761,Top Right,h,0.94,0.94,correct,FALSE,0.733042,7.190191084,low,0.362656063,low,9.38279328,13.76564234,0.551752233,medium,0.766353542,high,0.411468,low,0.391219,low
2,84,"2,10",2,10,4.272001873,Top Right,h,0.6,0.6,correct,FALSE,0.742032,10.62671603,high,0.172589076,low,12.72105262,13.472514,0.479026913,medium,0.597659753,medium,0.409177,low,0.337879,low
2,85,"4,11",4,11,3.201562119,Top Right,l,0.54,0.54,correct,FALSE,0.147533,9.491143,medium,0.351428353,low,10.57838121,14.90992107,0.513114,medium,0.78581271,high,0.25485,low,0.475575,low
2,86,"7,11",7,11,2.692582404,Bottom Right,l,5.56,5.56,correct,FALSE,0.147853,9.569433646,medium,0.158388029,low,14.32793183,11.50281917,0.525956898,medium,0.516750079,medium,0.351476,low,0.475164,low
2,87,"4,1",4,1,7.762087348,Top Left,l,0.66,0.66,correct,FALSE,0.131703,10.19838024,high,0.218051144,low,10.22316355,15.72851359,0.427485508,medium,0.691529169,medium,0.220884,low,0.553676,medium
2,88,"4,6",4,6,3.201562119,Top Left,h,0.95,0.95,correct,FALSE,0.754106,9.296781572,medium,0.211521854,low,12.15512509,12.68434359,0.516418304,medium,0.57710279,medium,0.415739,low,0.422205,low
2,89,"2,12",2,12,5.315072906,Top Right,l,5.63,5.63,correct,FALSE,0.147122,4.198022944,low,0.139917736,low,11.81424932,8.671105795,0.651215233,medium,0.324339742,low,0.463928,low,0.210546,low
2,90,"3,11",3,11,3.905124838,Top Right,h,0.57,0.57,correct,FALSE,0.739741,12.97809717,high,0.57621325,medium,14.39417639,14.49449471,0.702438435,high,0.722998537,high,0.300628,low,0.368617,low
2,91,"8,10",8,10,2.5,Bottom Right,h,1.37,1.37,correct,FALSE,0.741974,10.06407798,high,0.471237997,medium,12.8613049,13.91766946,0.659242311,medium,0.718854645,high,0.764273,high,0.849275,high
2,92,"4,11",4,11,3.201562119,Top Right,l,0.82,0.82,correct,FALSE,0.147533,9.491143,medium,0.351428353,low,10.57838121,14.90992107,0.513114,medium,0.78581271,high,0.25485,low,0.475575,low
2,93,"8,13",8,13,4.924428901,Bottom Right,h,1.92,1.92,correct,FALSE,0.733349,8.535357277,low,0.152199734,low,13.92567612,11.80376331,0.452735111,medium,0.619001128,medium,0.36034,low,0.389775,low
2,94,"6,5",6,5,3.5,Bottom Left,h,0.6,0.6,correct,FALSE,0.758518,9.521109396,medium,0.375644685,low,10.9699314,19.57951928,0.61443564,medium,0.85735487,high,0.27523,low,0.468925,low
2,95,"1,10",1,10,5.220153254,Top Right,m,0.85,0.85,correct,FALSE,0.499959,10.32626235,high,0.286714527,low,11.19447818,14.2366771,0.497438751,medium,0.649467159,medium,0.563235,medium,0.678726,medium
2,96,"4,10",4,10,2.5,Top Right,m,1.04,1.04,correct,FALSE,0.500548,9.500195729,medium,0.379485994,low,11.42713543,15.01084666,0.587086094,medium,0.82090987,high,0.378461,low,0.409957,low
2,97,"6,15",6,15,6.5,Bottom Right,l,0.52,0.52,correct,FALSE,0.152267,9.618126041,medium,0.19610824,low,12.4081962,13.77561861,0.522964476,medium,0.647909571,medium,0.26877,low,0.249944,low
2,98,"8,2",8,2,6.800735254,Bottom Left,m,1.01,1.01,correct,FALSE,0.503689,10.48672742,high,0.323602818,low,13.37275327,14.35221457,0.604297192,medium,0.728889203,high,0.427817,low,0.494826,low
2,99,"8,14",8,14,5.852349955,Bottom Right,l,2.83,2.83,correct,FALSE,0.149415,4.954621676,low,0.185790744,low,12.97410347,9.090461796,0.702571619,high,0.438975857,medium,0.451169,low,0.355001,low
2,100,"2,11",2,11,4.716990566,Top Right,m,0.82,0.82,correct,FALSE,0.507319,8.711511,medium,0.265492587,low,11.94884922,13.84177221,0.56425953,medium,0.697536209,medium,0.315344,low,0.50332,medium
3,1,"3,13",3,13,5.408326913,Top Right,l,early,early,incorrect,FALSE,0.148752,7.830256908,low,0.087852,low,11.31387763,14.11025248,0.462885969,medium,0.559545804,medium,0.344234,low,0.327035,low
3,2,"5,14",5,14,5.590169944,Top Right,l,did not see,did not see,incorrect,FALSE,0.148361,7.042300446,low,0.248229732,low,10.42296033,12.87568645,0.51788006,medium,0.693103962,medium,0.383289,low,0.622011,medium
3,3,"5,10",5,10,1.802775638,Top Right,h,did not see,did not see,incorrect,FALSE,0.740714,9.932323,medium,0.239574697,low,12.3850021,14.83577161,0.506066175,medium,0.692409133,medium,0.753412,high,0.678145,medium
3,4,"9,5",9,5,4.609772229,Bottom Left,h,did not see,did not see,incorrect,FALSE,0.755298,10.55875115,high,0.471726003,medium,13.03431237,13.87760958,0.724309,high,0.705077689,high,0.456023,low,0.465785,low
3,5,"9,6",9,6,3.905124838,Bottom Left,m,did not see,did not see,incorrect,FALSE,0.502667,8.725985556,medium,0.416661317,medium,11.24819177,14.54266132,0.628532,medium,0.777890291,high,0.529516,medium,0.826592,high
3,6,"5,12",5,12,3.640054945,Top Right,l,did not see,did not see,incorrect,FALSE,0.14642,8.459853003,low,0.061378,low,11.75766421,13.21337404,0.433901126,medium,0.52457487,medium,0.292993,low,0.374829,low
3,7,"6,4",6,4,4.5,Bottom Left,m,did not see,did not see,incorrect,FALSE,0.498255,7.890527632,low,0.404747746,medium,11.55185821,12.99825815,0.686819458,medium,0.702595454,high,0.551387,medium,0.71188,high
3,8,"5,5",5,5,3.640054945,Top Left,m,5.55,5.55,correct,FALSE,0.502465,11.24589236,high,0.273838784,low,14.15985759,13.58914319,0.562401451,medium,0.693121,medium,0.359365,low,0.346689,low
3,9,"3,4",3,4,5.408326913,Top Left,m,did not see,did not see,incorrect,FALSE,0.50103,8.780273627,medium,0.417624705,medium,10.29276997,18.19342967,0.625585228,medium,0.862712625,high,0.410524,low,0.395506,low
3,10,"2,12",2,12,5.315072906,Top Right,l,did not see,did not see,incorrect,FALSE,0.147122,4.198022944,low,0.139917736,low,11.81424932,8.671105795,0.651215233,medium,0.324339742,low,0.463928,low,0.210546,low
3,11,"10,8",10,8,4.031128874,Bottom Left,l,did not see,did not see,incorrect,FALSE,0.14553,9.794274695,medium,0.185166605,low,14.24197055,14.41046095,0.506931,medium,0.733222414,high,0.347868,low,0.354189,low
3,12,"3,1",3,1,8.077747211,Top Left,h,did not see,did not see,incorrect,FALSE,0.78336,8.98651201,medium,0.199499889,low,11.12865666,12.92687642,0.428102361,medium,0.575487854,medium,0.336643,low,0.347331,low
3,13,"10,8",10,8,4.031128874,Bottom Left,l,did not see,did not see,incorrect,FALSE,0.14553,9.794274695,medium,0.185166605,low,14.24197055,14.41046095,0.506931,medium,0.733222414,high,0.347868,low,0.354189,low
3,14,"10,9",10,9,4.031128874,Bottom Right,h,did not see,did not see,incorrect,FALSE,0.740666,7.720993015,low,0.09442,low,9.414941719,20.20555172,0.366135278,low,0.756319945,high,0.725229,high,0.872892,high
3,15,"5,12",5,12,3.640054945,Top Right,l,1.03,1.03,correct,FALSE,0.14642,8.459853003,low,0.061378,low,11.75766421,13.21337404,0.433901126,medium,0.52457487,medium,0.292993,low,0.374829,low
3,16,"10,10",10,10,4.272001873,Bottom Right,m,did not see,did not see,incorrect,FALSE,0.499534,9.648563,medium,0.261810297,low,11.97052117,14.50783338,0.54347749,medium,0.736437882,high,0.248511,low,0.310609,low
3,17,"4,4",4,4,4.924428901,Top Left,h,0.64,0.64,correct,FALSE,0.771979,7.208511187,low,0.285060423,low,9.166194,16.83160892,0.500389391,medium,0.766199896,high,0.752833,high,0.835335,high
3,18,"9,8",9,8,3.041381265,Bottom Left,h,8.80 late,8.8,correct,TRUE,0.742853,10.08127017,high,0.364950618,low,12.89123284,14.9176846,0.628290595,medium,0.787643318,high,0.332404,low,0.419661,low
3,19,"4,12",4,12,4.031128874,Top Right,h,did not see,did not see,incorrect,FALSE,0.73963,12.75788073,high,0.582858012,medium,14.37935683,16.55274693,0.761275298,high,0.874402618,high,0.655942,medium,0.78649,high
3,20,"4,15",4,15,6.800735254,Top Right,m,0.89,0.89,correct,FALSE,0.498275,7.867547353,low,0.335434947,low,11.27061811,13.98475212,0.633041731,medium,0.737636419,high,0.49275,low,0.860712,high
3,21,"3,7",3,7,3.354101966,Top Left,l,7.18 late,7.18,correct,TRUE,0.138609,7.915379776,low,0.135603743,low,15.00597891,11.34854427,0.536714869,medium,0.567697923,medium,0.350456,low,0.343107,low
3,22,"10,8",10,8,4.031128874,Bottom Left,l,did not see,did not see,incorrect,FALSE,0.14553,9.794274695,medium,0.185166605,low,14.24197055,14.41046095,0.506931,medium,0.733222414,high,0.347868,low,0.354189,low
3,23,"1,4",1,4,6.726812024,Top Left,h,did not see,did not see,incorrect,FALSE,0.775971,9.826318,medium,0.18007873,low,12.10056338,13.42246571,0.422549622,medium,0.648673698,medium,0.358936,low,0.397134,low
3,24,"3,6",3,6,3.905124838,Top Left,m,0.78,0.78,correct,FALSE,0.503727,7.764464,low,0.226812087,low,8.927291831,16.85548215,0.434222,medium,0.769897502,high,0.430121,low,0.489793,low
3,25,"10,4",10,4,6.020797289,Bottom Left,h,did not see,did not see,incorrect,FALSE,0.766454,9.475999,medium,0.297819217,low,13.01867065,13.95055075,0.536236678,medium,0.749323814,high,0.468754,low,0.527345,medium
3,26,"5,9",5,9,1.118033989,Top Right,l,0.9,0.9,correct,FALSE,0.144013,10.1573656,high,0.315364198,low,11.43292894,16.38790518,0.536672831,medium,0.808671829,high,0.262363,low,0.473711,low
3,27,"3,6",3,6,3.905124838,Top Left,m,0.71,0.71,correct,FALSE,0.503727,7.764464,low,0.226812087,low,8.927291831,16.85548215,0.434222,medium,0.769897502,high,0.430121,low,0.489793,low
3,28,"10,8",10,8,4.031128874,Bottom Left,l,0.77,0.77,correct,FALSE,0.14553,9.794274695,medium,0.185166605,low,14.24197055,14.41046095,0.506931,medium,0.733222414,high,0.347868,low,0.354189,low
3,29,"4,12",4,12,4.031128874,Top Right,h,did not see,did not see,incorrect,FALSE,0.73963,12.75788073,high,0.582858012,medium,14.37935683,16.55274693,0.761275298,high,0.874402618,high,0.655942,medium,0.78649,high
3,30,"7,12",7,12,3.640054945,Bottom Right,h,0.73,0.73,correct,FALSE,0.739467,6.976369602,low,0.340689819,low,11.06907313,12.92668959,0.625368526,medium,0.716007003,high,0.745872,high,0.889333,high
3,31,"3,1",3,1,8.077747211,Top Left,h,did not see,did not see,incorrect,FALSE,0.78336,8.98651201,medium,0.199499889,low,11.12865666,12.92687642,0.428102361,medium,0.575487854,medium,0.336643,low,0.347331,low
3,32,"8,8",8,8,2.061552813,Bottom Left,m,did not see,did not see,incorrect,FALSE,0.493819,7.823545292,low,0.214039562,low,10.49018996,13.59269788,0.461056536,medium,0.690899417,medium,0.416045,low,0.720582,high
3,33,"2,12",2,12,5.315072906,Top Right,l,did not see,did not see,incorrect,FALSE,0.147122,4.198022944,low,0.139917736,low,11.81424932,8.671105795,0.651215233,medium,0.324339742,low,0.463928,low,0.210546,low
3,34,"6,15",6,15,6.5,Bottom Right,l,did not see,did not see,incorrect,FALSE,0.152267,9.618126041,medium,0.19610824,low,12.4081962,13.77561861,0.522964476,medium,0.647909571,medium,0.26877,low,0.249944,low
3,35,"7,1",7,1,7.566372975,Bottom Left,l,7.87 late,7.87,correct,TRUE,0.132252,7.582976558,low,0.345801319,low,9.144453936,17.41873825,0.541548451,medium,0.866349973,high,0.213652,low,0.392083,low
3,36,"8,6",8,6,3.201562119,Bottom Left,l,did not see,did not see,incorrect,FALSE,0.137514,6.58017712,low,0.175683828,low,11.78284776,11.33352803,0.549881338,medium,0.599510892,medium,0.261824,low,0.237724,low
3,37,"3,1",3,1,8.077747211,Top Left,h,did not see,did not see,incorrect,FALSE,0.78336,8.98651201,medium,0.199499889,low,11.12865666,12.92687642,0.428102361,medium,0.575487854,medium,0.336643,low,0.347331,low
3,38,"5,4",5,4,4.609772229,Top Left,l,0.88,0.88,correct,FALSE,0.136391,8.757408692,medium,0.090708,low,16.68725905,10.80687347,0.520577217,medium,0.421863859,medium,0.539504,medium,0.356104,low
3,39,"11,11",11,11,5.590169944,Bottom Right,m,7.06 late,7.06,correct,TRUE,0.500313,7.72330069,low,0.243319301,low,14.53998244,10.58344222,0.636649044,medium,0.48022524,medium,0.609538,medium,0.67236,medium
3,40,"4,5",4,5,4.031128874,Top Left,l,1,1,correct,FALSE,0.136479,8.881531158,medium,0.267210825,low,12.51184051,13.03479379,0.572692737,medium,0.696187913,medium,0.289533,low,0.554078,medium
3,41,"2,3",2,3,6.800735254,Top Left,l,0.94,0.94,correct,FALSE,0.133655,10.56458774,high,0.430848026,medium,14.35243978,14.45106499,0.695856139,medium,0.813388525,high,0.375356,low,0.265063,low
3,42,"1,13",1,13,6.726812024,Top Right,m,did not see,did not see,incorrect,FALSE,0.49857,9.424437687,medium,0.102606722,low,10.59092374,17.55094477,0.402535668,medium,0.718065483,high,0.477183,low,0.378888,low
3,43,"3,11",3,11,3.905124838,Top Right,h,0.68,0.68,correct,FALSE,0.739741,12.97809717,high,0.57621325,medium,14.39417639,14.49449471,0.702438435,high,0.722998537,high,0.300628,low,0.368617,low
3,44,"5,6",5,6,2.692582404,Top Left,l,1.42,1.42,correct,FALSE,0.137007,11.85409478,high,0.301373005,low,13.55548575,15.32652697,0.575947742,medium,0.785880368,high,0.230773,low,0.809041,high
3,45,"1,11",1,11,5.590169944,Top Right,l,did not see,did not see,incorrect,FALSE,0.14591,10.34087244,high,0.174811309,low,12.78446874,16.312975,0.512083092,medium,0.738746642,high,0.319124,low,0.228091,low
3,46,"4,7",4,7,2.5,Top Left,m,0.88,0.88,correct,FALSE,0.501152,10.45108603,high,0.369602246,low,13.5879752,13.63761844,0.633729766,medium,0.711391657,high,0.578822,medium,0.878454,high
3,47,"6,2",6,2,6.5,Bottom Left,h,did not see,did not see,incorrect,FALSE,0.778935,15.62799797,high,0.675662359,medium,18.59302241,17.12269934,0.843946693,high,0.903996142,high,0.334572,low,0.32921,low
3,48,"10,13",10,13,6.020797289,Bottom Right,m,did not see,did not see,incorrect,FALSE,0.500591,10.06340683,high,0.298305425,low,10.13842924,19.49684594,0.474857724,medium,0.850984441,high,0.52999,medium,0.83216,high
3,49,"9,3",9,3,6.264982043,Bottom Left,m,did not see,did not see,incorrect,FALSE,0.500359,10.42570256,high,0.309994248,low,13.28985571,14.62567209,0.607134066,medium,0.71786737,high,0.629409,medium,0.703189,high
3,50,"1,5",1,5,6.103277808,Top Left,l,7.44 late,7.44,correct,TRUE,0.136468,8.949655165,medium,0.179499017,low,14.62175838,11.68992987,0.556387383,medium,0.547019886,medium,0.417885,low,0.495363,low
3,51,"6,14",6,14,5.5,Bottom Right,m,1.13,1.13,correct,FALSE,0.502396,8.910480767,medium,0.361857035,low,11.6861797,15.03899099,0.5946407,medium,0.807391859,high,0.544339,medium,0.80914,high
3,52,"9,6",9,6,3.905124838,Bottom Left,m,0.99,0.99,correct,FALSE,0.502667,8.725985556,medium,0.416661317,medium,11.24819177,14.54266132,0.628532,medium,0.777890291,high,0.529516,medium,0.826592,high
3,53,"9,8",9,8,3.041381265,Bottom Left,h,did not see,did not see,incorrect,FALSE,0.742853,10.08127017,high,0.364950618,low,12.89123284,14.9176846,0.628290595,medium,0.787643318,high,0.332404,low,0.419661,low
3,54,"10,8",10,8,4.031128874,Bottom Left,l,did not see,did not see,incorrect,FALSE,0.14553,9.794274695,medium,0.185166605,low,14.24197055,14.41046095,0.506931,medium,0.733222414,high,0.347868,low,0.354189,low
3,55,"2,6",2,6,4.716990566,Top Left,l,did not see,did not see,incorrect,FALSE,0.137677,9.56870836,medium,0.265540002,low,10.68589655,17.76339604,0.512944441,medium,0.817970532,high,0.211048,low,0.855506,high
3,56,"1,11",1,11,5.590169944,Top Right,l,4.35,4.35,correct,FALSE,0.14591,10.34087244,high,0.174811309,low,12.78446874,16.312975,0.512083092,medium,0.738746642,high,0.319124,low,0.228091,low
3,57,"6,16",6,16,7.5,Bottom Right,l,8.04 late,8.04,correct,TRUE,0.153924,14.03396787,high,0.28624245,low,14.23714988,16.69837,0.565897576,medium,0.797867769,high,0.246366,low,0.808382,high
3,58,"7,6",7,6,2.692582404,Bottom Left,h,1.08,1.08,correct,FALSE,0.756419,11.65619691,high,0.275797555,low,14.48470332,13.39998735,0.527994,medium,0.712493068,high,0.280259,low,0.343404,low
3,59,"7,8",7,8,1.118033989,Bottom Left,l,1.49,1.49,correct,FALSE,0.141446,8.907897251,medium,0.196729243,low,11.71109844,15.33970314,0.519486562,medium,0.678647,medium,0.510532,medium,0.30426,low
3,60,"9,7",9,7,3.354101966,Bottom Left,l,did not see,did not see,incorrect,FALSE,0.139933,10.0626,high,0.16400719,low,14.65662339,13.56802904,0.536818127,medium,0.669926803,medium,0.341348,low,0.279165,low
3,61,"7,5",7,5,3.640054945,Bottom Left,l,1.92,1.92,correct,FALSE,0.136619,8.412961428,low,0.28125962,low,16.88384777,10.6486613,0.744452681,high,0.485269067,medium,0.423673,low,0.42576,low
3,62,"3,3",3,3,6.264982043,Top Left,m,7.06 late,7.06,correct,TRUE,0.501834,9.203473626,medium,0.269606409,low,15.24917709,12.38486797,0.619907995,medium,0.670961945,medium,0.249213,low,0.374208,low
3,63,"3,16",3,16,8.077747211,Top Right,l,3.26,3.26,correct,FALSE,0.150855,8.534351401,low,0.321445976,low,13.35129939,12.6983491,0.641644397,medium,0.723125649,high,0.322746,low,0.454032,low
3,64,"6,13",6,13,4.5,Bottom Right,l,0.65,0.65,correct,FALSE,0.149463,8.894658798,medium,0.198630146,low,10.14233311,14.99006896,0.434059046,medium,0.656537547,medium,0.607367,medium,0.435968,low
3,65,"5,13",5,13,4.609772229,Top Right,h,0.66,0.66,correct,FALSE,0.736745,11.33257586,high,0.183858439,low,12.73454577,13.35596674,0.467911418,medium,0.584303587,medium,0.405053,low,0.448635,low
3,66,"2,9",2,9,4.031128874,Top Right,l,0.61,0.61,correct,FALSE,0.141383,5.259092283,low,0.191067006,low,7.472157105,15.11903036,0.407429085,medium,0.794420219,high,0.422637,low,0.339625,low
3,67,"5,10",5,10,1.802775638,Top Right,h,7.42 late,7.42,correct,TRUE,0.740714,9.932323,medium,0.239574697,low,12.3850021,14.83577161,0.506066175,medium,0.692409133,medium,0.753412,high,0.678145,medium
3,68,"7,9",7,9,1.118033989,Bottom Right,h,did not see,did not see,incorrect,FALSE,0.741072,10.47874979,high,0.105368632,low,13.97430586,14.12906901,0.400642002,medium,0.675553024,medium,0.215563,low,0.248952,low
3,69,"6,1",6,1,7.5,Bottom Left,h,0.67,0.67,correct,FALSE,0.783743,8.069105067,low,0.315587139,low,14.13795403,11.04942283,0.698799689,medium,0.520001095,medium,0.464173,low,0.492382,low
3,70,"8,5",8,5,4.031128874,Bottom Left,m,0.78,0.78,correct,FALSE,0.49912,6.812006337,low,0.310318732,low,9.163600247,15.69251421,0.535395161,medium,0.817047539,high,0.535063,medium,0.876311,high
3,71,"6,7",6,7,1.5,Bottom Left,l,0.63,0.63,correct,FALSE,0.140702,9.368791299,medium,0.253334812,low,10.28533586,20.54707722,0.498136795,medium,0.82694999,high,0.31958,low,0.609008,medium
3,72,"1,8",1,8,5.024937811,Top Left,l,did not see,did not see,incorrect,FALSE,0.140666,10.43548707,high,0.147774762,low,12.36143857,12.58136712,0.333545032,low,0.608577825,medium,0.198327,low,0.78928,high
3,73,"4,2",4,2,6.800735254,Top Left,l,early,early,incorrect,FALSE,0.132594,8.384166337,low,0.187199346,low,10.43115729,14.61057,0.474703557,medium,0.638381719,medium,0.659985,medium,0.502528,medium
3,74,"11,5",11,5,6.103277808,Bottom Left,m,did not see,did not see,incorrect,FALSE,0.49994,7.961968337,low,0.30969124,low,10.02452302,15.11988237,0.541161959,medium,0.78335509,high,0.437235,low,0.455353,low
3,75,"3,3",3,3,6.264982043,Top Left,m,5.68,5.68,correct,FALSE,0.501834,9.203473626,medium,0.269606409,low,15.24917709,12.38486797,0.619907995,medium,0.670961945,medium,0.249213,low,0.374208,low
3,76,"2,11",2,11,4.716990566,Top Right,m,0.7,0.7,correct,FALSE,0.507319,8.711511,medium,0.265492587,low,11.94884922,13.84177221,0.56425953,medium,0.697536209,medium,0.315344,low,0.50332,medium
3,77,"1,6",1,6,5.590169944,Top Left,h,0.56,0.56,correct,FALSE,0.754725,8.856830277,medium,0.309107906,low,10.27276575,14.64687878,0.52115134,medium,0.721206637,high,0.33695,low,0.405107,low
3,78,"1,11",1,11,5.590169944,Top Right,l,did not see,did not see,incorrect,FALSE,0.14591,10.34087244,high,0.174811309,low,12.78446874,16.312975,0.512083092,medium,0.738746642,high,0.319124,low,0.228091,low
3,79,"3,12",3,12,4.609772229,Top Right,m,0.56,0.56,correct,FALSE,0.503271,11.01952866,high,0.486262059,medium,12.98841629,16.65209115,0.682977,medium,0.854956468,high,0.324602,low,0.423311,low
3,80,"4,11",4,11,3.201562119,Top Right,l,0.64,0.64,correct,FALSE,0.147533,9.491143,medium,0.351428353,low,10.57838121,14.90992107,0.513114,medium,0.78581271,high,0.25485,low,0.475575,low
3,81,"7,4",7,4,4.609772229,Bottom Left,h,0.73,0.73,correct,FALSE,0.762415,9.644809178,medium,0.086051,low,9.657204442,16.28263827,0.258281309,low,0.722620507,high,0.387356,low,0.400922,low
3,82,"8,3",8,3,5.852349955,Bottom Left,l,4.35,4.35,correct,FALSE,0.132426,8.622265,low,0.330608731,low,12.90807718,12.5445627,0.668523,medium,0.630429519,medium,0.154598,low,0.922716,high
3,83,"2,13",2,13,6.020797289,Top Right,h,0.91,0.91,correct,FALSE,0.738029,10.64411116,high,0.13457586,low,12.52655438,14.81016024,0.37620482,low,0.700008516,high,0.311062,low,0.342227,low
3,84,"1,7",1,7,5.220153254,Top Left,m,0.7,0.7,correct,FALSE,0.503747,8.876649727,medium,0.210924652,low,9.93742363,17.05925232,0.451266934,medium,0.779103668,high,0.481094,low,0.822615,high
3,85,"6,16",6,16,7.5,Bottom Right,l,1.1,1.1,correct,FALSE,0.153924,14.03396787,high,0.28624245,low,14.23714988,16.69837,0.565897576,medium,0.797867769,high,0.246366,low,0.808382,high
3,86,"9,14",9,14,6.264982043,Bottom Right,m,did not see,did not see,incorrect,FALSE,0.501958,8.100082281,low,0.232398,low,10.25427901,14.93116493,0.483564504,medium,0.751513,high,0.331301,low,0.404129,low
3,87,"4,3",4,3,5.852349955,Top Left,h,0.73,0.73,correct,FALSE,0.772261,9.899753,medium,0.08748,low,11.70435798,13.81879873,0.328804827,low,0.628036947,medium,0.232922,low,0.327436,low
3,88,"10,13",10,13,6.020797289,Bottom Right,m,1.04,1.04,correct,FALSE,0.500591,10.06340683,high,0.298305425,low,10.13842924,19.49684594,0.474857724,medium,0.850984441,high,0.52999,medium,0.83216,high
3,89,"7,14",7,14,5.590169944,Bottom Right,h,0.68,0.68,correct,FALSE,0.730382,10.20810724,high,0.368456249,low,10.20322957,18.98257046,0.520062077,medium,0.858920336,high,0.657745,medium,0.844669,high
3,90,"1,8",1,8,5.024937811,Top Left,l,0.93,0.93,correct,FALSE,0.140666,10.43548707,high,0.147774762,low,12.36143857,12.58136712,0.333545032,low,0.608577825,medium,0.198327,low,0.78928,high
3,91,"6,15",6,15,6.5,Bottom Right,l,0.96,0.96,correct,FALSE,0.152267,9.618126041,medium,0.19610824,low,12.4081962,13.77561861,0.522964476,medium,0.647909571,medium,0.26877,low,0.249944,low
3,92,"5,9",5,9,1.118033989,Top Right,l,0.67,0.67,correct,FALSE,0.144013,10.1573656,high,0.315364198,low,11.43292894,16.38790518,0.536672831,medium,0.808671829,high,0.262363,low,0.473711,low
3,93,"4,14",4,14,5.852349955,Top Right,h,0.61,0.61,correct,FALSE,0.735171,11.88798567,high,0.457684982,medium,12.98160823,14.25592469,0.640851092,medium,0.74554436,high,0.620534,medium,0.690039,medium
3,94,"1,13",1,13,6.726812024,Top Right,m,0.98,0.98,correct,FALSE,0.49857,9.424437687,medium,0.102606722,low,10.59092374,17.55094477,0.402535668,medium,0.718065483,high,0.477183,low,0.378888,low
3,95,"2,11",2,11,4.716990566,Top Right,m,0.65,0.65,correct,FALSE,0.507319,8.711511,medium,0.265492587,low,11.94884922,13.84177221,0.56425953,medium,0.697536209,medium,0.315344,low,0.50332,medium
3,96,"5,6",5,6,2.692582404,Top Left,l,early,early,incorrect,FALSE,0.137007,11.85409478,high,0.301373005,low,13.55548575,15.32652697,0.575947742,medium,0.785880368,high,0.230773,low,0.809041,high
3,97,"10,11",10,11,4.716990566,Bottom Right,l,did not see,did not see,incorrect,FALSE,0.151233,10.4232526,high,0.15361466,low,10.79656751,16.32892687,0.415566775,medium,0.720374659,high,0.277529,low,0.680981,medium
3,98,"4,8",4,8,2.061552813,Top Left,l,did not see,did not see,incorrect,FALSE,0.140752,7.796163948,low,0.243730855,low,14.63895589,10.95056531,0.657798728,medium,0.54002838,medium,0.320675,low,0.30832,low
3,99,"4,9",4,9,2.061552813,Top Right,h,0.59,0.59,correct,FALSE,0.74565,9.568562195,medium,0.394468384,low,13.91901641,13.32669257,0.663254697,medium,0.759413784,high,0.406466,low,0.418488,low
3,100,"6,13",6,13,4.5,Bottom Right,l,1.43,1.43,correct,FALSE,0.149463,8.894658798,medium,0.198630146,low,10.14233311,14.99006896,0.434059046,medium,0.656537547,medium,0.607367,medium,0.435968,low
4,1,"2,3",2,3,6.800735254,Top Left,l,did not see,did not see,incorrect,FALSE,0.133655,10.56458774,high,0.430848026,medium,14.35243978,14.45106499,0.695856139,medium,0.813388525,high,0.375356,low,0.265063,low
4,2,"3,7",3,7,3.354101966,Top Left,l,8.32 late,8.32,correct,TRUE,0.138609,7.915379776,low,0.135603743,low,15.00597891,11.34854427,0.536714869,medium,0.567697923,medium,0.350456,low,0.343107,low
4,3,"3,7",3,7,3.354101966,Top Left,l,8.11 late,8.11,correct,TRUE,0.138609,7.915379776,low,0.135603743,low,15.00597891,11.34854427,0.536714869,medium,0.567697923,medium,0.350456,low,0.343107,low
4,4,"9,7",9,7,3.354101966,Bottom Left,l,did not see,did not see,incorrect,FALSE,0.139933,10.0626,high,0.16400719,low,14.65662339,13.56802904,0.536818127,medium,0.669926803,medium,0.341348,low,0.279165,low
4,5,"4,3",4,3,5.852349955,Top Left,h,1.71,1.71,correct,FALSE,0.772261,9.899753,medium,0.08748,low,11.70435798,13.81879873,0.328804827,low,0.628036947,medium,0.232922,low,0.327436,low
4,6,"5,13",5,13,4.609772229,Top Right,h,1.11,1.11,correct,FALSE,0.736745,11.33257586,high,0.183858439,low,12.73454577,13.35596674,0.467911418,medium,0.584303587,medium,0.405053,low,0.448635,low
4,7,"9,14",9,14,6.264982043,Bottom Right,m,1.09,1.09,correct,FALSE,0.501958,8.100082281,low,0.232398,low,10.25427901,14.93116493,0.483564504,medium,0.751513,high,0.331301,low,0.404129,low
4,8,"9,13",9,13,5.408326913,Bottom Right,l,1.11,1.11,correct,FALSE,0.149172,8.84052,medium,0.238928625,low,11.52561954,14.22189736,0.560865373,medium,0.648101,medium,0.311128,low,0.324536,low
4,9,"5,4",5,4,4.609772229,Top Left,l,0.97,0.97,correct,FALSE,0.136391,8.757408692,medium,0.090708,low,16.68725905,10.80687347,0.520577217,medium,0.421863859,medium,0.539504,medium,0.356104,low
4,10,"2,11",2,11,4.716990566,Top Right,m,0.99,0.99,correct,FALSE,0.507319,8.711511,medium,0.265492587,low,11.94884922,13.84177221,0.56425953,medium,0.697536209,medium,0.315344,low,0.50332,medium
4,11,"7,8",7,8,1.118033989,Bottom Left,l,0.93,0.93,correct,FALSE,0.141446,8.907897251,medium,0.196729243,low,11.71109844,15.33970314,0.519486562,medium,0.678647,medium,0.510532,medium,0.30426,low
4,12,"6,12",6,12,3.5,Bottom Right,m,0.59,0.59,correct,FALSE,0.500156,7.801163073,low,0.335256932,low,10.65907573,14.97632894,0.585893888,medium,0.806898182,high,0.331647,low,0.475351,low
4,13,"1,13",1,13,6.726812024,Top Right,m,1,1,correct,FALSE,0.49857,9.424437687,medium,0.102606722,low,10.59092374,17.55094477,0.402535668,medium,0.718065483,high,0.477183,low,0.378888,low
4,14,"7,16",7,16,7.566372975,Bottom Right,m,1.07,1.07,correct,FALSE,0.500357,8.320421817,low,0.28431279,low,12.83948864,11.43907949,0.658612976,medium,0.498369677,medium,0.369187,low,0.296237,low
4,15,"8,2",8,2,6.800735254,Bottom Left,m,0.96,0.96,correct,FALSE,0.503689,10.48672742,high,0.323602818,low,13.37275327,14.35221457,0.604297192,medium,0.728889203,high,0.427817,low,0.494826,low
4,16,"2,5",2,5,5.315072906,Top Left,m,0.71,0.71,correct,FALSE,0.499479,9.882301288,medium,0.348527167,low,11.37682503,13.61966925,0.567416182,medium,0.6647829,medium,0.436669,low,0.593175,medium
4,17,"9,12",9,12,4.609772229,Bottom Right,m,1.67,1.67,correct,FALSE,0.499084,10.24915996,high,0.436772256,medium,11.75493408,16.89304023,0.653406285,medium,0.859242589,high,0.256873,low,0.324843,low
4,18,"10,6",10,6,4.716990566,Bottom Left,h,1.48,1.48,correct,FALSE,0.749555,9.93544233,medium,0.334959898,low,16.19531718,11.9445738,0.673408807,medium,0.601764,medium,0.230714,low,0.194986,low
4,19,"5,2",5,2,6.576473219,Top Left,m,0.81,0.81,correct,FALSE,0.502767,12.18970349,high,0.370590399,low,12.53660953,16.26785348,0.578909406,medium,0.817709103,high,0.508171,medium,0.842493,high
4,20,"4,14",4,14,5.852349955,Top Right,h,0.68,0.68,correct,FALSE,0.735171,11.88798567,high,0.457684982,medium,12.98160823,14.25592469,0.640851092,medium,0.74554436,high,0.620534,medium,0.690039,medium
4,21,"6,3",6,3,5.5,Bottom Left,m,0.58,0.58,correct,FALSE,0.500691,7.751437064,low,0.24050262,low,10.94020342,12.67649773,0.495544829,medium,0.642383,medium,0.596495,medium,0.735515,high
4,22,"7,10",7,10,1.802775638,Bottom Right,m,0.83,0.83,correct,FALSE,0.504616,8.846064443,medium,0.264185511,low,10.39642952,15.29320027,0.498121412,medium,0.767084075,high,0.482822,low,0.627348,medium
4,23,"10,8",10,8,4.031128874,Bottom Left,l,4.39,4.39,correct,FALSE,0.14553,9.794274695,medium,0.185166605,low,14.24197055,14.41046095,0.506931,medium,0.733222414,high,0.347868,low,0.354189,low
4,24,"7,14",7,14,5.590169944,Bottom Right,h,0.66,0.66,correct,FALSE,0.730382,10.20810724,high,0.368456249,low,10.20322957,18.98257046,0.520062077,medium,0.858920336,high,0.657745,medium,0.844669,high
4,25,"4,13",4,13,4.924428901,Top Right,m,0.7,0.7,correct,FALSE,0.501955,8.517266207,low,0.320700471,low,9.451031975,21.99689751,0.520800385,medium,0.866837749,high,0.510757,medium,0.852494,high
4,26,"2,11",2,11,4.716990566,Top Right,m,0.91,0.91,correct,FALSE,0.507319,8.711511,medium,0.265492587,low,11.94884922,13.84177221,0.56425953,medium,0.697536209,medium,0.315344,low,0.50332,medium
4,27,"9,6",9,6,3.905124838,Bottom Left,m,0.83,0.83,correct,FALSE,0.502667,8.725985556,medium,0.416661317,medium,11.24819177,14.54266132,0.628532,medium,0.777890291,high,0.529516,medium,0.826592,high
4,28,"11,10",11,10,5.220153254,Bottom Right,h,did not see,did not see,incorrect,FALSE,0.7424,7.486701604,low,0.319743383,low,11.55579275,12.08806228,0.593751088,medium,0.661036,medium,0.472472,low,0.497795,low
4,29,"2,12",2,12,5.315072906,Top Right,l,3.95,3.95,correct,FALSE,0.147122,4.198022944,low,0.139917736,low,11.81424932,8.671105795,0.651215233,medium,0.324339742,low,0.463928,low,0.210546,low
4,30,"7,12",7,12,3.640054945,Bottom Right,h,1.04,1.04,correct,FALSE,0.739467,6.976369602,low,0.340689819,low,11.06907313,12.92668959,0.625368526,medium,0.716007003,high,0.745872,high,0.889333,high
4,31,"4,7",4,7,2.5,Top Left,m,1.24,1.24,correct,FALSE,0.501152,10.45108603,high,0.369602246,low,13.5879752,13.63761844,0.633729766,medium,0.711391657,high,0.578822,medium,0.878454,high
4,32,"2,7",2,7,4.272001873,Top Left,h,1.8,1.8,correct,FALSE,0.750853,10.83670903,high,0.346841904,low,13.92310566,13.91547688,0.600680487,medium,0.745452,high,0.392602,low,0.384493,low
4,33,"1,9",1,9,5.024937811,Top Right,h,5.96,5.96,correct,FALSE,0.746658,4.614111186,low,0.149265881,low,10.49183059,9.696995934,0.512781742,medium,0.479681,medium,0.207347,low,0.183588,low
4,34,"2,11",2,11,4.716990566,Top Right,m,0.8,0.8,correct,FALSE,0.507319,8.711511,medium,0.265492587,low,11.94884922,13.84177221,0.56425953,medium,0.697536209,medium,0.315344,low,0.50332,medium
4,35,"9,7",9,7,3.354101966,Bottom Left,l,1.99,1.99,correct,FALSE,0.139933,10.0626,high,0.16400719,low,14.65662339,13.56802904,0.536818127,medium,0.669926803,medium,0.341348,low,0.279165,low
4,36,"9,4",9,4,5.408326913,Bottom Left,m,0.77,0.77,correct,FALSE,0.500631,9.10596,medium,0.292824624,low,11.29495284,13.62086718,0.518292385,medium,0.712222694,high,0.279565,low,0.346036,low
4,37,"3,4",3,4,5.408326913,Top Left,m,0.61,0.61,correct,FALSE,0.50103,8.780273627,medium,0.417624705,medium,10.29276997,18.19342967,0.625585228,medium,0.862712625,high,0.410524,low,0.395506,low
4,38,"7,2",7,2,6.576473219,Bottom Left,l,0.99,0.99,correct,FALSE,0.133131,9.29780517,medium,0.072964,low,13.80752412,11.36289305,0.381276229,low,0.45500579,medium,0.248192,low,0.476955,low
4,39,"11,6",11,6,5.590169944,Bottom Left,l,2,2,correct,FALSE,0.138655,10.11144153,high,0.280991005,low,12.95081191,13.53206151,0.560805841,medium,0.59694758,medium,0.295198,low,0.276641,low
4,40,"5,10",5,10,1.802775638,Top Right,h,0.63,0.63,correct,FALSE,0.740714,9.932323,medium,0.239574697,low,12.3850021,14.83577161,0.506066175,medium,0.692409133,medium,0.753412,high,0.678145,medium
4,41,"8,13",8,13,4.924428901,Bottom Right,h,1,1,correct,FALSE,0.733349,8.535357277,low,0.152199734,low,13.92567612,11.80376331,0.452735111,medium,0.619001128,medium,0.36034,low,0.389775,low
4,42,"1,7",1,7,5.220153254,Top Left,m,0.72,0.72,correct,FALSE,0.503747,8.876649727,medium,0.210924652,low,9.93742363,17.05925232,0.451266934,medium,0.779103668,high,0.481094,low,0.822615,high
4,43,"9,6",9,6,3.905124838,Bottom Left,m,0.69,0.69,correct,FALSE,0.502667,8.725985556,medium,0.416661317,medium,11.24819177,14.54266132,0.628532,medium,0.777890291,high,0.529516,medium,0.826592,high
4,44,"6,3",6,3,5.5,Bottom Left,m,0.71,0.71,correct,FALSE,0.500691,7.751437064,low,0.24050262,low,10.94020342,12.67649773,0.495544829,medium,0.642383,medium,0.596495,medium,0.735515,high
4,45,"3,14",3,14,6.264982043,Top Right,m,0.57,0.57,correct,FALSE,0.499892,8.937116676,medium,0.307539235,low,11.82424497,12.43097484,0.52331,medium,0.615030286,medium,0.6662,medium,0.656165,medium
4,46,"10,5",10,5,5.315072906,Bottom Left,l,1.97,1.97,correct,FALSE,0.137856,7.803767458,low,0.276825733,low,12.60270677,12.84937797,0.566765303,medium,0.708577117,high,0.202157,low,0.649259,medium
4,47,"4,8",4,8,2.061552813,Top Left,l,0.64,0.64,correct,FALSE,0.140752,7.796163948,low,0.243730855,low,14.63895589,10.95056531,0.657798728,medium,0.54002838,medium,0.320675,low,0.30832,low
4,48,"6,12",6,12,3.5,Bottom Right,m,0.71,0.71,correct,FALSE,0.500156,7.801163073,low,0.335256932,low,10.65907573,14.97632894,0.585893888,medium,0.806898182,high,0.331647,low,0.475351,low
4,49,"5,16",5,16,7.566372975,Top Right,h,0.79,0.79,correct,FALSE,0.731307,10.95698507,high,0.480901337,medium,15.20775849,13.56801681,0.741333493,high,0.771739,high,0.474986,low,0.409619,low
4,50,"7,11",7,11,2.692582404,Bottom Right,l,0.61,0.61,correct,FALSE,0.147853,9.569433646,medium,0.158388029,low,14.32793183,11.50281917,0.525956898,medium,0.516750079,medium,0.351476,low,0.475164,low
4,51,"10,8",10,8,4.031128874,Bottom Left,l,4.09,4.09,correct,FALSE,0.14553,9.794274695,medium,0.185166605,low,14.24197055,14.41046095,0.506931,medium,0.733222414,high,0.347868,low,0.354189,low
4,52,"4,15",4,15,6.800735254,Top Right,m,0.77,0.77,correct,FALSE,0.498275,7.867547353,low,0.335434947,low,11.27061811,13.98475212,0.633041731,medium,0.737636419,high,0.49275,low,0.860712,high
4,53,"11,5",11,5,6.103277808,Bottom Left,m,1.53,1.53,correct,FALSE,0.49994,7.961968337,low,0.30969124,low,10.02452302,15.11988237,0.541161959,medium,0.78335509,high,0.437235,low,0.455353,low
4,54,"4,15",4,15,6.800735254,Top Right,m,0.59,0.59,correct,FALSE,0.498275,7.867547353,low,0.335434947,low,11.27061811,13.98475212,0.633041731,medium,0.737636419,high,0.49275,low,0.860712,high
4,55,"1,3",1,3,7.433034374,Top Left,h,1.06,1.06,correct,FALSE,0.777352,8.700985643,medium,0.180291529,low,12.53741084,13.09281069,0.495628437,medium,0.627498461,medium,0.271993,low,0.279534,low
4,56,"11,12",11,12,6.103277808,Bottom Right,l,7.47 late,7.47,correct,TRUE,0.149208,6.964910345,low,0.205383878,low,11.37227671,11.36056335,0.513272278,medium,0.60665,medium,0.250617,low,0.465814,low
4,57,"9,4",9,4,5.408326913,Bottom Left,m,1.36,1.36,correct,FALSE,0.500631,9.10596,medium,0.292824624,low,11.29495284,13.62086718,0.518292385,medium,0.712222694,high,0.279565,low,0.346036,low
4,58,"10,4",10,4,6.020797289,Bottom Left,h,did not see,did not see,incorrect,FALSE,0.766454,9.475999,medium,0.297819217,low,13.01867065,13.95055075,0.536236678,medium,0.749323814,high,0.468754,low,0.527345,medium
4,59,"2,15",2,15,7.632168761,Top Right,h,0.92,0.92,correct,FALSE,0.733042,7.190191084,low,0.362656063,low,9.38279328,13.76564234,0.551752233,medium,0.766353542,high,0.411468,low,0.391219,low
4,60,"10,12",10,12,5.315072906,Bottom Right,h,2.22,2.22,correct,FALSE,0.737677,10.73877749,high,0.391478842,low,13.88322429,13.41302586,0.642355492,medium,0.698780103,medium,0.306243,low,0.359737,low
4,61,"3,14",3,14,6.264982043,Top Right,m,0.76,0.76,correct,FALSE,0.499892,8.937116676,medium,0.307539235,low,11.82424497,12.43097484,0.52331,medium,0.615030286,medium,0.6662,medium,0.656165,medium
4,62,"10,11",10,11,4.716990566,Bottom Right,l,did not see,did not see,incorrect,FALSE,0.151233,10.4232526,high,0.15361466,low,10.79656751,16.32892687,0.415566775,medium,0.720374659,high,0.277529,low,0.680981,medium
4,63,"8,15",8,15,6.800735254,Bottom Right,h,1.04,1.04,correct,FALSE,0.734422,8.71238593,medium,0.197689989,low,9.394358316,14.47228739,0.326145567,low,0.696217668,medium,0.591615,medium,0.755431,high
4,64,"6,14",6,14,5.5,Bottom Right,m,0.76,0.76,correct,FALSE,0.502396,8.910480767,medium,0.361857035,low,11.6861797,15.03899099,0.5946407,medium,0.807391859,high,0.544339,medium,0.80914,high
4,65,"4,15",4,15,6.800735254,Top Right,m,0.61,0.61,correct,FALSE,0.498275,7.867547353,low,0.335434947,low,11.27061811,13.98475212,0.633041731,medium,0.737636419,high,0.49275,low,0.860712,high
4,66,"11,10",11,10,5.220153254,Bottom Right,h,did not see,did not see,incorrect,FALSE,0.7424,7.486701604,low,0.319743383,low,11.55579275,12.08806228,0.593751088,medium,0.661036,medium,0.472472,low,0.497795,low
4,67,"8,2",8,2,6.800735254,Bottom Left,m,0.9,0.9,correct,FALSE,0.503689,10.48672742,high,0.323602818,low,13.37275327,14.35221457,0.604297192,medium,0.728889203,high,0.427817,low,0.494826,low
4,68,"1,12",1,12,6.103277808,Top Right,h,8.19 late,8.19,correct,TRUE,0.734679,10.78471464,high,0.179079909,low,15.34391694,14.38535754,0.508477,medium,0.677180145,medium,0.33493,low,0.444266,low
4,69,"3,1",3,1,8.077747211,Top Left,h,0.77,0.77,correct,FALSE,0.78336,8.98651201,medium,0.199499889,low,11.12865666,12.92687642,0.428102361,medium,0.575487854,medium,0.336643,low,0.347331,low
4,70,"3,12",3,12,4.609772229,Top Right,m,0.69,0.69,correct,FALSE,0.503271,11.01952866,high,0.486262059,medium,12.98841629,16.65209115,0.682977,medium,0.854956468,high,0.324602,low,0.423311,low
4,71,"5,3",5,3,5.590169944,Top Left,l,0.66,0.66,correct,FALSE,0.1342,9.967776817,medium,0.331556565,low,11.66729724,18.18540653,0.585238831,medium,0.847005986,high,0.293884,low,0.236578,low
4,72,"5,11",5,11,2.692582404,Top Right,m,0.54,0.54,correct,FALSE,0.505388,9.302464,medium,0.346448019,low,13.10872389,13.56997065,0.600633214,medium,0.709233661,high,0.456761,low,0.489285,low
4,73,"1,4",1,4,6.726812024,Top Left,h,0.82,0.82,correct,FALSE,0.775971,9.826318,medium,0.18007873,low,12.10056338,13.42246571,0.422549622,medium,0.648673698,medium,0.358936,low,0.397134,low
4,74,"4,4",4,4,4.924428901,Top Left,h,early,early,incorrect,FALSE,0.771979,7.208511187,low,0.285060423,low,9.166194,16.83160892,0.500389391,medium,0.766199896,high,0.752833,high,0.835335,high
4,75,"3,3",3,3,6.264982043,Top Left,m,1.17,1.17,correct,FALSE,0.501834,9.203473626,medium,0.269606409,low,15.24917709,12.38486797,0.619907995,medium,0.670961945,medium,0.249213,low,0.374208,low
4,76,"4,15",4,15,6.800735254,Top Right,m,did not see,did not see,incorrect,FALSE,0.498275,7.867547353,low,0.335434947,low,11.27061811,13.98475212,0.633041731,medium,0.737636419,high,0.49275,low,0.860712,high
4,77,"8,14",8,14,5.852349955,Bottom Right,l,did not see,did not see,incorrect,FALSE,0.149415,4.954621676,low,0.185790744,low,12.97410347,9.090461796,0.702571619,high,0.438975857,medium,0.451169,low,0.355001,low
4,78,"11,11",11,11,5.590169944,Bottom Right,m,did not see,did not see,incorrect,FALSE,0.500313,7.72330069,low,0.243319301,low,14.53998244,10.58344222,0.636649044,medium,0.48022524,medium,0.609538,medium,0.67236,medium
4,79,"7,13",7,13,4.609772229,Bottom Right,m,0.67,0.67,correct,FALSE,0.500695,8.19808684,low,0.391253477,low,10.44949291,15.81823347,0.604299494,medium,0.829366988,high,0.453987,low,0.412429,low
4,80,"9,4",9,4,5.408326913,Bottom Left,m,1.04,1.04,correct,FALSE,0.500631,9.10596,medium,0.292824624,low,11.29495284,13.62086718,0.518292385,medium,0.712222694,high,0.279565,low,0.346036,low
4,81,"2,6",2,6,4.716990566,Top Left,l,0.62,0.62,correct,FALSE,0.137677,9.56870836,medium,0.265540002,low,10.68589655,17.76339604,0.512944441,medium,0.817970532,high,0.211048,low,0.855506,high
4,82,"2,3",2,3,6.800735254,Top Left,l,1.52,1.52,correct,FALSE,0.133655,10.56458774,high,0.430848026,medium,14.35243978,14.45106499,0.695856139,medium,0.813388525,high,0.375356,low,0.265063,low
4,83,"6,7",6,7,1.5,Bottom Left,l,0.61,0.61,correct,FALSE,0.140702,9.368791299,medium,0.253334812,low,10.28533586,20.54707722,0.498136795,medium,0.82694999,high,0.31958,low,0.609008,medium
4,84,"2,10",2,10,4.272001873,Top Right,h,0.58,0.58,correct,FALSE,0.742032,10.62671603,high,0.172589076,low,12.72105262,13.472514,0.479026913,medium,0.597659753,medium,0.409177,low,0.337879,low
4,85,"3,13",3,13,5.408326913,Top Right,l,0.62,0.62,correct,FALSE,0.148752,7.830256908,low,0.087852,low,11.31387763,14.11025248,0.462885969,medium,0.559545804,medium,0.344234,low,0.327035,low
4,86,"4,15",4,15,6.800735254,Top Right,m,0.65,0.65,correct,FALSE,0.498275,7.867547353,low,0.335434947,low,11.27061811,13.98475212,0.633041731,medium,0.737636419,high,0.49275,low,0.860712,high
4,87,"8,8",8,8,2.061552813,Bottom Left,m,0.93,0.93,correct,FALSE,0.493819,7.823545292,low,0.214039562,low,10.49018996,13.59269788,0.461056536,medium,0.690899417,medium,0.416045,low,0.720582,high
4,88,"4,8",4,8,2.061552813,Top Left,l,0.62,0.62,correct,FALSE,0.140752,7.796163948,low,0.243730855,low,14.63895589,10.95056531,0.657798728,medium,0.54002838,medium,0.320675,low,0.30832,low
4,89,"1,4",1,4,6.726812024,Top Left,h,0.77,0.77,correct,FALSE,0.775971,9.826318,medium,0.18007873,low,12.10056338,13.42246571,0.422549622,medium,0.648673698,medium,0.358936,low,0.397134,low
4,90,"5,8",5,8,1.118033989,Top Left,m,0.57,0.57,correct,FALSE,0.497437,11.394567,high,0.45873101,medium,13.99918661,15.82898247,0.691293555,medium,0.842318768,high,0.388635,low,0.537615,medium
4,91,"5,9",5,9,1.118033989,Top Right,l,0.65,0.65,correct,FALSE,0.144013,10.1573656,high,0.315364198,low,11.43292894,16.38790518,0.536672831,medium,0.808671829,high,0.262363,low,0.473711,low
4,92,"3,14",3,14,6.264982043,Top Right,m,0.95,0.95,correct,FALSE,0.499892,8.937116676,medium,0.307539235,low,11.82424497,12.43097484,0.52331,medium,0.615030286,medium,0.6662,medium,0.656165,medium
4,93,"6,5",6,5,3.5,Bottom Left,h,0.61,0.61,correct,FALSE,0.758518,9.521109396,medium,0.375644685,low,10.9699314,19.57951928,0.61443564,medium,0.85735487,high,0.27523,low,0.468925,low
4,94,"6,15",6,15,6.5,Bottom Right,l,0.63,0.63,correct,FALSE,0.152267,9.618126041,medium,0.19610824,low,12.4081962,13.77561861,0.522964476,medium,0.647909571,medium,0.26877,low,0.249944,low
4,95,"2,9",2,9,4.031128874,Top Right,l,0.66,0.66,correct,FALSE,0.141383,5.259092283,low,0.191067006,low,7.472157105,15.11903036,0.407429085,medium,0.794420219,high,0.422637,low,0.339625,low
4,96,"8,11",8,11,3.201562119,Bottom Right,m,0.72,0.72,correct,FALSE,0.499336,11.60434128,high,0.365012119,low,14.52275449,13.75396207,0.621860307,medium,0.714992648,high,0.297402,low,0.377662,low
4,97,"8,2",8,2,6.800735254,Bottom Left,m,0.98,0.98,correct,FALSE,0.503689,10.48672742,high,0.323602818,low,13.37275327,14.35221457,0.604297192,medium,0.728889203,high,0.427817,low,0.494826,low
4,98,"6,9",6,9,0.5,Bottom Right,m,0.68,0.68,correct,FALSE,0.504844,8.173941,low,0.293603408,low,11.09340575,13.34785152,0.511369419,medium,0.68037281,medium,0.357873,low,0.275719,low
4,99,"1,4",1,4,6.726812024,Top Left,h,0.75,0.75,correct,FALSE,0.775971,9.826318,medium,0.18007873,low,12.10056338,13.42246571,0.422549622,medium,0.648673698,medium,0.358936,low,0.397134,low
4,100,"11,11",11,11,5.590169944,Bottom Right,m,1.74,1.74,incorrect,FALSE,0.500313,7.72330069,low,0.243319301,low,14.53998244,10.58344222,0.636649044,medium,0.48022524,medium,0.609538,medium,0.67236,medium
5,1,"3,2",3,2,7.158910532,Top Left,h,8.63 late,8.63,correct,TRUE,0.782826,9.207862,medium,0.068957,low,12.8432402,12.83890738,0.405530723,medium,0.554326117,medium,0.766983,high,0.868293,high
5,2,"1,13",1,13,6.726812024,Top Right,m,did not see,did not see,incorrect,FALSE,0.49857,9.424437687,medium,0.102606722,low,10.59092374,17.55094477,0.402535668,medium,0.718065483,high,0.477183,low,0.378888,low
5,3,"10,4",10,4,6.020797289,Bottom Left,h,did not see,did not see,incorrect,FALSE,0.766454,9.475999,medium,0.297819217,low,13.01867065,13.95055075,0.536236678,medium,0.749323814,high,0.468754,low,0.527345,medium
5,4,"2,6",2,6,4.716990566,Top Left,l,did not see,did not see,incorrect,FALSE,0.137677,9.56870836,medium,0.265540002,low,10.68589655,17.76339604,0.512944441,medium,0.817970532,high,0.211048,low,0.855506,high
5,5,"3,13",3,13,5.408326913,Top Right,l,did not see,did not see,incorrect,FALSE,0.148752,7.830256908,low,0.087852,low,11.31387763,14.11025248,0.462885969,medium,0.559545804,medium,0.344234,low,0.327035,low
5,6,"5,2",5,2,6.576473219,Top Left,m,0.97,0.97,correct,FALSE,0.502767,12.18970349,high,0.370590399,low,12.53660953,16.26785348,0.578909406,medium,0.817709103,high,0.508171,medium,0.842493,high
5,7,"2,10",2,10,4.272001873,Top Right,h,0.82,0.82,correct,FALSE,0.742032,10.62671603,high,0.172589076,low,12.72105262,13.472514,0.479026913,medium,0.597659753,medium,0.409177,low,0.337879,low
5,8,"8,7",8,7,2.5,Bottom Left,h,0.63,0.63,correct,FALSE,0.74669,14.17952972,high,0.45948622,medium,13.6085613,14.22007998,0.615035934,medium,0.631418009,medium,0.74661,high,0.843826,high
5,9,"7,6",7,6,2.692582404,Bottom Left,h,did not see,did not see,incorrect,FALSE,0.756419,11.65619691,high,0.275797555,low,14.48470332,13.39998735,0.527994,medium,0.712493068,high,0.280259,low,0.343404,low
5,10,"11,12",11,12,6.103277808,Bottom Right,l,did not see,did not see,incorrect,FALSE,0.149208,6.964910345,low,0.205383878,low,11.37227671,11.36056335,0.513272278,medium,0.60665,medium,0.250617,low,0.465814,low
5,11,"6,5",6,5,3.5,Bottom Left,h,1.21,1.21,correct,FALSE,0.758518,9.521109396,medium,0.375644685,low,10.9699314,19.57951928,0.61443564,medium,0.85735487,high,0.27523,low,0.468925,low
5,12,"9,12",9,12,4.609772229,Bottom Right,m,1.11,1.11,correct,FALSE,0.499084,10.24915996,high,0.436772256,medium,11.75493408,16.89304023,0.653406285,medium,0.859242589,high,0.256873,low,0.324843,low
5,13,"10,13",10,13,6.020797289,Bottom Right,m,did not see,did not see,incorrect,FALSE,0.500591,10.06340683,high,0.298305425,low,10.13842924,19.49684594,0.474857724,medium,0.850984441,high,0.52999,medium,0.83216,high
5,14,"6,16",6,16,7.5,Bottom Right,l,0.74,0.74,correct,FALSE,0.153924,14.03396787,high,0.28624245,low,14.23714988,16.69837,0.565897576,medium,0.797867769,high,0.246366,low,0.808382,high
5,15,"1,10",1,10,5.220153254,Top Right,m,0.77,0.77,correct,FALSE,0.499959,10.32626235,high,0.286714527,low,11.19447818,14.2366771,0.497438751,medium,0.649467159,medium,0.563235,medium,0.678726,medium
5,16,"5,12",5,12,3.640054945,Top Right,l,did not see,did not see,incorrect,FALSE,0.14642,8.459853003,low,0.061378,low,11.75766421,13.21337404,0.433901126,medium,0.52457487,medium,0.292993,low,0.374829,low
5,17,"9,9",9,9,3.041381265,Bottom Right,m,0.89,0.89,correct,FALSE,0.501961,7.549186365,low,0.261199008,low,8.747970419,18.6791846,0.440575101,medium,0.832337795,high,0.287744,low,0.277304,low
5,18,"7,8",7,8,1.118033989,Bottom Left,l,0.95,0.95,correct,FALSE,0.141446,8.907897251,medium,0.196729243,low,11.71109844,15.33970314,0.519486562,medium,0.678647,medium,0.510532,medium,0.30426,low
5,19,"2,9",2,9,4.031128874,Top Right,l,0.82,0.82,correct,FALSE,0.141383,5.259092283,low,0.191067006,low,7.472157105,15.11903036,0.407429085,medium,0.794420219,high,0.422637,low,0.339625,low
5,20,"5,5",5,5,3.640054945,Top Left,m,7.01 late,7.01,correct,TRUE,0.502465,11.24589236,high,0.273838784,low,14.15985759,13.58914319,0.562401451,medium,0.693121,medium,0.359365,low,0.346689,low
5,21,"9,10",9,10,3.354101966,Bottom Right,l,5.37,5.37,correct,FALSE,0.146642,4.842865959,low,0.178752532,low,10.02491233,10.40007359,0.543976362,medium,0.577367835,medium,0.272733,low,0.263515,low
5,22,"8,10",8,10,2.5,Bottom Right,h,0.82,0.82,correct,FALSE,0.741974,10.06407798,high,0.471237997,medium,12.8613049,13.91766946,0.659242311,medium,0.718854645,high,0.764273,high,0.849275,high
5,23,"11,8",11,8,5.024937811,Bottom Left,m,did not see,did not see,incorrect,FALSE,0.502892,8.38158913,low,0.186747736,low,11.24587368,13.01680924,0.501628904,medium,0.585746516,medium,0.26396,low,0.427673,low
5,24,"5,2",5,2,6.576473219,Top Left,m,0.81,0.81,correct,FALSE,0.502767,12.18970349,high,0.370590399,low,12.53660953,16.26785348,0.578909406,medium,0.817709103,high,0.508171,medium,0.842493,high
5,25,"5,11",5,11,2.692582404,Top Right,m,0.76,0.76,correct,FALSE,0.505388,9.302464,medium,0.346448019,low,13.10872389,13.56997065,0.600633214,medium,0.709233661,high,0.456761,low,0.489285,low
5,26,"2,2",2,2,7.632168761,Top Left,m,did not see,did not see,incorrect,FALSE,0.503448,7.575062934,low,0.261009,low,11.01136572,13.10773724,0.527858233,medium,0.692547368,medium,0.40163,low,0.355659,low
5,27,"6,3",6,3,5.5,Bottom Left,m,0.95,0.95,correct,FALSE,0.500691,7.751437064,low,0.24050262,low,10.94020342,12.67649773,0.495544829,medium,0.642383,medium,0.596495,medium,0.735515,high
5,28,"5,13",5,13,4.609772229,Top Right,h,0.73,0.73,correct,FALSE,0.736745,11.33257586,high,0.183858439,low,12.73454577,13.35596674,0.467911418,medium,0.584303587,medium,0.405053,low,0.448635,low
5,29,"8,13",8,13,4.924428901,Bottom Right,h,8.61 late,8.61,correct,TRUE,0.733349,8.535357277,low,0.152199734,low,13.92567612,11.80376331,0.452735111,medium,0.619001128,medium,0.36034,low,0.389775,low
5,30,"1,9",1,9,5.024937811,Top Right,h,did not see,did not see,incorrect,FALSE,0.746658,4.614111186,low,0.149265881,low,10.49183059,9.696995934,0.512781742,medium,0.479681,medium,0.207347,low,0.183588,low
5,31,"3,2",3,2,7.158910532,Top Left,h,8.40 late,8.4,correct,TRUE,0.782826,9.207862,medium,0.068957,low,12.8432402,12.83890738,0.405530723,medium,0.554326117,medium,0.766983,high,0.868293,high
5,32,"2,8",2,8,4.031128874,Top Left,m,did not see,did not see,incorrect,FALSE,0.496145,7.437528461,low,0.246270248,low,10.94292144,11.86846537,0.530839105,medium,0.515177493,medium,0.622473,medium,0.76804,high
5,33,"7,9",7,9,1.118033989,Bottom Right,h,1.05,1.05,correct,FALSE,0.741072,10.47874979,high,0.105368632,low,13.97430586,14.12906901,0.400642002,medium,0.675553024,medium,0.215563,low,0.248952,low
5,34,"7,7",7,7,1.802775638,Bottom Left,m,did not see,did not see,incorrect,FALSE,0.502215,8.656773238,low,0.422748638,medium,12.36911757,15.11340049,0.665249717,medium,0.783442259,high,0.661167,medium,0.560356,medium
5,35,"8,12",8,12,4.031128874,Bottom Right,l,2.91,2.91,correct,FALSE,0.14951,6.7113568,low,0.276203655,low,11.74177958,12.67166615,0.636724214,medium,0.630259853,medium,0.209357,low,0.607968,medium
5,36,"7,16",7,16,7.566372975,Bottom Right,m,did not see,did not see,incorrect,FALSE,0.500357,8.320421817,low,0.28431279,low,12.83948864,11.43907949,0.658612976,medium,0.498369677,medium,0.369187,low,0.296237,low
5,37,"3,6",3,6,3.905124838,Top Left,m,did not see,did not see,incorrect,FALSE,0.503727,7.764464,low,0.226812087,low,8.927291831,16.85548215,0.434222,medium,0.769897502,high,0.430121,low,0.489793,low
5,38,"9,7",9,7,3.354101966,Bottom Left,l,3.48,3.48,correct,FALSE,0.139933,10.0626,high,0.16400719,low,14.65662339,13.56802904,0.536818127,medium,0.669926803,medium,0.341348,low,0.279165,low
5,39,"10,4",10,4,6.020797289,Bottom Left,h,did not see,did not see,incorrect,FALSE,0.766454,9.475999,medium,0.297819217,low,13.01867065,13.95055075,0.536236678,medium,0.749323814,high,0.468754,low,0.527345,medium
5,40,"8,9",8,9,2.061552813,Bottom Right,l,0.84,0.84,correct,FALSE,0.144569,10.02450662,medium,0.156656651,low,11.1050448,16.91112941,0.477594117,medium,0.694965002,medium,0.257502,low,0.329008,low
5,41,"3,7",3,7,3.354101966,Top Left,l,did not see,did not see,incorrect,FALSE,0.138609,7.915379776,low,0.135603743,low,15.00597891,11.34854427,0.536714869,medium,0.567697923,medium,0.350456,low,0.343107,low
5,42,"8,9",8,9,2.061552813,Bottom Right,l,3.52,3.52,correct,FALSE,0.144569,10.02450662,medium,0.156656651,low,11.1050448,16.91112941,0.477594117,medium,0.694965002,medium,0.257502,low,0.329008,low
5,43,"8,12",8,12,4.031128874,Bottom Right,l,1.48,1.48,correct,FALSE,0.14951,6.7113568,low,0.276203655,low,11.74177958,12.67166615,0.636724214,medium,0.630259853,medium,0.209357,low,0.607968,medium
5,44,"4,1",4,1,7.762087348,Top Left,l,0.78,0.78,correct,FALSE,0.131703,10.19838024,high,0.218051144,low,10.22316355,15.72851359,0.427485508,medium,0.691529169,medium,0.220884,low,0.553676,medium
5,45,"2,15",2,15,7.632168761,Top Right,h,1.66,1.66,correct,FALSE,0.733042,7.190191084,low,0.362656063,low,9.38279328,13.76564234,0.551752233,medium,0.766353542,high,0.411468,low,0.391219,low
5,46,"3,8",3,8,3.041381265,Top Left,h,3.08,3.08,correct,FALSE,0.747077,8.87526057,medium,0.431442666,medium,13.31413275,13.01872619,0.685711,medium,0.762279553,high,0.356156,low,0.374724,low
5,47,"3,4",3,4,5.408326913,Top Left,m,1.11,1.11,correct,FALSE,0.50103,8.780273627,medium,0.417624705,medium,10.29276997,18.19342967,0.625585228,medium,0.862712625,high,0.410524,low,0.395506,low
5,48,"2,15",2,15,7.632168761,Top Right,h,did not see,did not see,incorrect,FALSE,0.733042,7.190191084,low,0.362656063,low,9.38279328,13.76564234,0.551752233,medium,0.766353542,high,0.411468,low,0.391219,low
5,49,"2,15",2,15,7.632168761,Top Right,h,did not see,did not see,incorrect,FALSE,0.733042,7.190191084,low,0.362656063,low,9.38279328,13.76564234,0.551752233,medium,0.766353542,high,0.411468,low,0.391219,low
5,50,"5,5",5,5,3.640054945,Top Left,m,1.32,1.32,correct,FALSE,0.502465,11.24589236,high,0.273838784,low,14.15985759,13.58914319,0.562401451,medium,0.693121,medium,0.359365,low,0.346689,low
5,51,"3,15",3,15,7.158910532,Top Right,l,0.9,0.9,correct,FALSE,0.1503,9.074487,medium,0.163994237,low,9.696648316,18.86998291,0.416280813,medium,0.762278638,high,0.394223,low,0.377542,low
5,52,"5,10",5,10,1.802775638,Top Right,h,1.05,1.05,correct,FALSE,0.740714,9.932323,medium,0.239574697,low,12.3850021,14.83577161,0.506066175,medium,0.692409133,medium,0.753412,high,0.678145,medium
5,53,"10,6",10,6,4.716990566,Bottom Left,h,7.68 late,7.68,correct,TRUE,0.749555,9.93544233,medium,0.334959898,low,16.19531718,11.9445738,0.673408807,medium,0.601764,medium,0.230714,low,0.194986,low
5,54,"5,7",5,7,1.802775638,Top Left,h,0.87,0.87,correct,FALSE,0.747937,9.302374,medium,0.146219451,low,10.57046,14.78080315,0.399254733,low,0.647512864,medium,0.69043,medium,0.785063,high
5,55,"2,12",2,12,5.315072906,Top Right,l,did not see,did not see,incorrect,FALSE,0.147122,4.198022944,low,0.139917736,low,11.81424932,8.671105795,0.651215233,medium,0.324339742,low,0.463928,low,0.210546,low
5,56,"3,3",3,3,6.264982043,Top Left,m,4.93,4.93,correct,FALSE,0.501834,9.203473626,medium,0.269606409,low,15.24917709,12.38486797,0.619907995,medium,0.670961945,medium,0.249213,low,0.374208,low
5,57,"2,2",2,2,7.632168761,Top Left,m,7.32 late,7.32,correct,TRUE,0.503448,7.575062934,low,0.261009,low,11.01136572,13.10773724,0.527858233,medium,0.692547368,medium,0.40163,low,0.355659,low
5,58,"6,4",6,4,4.5,Bottom Left,m,0.81,0.81,correct,FALSE,0.498255,7.890527632,low,0.404747746,medium,11.55185821,12.99825815,0.686819458,medium,0.702595454,high,0.551387,medium,0.71188,high
5,59,"1,13",1,13,6.726812024,Top Right,m,did not see,did not see,incorrect,FALSE,0.49857,9.424437687,medium,0.102606722,low,10.59092374,17.55094477,0.402535668,medium,0.718065483,high,0.477183,low,0.378888,low
5,60,"10,7",10,7,4.272001873,Bottom Left,m,did not see,did not see,incorrect,FALSE,0.508513,8.513237656,low,0.403968,medium,13.23805087,13.34985898,0.677701305,medium,0.793334185,high,0.264864,low,0.374528,low
5,61,"8,11",8,11,3.201562119,Bottom Right,m,2.22,2.22,correct,FALSE,0.499336,11.60434128,high,0.365012119,low,14.52275449,13.75396207,0.621860307,medium,0.714992648,high,0.297402,low,0.377662,low
5,62,"9,5",9,5,4.609772229,Bottom Left,h,1.08,1.08,correct,FALSE,0.755298,10.55875115,high,0.471726003,medium,13.03431237,13.87760958,0.724309,high,0.705077689,high,0.456023,low,0.465785,low
5,63,"3,5",3,5,4.609772229,Top Left,h,2.56,2.56,correct,FALSE,0.757983,10.13658799,high,0.1985744,low,11.71430297,13.95804308,0.426211827,medium,0.650370153,medium,0.287501,low,0.371619,low
5,64,"10,4",10,4,6.020797289,Bottom Left,h,did not see,did not see,incorrect,FALSE,0.766454,9.475999,medium,0.297819217,low,13.01867065,13.95055075,0.536236678,medium,0.749323814,high,0.468754,low,0.527345,medium
5,65,"2,3",2,3,6.800735254,Top Left,l,1.53,1.53,correct,FALSE,0.133655,10.56458774,high,0.430848026,medium,14.35243978,14.45106499,0.695856139,medium,0.813388525,high,0.375356,low,0.265063,low
5,66,"4,13",4,13,4.924428901,Top Right,m,0.7,0.7,correct,FALSE,0.501955,8.517266207,low,0.320700471,low,9.451031975,21.99689751,0.520800385,medium,0.866837749,high,0.510757,medium,0.852494,high
5,67,"4,6",4,6,3.201562119,Top Left,h,1.07,1.07,correct,FALSE,0.754106,9.296781572,medium,0.211521854,low,12.15512509,12.68434359,0.516418304,medium,0.57710279,medium,0.415739,low,0.422205,low
5,68,"5,7",5,7,1.802775638,Top Left,h,1.16,1.16,correct,FALSE,0.747937,9.302374,medium,0.146219451,low,10.57046,14.78080315,0.399254733,low,0.647512864,medium,0.69043,medium,0.785063,high
5,69,"11,7",11,7,5.220153254,Bottom Left,h,did not see,did not see,incorrect,FALSE,0.747791,11.71577541,high,0.618379163,medium,12.40029397,17.66404566,0.755906877,high,0.896580792,high,0.750809,high,0.883692,high
5,70,"4,8",4,8,2.061552813,Top Left,l,8.91 late,8.91,correct,TRUE,0.140752,7.796163948,low,0.243730855,low,14.63895589,10.95056531,0.657798728,medium,0.54002838,medium,0.320675,low,0.30832,low
5,71,"3,14",3,14,6.264982043,Top Right,m,0.84,0.84,correct,FALSE,0.499892,8.937116676,medium,0.307539235,low,11.82424497,12.43097484,0.52331,medium,0.615030286,medium,0.6662,medium,0.656165,medium
5,72,"5,7",5,7,1.802775638,Top Left,h,0.84,0.84,correct,FALSE,0.747937,9.302374,medium,0.146219451,low,10.57046,14.78080315,0.399254733,low,0.647512864,medium,0.69043,medium,0.785063,high
5,73,"5,16",5,16,7.566372975,Top Right,h,7.70 late,7.7,correct,TRUE,0.731307,10.95698507,high,0.480901337,medium,15.20775849,13.56801681,0.741333493,high,0.771739,high,0.474986,low,0.409619,low
5,74,"6,7",6,7,1.5,Bottom Left,l,0.76,0.76,correct,FALSE,0.140702,9.368791299,medium,0.253334812,low,10.28533586,20.54707722,0.498136795,medium,0.82694999,high,0.31958,low,0.609008,medium
5,75,"7,15",7,15,6.576473219,Bottom Right,m,0.98,0.98,correct,FALSE,0.502179,7.377111724,low,0.375648,low,8.733071518,20.23847609,0.546844158,medium,0.885705169,high,0.509461,medium,0.880015,high
5,76,"4,2",4,2,6.800735254,Top Left,l,0.88,0.88,correct,FALSE,0.132594,8.384166337,low,0.187199346,low,10.43115729,14.61057,0.474703557,medium,0.638381719,medium,0.659985,medium,0.502528,medium
5,77,"8,8",8,8,2.061552813,Bottom Left,m,1.6,1.6,correct,FALSE,0.493819,7.823545292,low,0.214039562,low,10.49018996,13.59269788,0.461056536,medium,0.690899417,medium,0.416045,low,0.720582,high
5,78,"9,12",9,12,4.609772229,Bottom Right,m,0.82,0.82,correct,FALSE,0.499084,10.24915996,high,0.436772256,medium,11.75493408,16.89304023,0.653406285,medium,0.859242589,high,0.256873,low,0.324843,low
5,79,"6,7",6,7,1.5,Bottom Left,l,0.75,0.75,correct,FALSE,0.140702,9.368791299,medium,0.253334812,low,10.28533586,20.54707722,0.498136795,medium,0.82694999,high,0.31958,low,0.609008,medium
5,80,"11,11",11,11,5.590169944,Bottom Right,m,did not see,did not see,incorrect,FALSE,0.500313,7.72330069,low,0.243319301,low,14.53998244,10.58344222,0.636649044,medium,0.48022524,medium,0.609538,medium,0.67236,medium
5,81,"6,2",6,2,6.5,Bottom Left,h,4.29,4.29,correct,FALSE,0.778935,15.62799797,high,0.675662359,medium,18.59302241,17.12269934,0.843946693,high,0.903996142,high,0.334572,low,0.32921,low
5,82,"7,16",7,16,7.566372975,Bottom Right,m,1.31,1.31,correct,FALSE,0.500357,8.320421817,low,0.28431279,low,12.83948864,11.43907949,0.658612976,medium,0.498369677,medium,0.369187,low,0.296237,low
5,83,"5,3",5,3,5.590169944,Top Left,l,0.77,0.77,correct,FALSE,0.1342,9.967776817,medium,0.331556565,low,11.66729724,18.18540653,0.585238831,medium,0.847005986,high,0.293884,low,0.236578,low
5,84,"4,16",4,16,7.762087348,Top Right,m,1.09,1.09,correct,FALSE,0.50125,8.299104911,low,0.286777541,low,11.34849756,14.97253819,0.558209,medium,0.772560469,high,0.41141,low,0.565303,medium
5,85,"1,9",1,9,5.024937811,Top Right,h,did not see,did not see,incorrect,FALSE,0.746658,4.614111186,low,0.149265881,low,10.49183059,9.696995934,0.512781742,medium,0.479681,medium,0.207347,low,0.183588,low
5,86,"9,13",9,13,5.408326913,Bottom Right,l,did not see,did not see,incorrect,FALSE,0.149172,8.84052,medium,0.238928625,low,11.52561954,14.22189736,0.560865373,medium,0.648101,medium,0.311128,low,0.324536,low
5,87,"6,8",6,8,0.5,Bottom Left,h,0.95,0.95,correct,FALSE,0.747406,10.84347815,high,0.469390509,medium,13.00536534,17.24292791,0.673454494,medium,0.82402513,high,0.777596,high,0.801109,high
5,88,"3,3",3,3,6.264982043,Top Left,m,2.77,2.77,correct,FALSE,0.501834,9.203473626,medium,0.269606409,low,15.24917709,12.38486797,0.619907995,medium,0.670961945,medium,0.249213,low,0.374208,low
5,89,"2,3",2,3,6.800735254,Top Left,l,did not see,did not see,incorrect,FALSE,0.133655,10.56458774,high,0.430848026,medium,14.35243978,14.45106499,0.695856139,medium,0.813388525,high,0.375356,low,0.265063,low
5,90,"10,8",10,8,4.031128874,Bottom Left,l,did not see,did not see,incorrect,FALSE,0.14553,9.794274695,medium,0.185166605,low,14.24197055,14.41046095,0.506931,medium,0.733222414,high,0.347868,low,0.354189,low
5,91,"11,9",11,9,5.024937811,Bottom Right,l,0.96,0.96,correct,FALSE,0.143952,6.961933351,low,0.204555681,low,9.489752474,13.48478868,0.472912062,medium,0.655523,medium,0.582302,medium,0.505769,medium
5,92,"2,2",2,2,7.632168761,Top Left,m,did not see,did not see,incorrect,FALSE,0.503448,7.575062934,low,0.261009,low,11.01136572,13.10773724,0.527858233,medium,0.692547368,medium,0.40163,low,0.355659,low
5,93,"7,4",7,4,4.609772229,Bottom Left,h,0.91,0.91,correct,FALSE,0.762415,9.644809178,medium,0.086051,low,9.657204442,16.28263827,0.258281309,low,0.722620507,high,0.387356,low,0.400922,low
5,94,"2,9",2,9,4.031128874,Top Right,l,did not see,did not see,incorrect,FALSE,0.141383,5.259092283,low,0.191067006,low,7.472157105,15.11903036,0.407429085,medium,0.794420219,high,0.422637,low,0.339625,low
5,95,"8,14",8,14,5.852349955,Bottom Right,l,7.20 late,7.2,correct,TRUE,0.149415,4.954621676,low,0.185790744,low,12.97410347,9.090461796,0.702571619,high,0.438975857,medium,0.451169,low,0.355001,low
5,96,"6,11",6,11,2.5,Bottom Right,h,0.85,0.85,correct,FALSE,0.739862,10.99470967,high,0.385230702,low,14.87441399,13.37617557,0.635635585,medium,0.69913905,medium,0.441565,low,0.4804,low
5,97,"6,3",6,3,5.5,Bottom Left,m,0.79,0.79,correct,FALSE,0.500691,7.751437064,low,0.24050262,low,10.94020342,12.67649773,0.495544829,medium,0.642383,medium,0.596495,medium,0.735515,high
5,98,"8,13",8,13,4.924428901,Bottom Right,h,did not see,did not see,incorrect,FALSE,0.733349,8.535357277,low,0.152199734,low,13.92567612,11.80376331,0.452735111,medium,0.619001128,medium,0.36034,low,0.389775,low
5,99,"3,15",3,15,7.158910532,Top Right,l,1.11,1.11,correct,FALSE,0.1503,9.074487,medium,0.163994237,low,9.696648316,18.86998291,0.416280813,medium,0.762278638,high,0.394223,low,0.377542,low
6,1,"8,5",8,5,4.031128874,Bottom Left,m,1.78,1.78,correct,FALSE,0.49912,6.812006337,low,0.310318732,low,9.163600247,15.69251421,0.535395161,medium,0.817047539,high,0.535063,medium,0.876311,high
6,2,"11,7",11,7,5.220153254,Bottom Left,h,3.76,3.76,correct,FALSE,0.747791,11.71577541,high,0.618379163,medium,12.40029397,17.66404566,0.755906877,high,0.896580792,high,0.750809,high,0.883692,high
6,3,"4,9",4,9,2.061552813,Top Right,h,1.85,1.85,correct,FALSE,0.74565,9.568562195,medium,0.394468384,low,13.91901641,13.32669257,0.663254697,medium,0.759413784,high,0.406466,low,0.418488,low
6,4,"6,8",6,8,0.5,Bottom Left,h,1.44,1.44,correct,FALSE,0.747406,10.84347815,high,0.469390509,medium,13.00536534,17.24292791,0.673454494,medium,0.82402513,high,0.777596,high,0.801109,high
6,5,"3,13",3,13,5.408326913,Top Right,l,0.78,0.78,correct,FALSE,0.148752,7.830256908,low,0.087852,low,11.31387763,14.11025248,0.462885969,medium,0.559545804,medium,0.344234,low,0.327035,low
6,6,"3,1",3,1,8.077747211,Top Left,h,1.3,1.3,correct,FALSE,0.78336,8.98651201,medium,0.199499889,low,11.12865666,12.92687642,0.428102361,medium,0.575487854,medium,0.336643,low,0.347331,low
6,7,"9,11",9,11,3.905124838,Bottom Right,h,0.79,0.79,correct,FALSE,0.736154,8.760130193,medium,0.217604518,low,11.7019116,14.37227722,0.512020649,medium,0.729585118,high,0.657147,medium,0.740195,high
6,8,"6,14",6,14,5.5,Bottom Right,m,0.64,0.64,correct,FALSE,0.502396,8.910480767,medium,0.361857035,low,11.6861797,15.03899099,0.5946407,medium,0.807391859,high,0.544339,medium,0.80914,high
6,9,"7,1",7,1,7.566372975,Bottom Left,l,0.53,0.53,correct,FALSE,0.132252,7.582976558,low,0.345801319,low,9.144453936,17.41873825,0.541548451,medium,0.866349973,high,0.213652,low,0.392083,low
6,10,"5,7",5,7,1.802775638,Top Left,h,0.68,0.68,correct,FALSE,0.747937,9.302374,medium,0.146219451,low,10.57046,14.78080315,0.399254733,low,0.647512864,medium,0.69043,medium,0.785063,high
6,11,"8,11",8,11,3.201562119,Bottom Right,m,0.92,0.92,correct,FALSE,0.499336,11.60434128,high,0.365012119,low,14.52275449,13.75396207,0.621860307,medium,0.714992648,high,0.297402,low,0.377662,low
6,12,"4,6",4,6,3.201562119,Top Left,h,0.6,0.6,correct,FALSE,0.754106,9.296781572,medium,0.211521854,low,12.15512509,12.68434359,0.516418304,medium,0.57710279,medium,0.415739,low,0.422205,low
6,13,"5,6",5,6,2.692582404,Top Left,l,0.65,0.65,correct,FALSE,0.137007,11.85409478,high,0.301373005,low,13.55548575,15.32652697,0.575947742,medium,0.785880368,high,0.230773,low,0.809041,high
6,14,"9,3",9,3,6.264982043,Bottom Left,m,5.12,5.12,correct,FALSE,0.500359,10.42570256,high,0.309994248,low,13.28985571,14.62567209,0.607134066,medium,0.71786737,high,0.629409,medium,0.703189,high
6,15,"4,3",4,3,5.852349955,Top Left,h,0.84,0.84,correct,FALSE,0.772261,9.899753,medium,0.08748,low,11.70435798,13.81879873,0.328804827,low,0.628036947,medium,0.232922,low,0.327436,low
6,16,"9,6",9,6,3.905124838,Bottom Left,m,0.67,0.67,correct,FALSE,0.502667,8.725985556,medium,0.416661317,medium,11.24819177,14.54266132,0.628532,medium,0.777890291,high,0.529516,medium,0.826592,high
6,17,"6,1",6,1,7.5,Bottom Left,h,did not see,did not see,incorrect,FALSE,0.783743,8.069105067,low,0.315587139,low,14.13795403,11.04942283,0.698799689,medium,0.520001095,medium,0.464173,low,0.492382,low
6,18,"8,3",8,3,5.852349955,Bottom Left,l,1.25,1.25,correct,FALSE,0.132426,8.622265,low,0.330608731,low,12.90807718,12.5445627,0.668523,medium,0.630429519,medium,0.154598,low,0.922716,high
6,19,"3,13",3,13,5.408326913,Top Right,l,0.73,0.73,correct,FALSE,0.148752,7.830256908,low,0.087852,low,11.31387763,14.11025248,0.462885969,medium,0.559545804,medium,0.344234,low,0.327035,low
6,20,"2,3",2,3,6.800735254,Top Left,l,3.84,3.84,correct,FALSE,0.133655,10.56458774,high,0.430848026,medium,14.35243978,14.45106499,0.695856139,medium,0.813388525,high,0.375356,low,0.265063,low
6,21,"4,12",4,12,4.031128874,Top Right,h,0.79,0.79,correct,FALSE,0.73963,12.75788073,high,0.582858012,medium,14.37935683,16.55274693,0.761275298,high,0.874402618,high,0.655942,medium,0.78649,high
6,22,"10,6",10,6,4.716990566,Bottom Left,h,did not see,did not see,incorrect,FALSE,0.749555,9.93544233,medium,0.334959898,low,16.19531718,11.9445738,0.673408807,medium,0.601764,medium,0.230714,low,0.194986,low
6,23,"11,5",11,5,6.103277808,Bottom Left,m,did not see,did not see,incorrect,FALSE,0.49994,7.961968337,low,0.30969124,low,10.02452302,15.11988237,0.541161959,medium,0.78335509,high,0.437235,low,0.455353,low
6,24,"10,4",10,4,6.020797289,Bottom Left,h,did not see,did not see,incorrect,FALSE,0.766454,9.475999,medium,0.297819217,low,13.01867065,13.95055075,0.536236678,medium,0.749323814,high,0.468754,low,0.527345,medium
6,25,"7,1",7,1,7.566372975,Bottom Left,l,0.82,0.82,correct,FALSE,0.132252,7.582976558,low,0.345801319,low,9.144453936,17.41873825,0.541548451,medium,0.866349973,high,0.213652,low,0.392083,low
6,26,"3,14",3,14,6.264982043,Top Right,m,1.03,1.03,correct,FALSE,0.499892,8.937116676,medium,0.307539235,low,11.82424497,12.43097484,0.52331,medium,0.615030286,medium,0.6662,medium,0.656165,medium
6,27,"5,1",5,1,7.566372975,Top Left,m,0.76,0.76,correct,FALSE,0.504358,8.963868659,medium,0.257528758,low,11.74972293,14.17658446,0.518899952,medium,0.760644914,high,0.296504,low,0.331203,low
6,28,"1,8",1,8,5.024937811,Top Left,l,did not see,did not see,incorrect,FALSE,0.140666,10.43548707,high,0.147774762,low,12.36143857,12.58136712,0.333545032,low,0.608577825,medium,0.198327,low,0.78928,high
6,29,"8,10",8,10,2.5,Bottom Right,h,0.84,0.84,correct,FALSE,0.741974,10.06407798,high,0.471237997,medium,12.8613049,13.91766946,0.659242311,medium,0.718854645,high,0.764273,high,0.849275,high
6,30,"2,5",2,5,5.315072906,Top Left,m,did not see,did not see,incorrect,FALSE,0.499479,9.882301288,medium,0.348527167,low,11.37682503,13.61966925,0.567416182,medium,0.6647829,medium,0.436669,low,0.593175,medium
6,31,"1,12",1,12,6.103277808,Top Right,h,7.21 late,7.21,correct,TRUE,0.734679,10.78471464,high,0.179079909,low,15.34391694,14.38535754,0.508477,medium,0.677180145,medium,0.33493,low,0.444266,low
6,32,"6,3",6,3,5.5,Bottom Left,m,1.08,1.08,correct,FALSE,0.500691,7.751437064,low,0.24050262,low,10.94020342,12.67649773,0.495544829,medium,0.642383,medium,0.596495,medium,0.735515,high
6,33,"7,4",7,4,4.609772229,Bottom Left,h,0.76,0.76,correct,FALSE,0.762415,9.644809178,medium,0.086051,low,9.657204442,16.28263827,0.258281309,low,0.722620507,high,0.387356,low,0.400922,low
6,34,"2,8",2,8,4.031128874,Top Left,m,8.69 late,8.69,correct,TRUE,0.496145,7.437528461,low,0.246270248,low,10.94292144,11.86846537,0.530839105,medium,0.515177493,medium,0.622473,medium,0.76804,high
6,35,"9,13",9,13,5.408326913,Bottom Right,l,did not see,did not see,incorrect,FALSE,0.149172,8.84052,medium,0.238928625,low,11.52561954,14.22189736,0.560865373,medium,0.648101,medium,0.311128,low,0.324536,low
6,36,"7,16",7,16,7.566372975,Bottom Right,m,did not see,did not see,incorrect,FALSE,0.500357,8.320421817,low,0.28431279,low,12.83948864,11.43907949,0.658612976,medium,0.498369677,medium,0.369187,low,0.296237,low
6,37,"3,14",3,14,6.264982043,Top Right,m,1.94,1.94,correct,FALSE,0.499892,8.937116676,medium,0.307539235,low,11.82424497,12.43097484,0.52331,medium,0.615030286,medium,0.6662,medium,0.656165,medium
6,38,"4,7",4,7,2.5,Top Left,m,0.85,0.85,correct,FALSE,0.501152,10.45108603,high,0.369602246,low,13.5879752,13.63761844,0.633729766,medium,0.711391657,high,0.578822,medium,0.878454,high
6,39,"11,6",11,6,5.590169944,Bottom Left,l,did not see,did not see,incorrect,FALSE,0.138655,10.11144153,high,0.280991005,low,12.95081191,13.53206151,0.560805841,medium,0.59694758,medium,0.295198,low,0.276641,low
6,40,"7,13",7,13,4.609772229,Bottom Right,m,8.24 late,8.24,correct,TRUE,0.500695,8.19808684,low,0.391253477,low,10.44949291,15.81823347,0.604299494,medium,0.829366988,high,0.453987,low,0.412429,low
6,41,"2,7",2,7,4.272001873,Top Left,h,1.52,1.52,correct,FALSE,0.750853,10.83670903,high,0.346841904,low,13.92310566,13.91547688,0.600680487,medium,0.745452,high,0.392602,low,0.384493,low
6,42,"7,2",7,2,6.576473219,Bottom Left,l,1,1,correct,FALSE,0.133131,9.29780517,medium,0.072964,low,13.80752412,11.36289305,0.381276229,low,0.45500579,medium,0.248192,low,0.476955,low
6,43,"7,1",7,1,7.566372975,Bottom Left,l,1,1,correct,FALSE,0.132252,7.582976558,low,0.345801319,low,9.144453936,17.41873825,0.541548451,medium,0.866349973,high,0.213652,low,0.392083,low
6,44,"3,15",3,15,7.158910532,Top Right,l,0.92,0.92,correct,FALSE,0.1503,9.074487,medium,0.163994237,low,9.696648316,18.86998291,0.416280813,medium,0.762278638,high,0.394223,low,0.377542,low
6,45,"3,9",3,9,3.041381265,Top Right,m,0.68,0.68,correct,FALSE,0.504792,10.31849384,high,0.271206972,low,13.96853889,12.48458473,0.58159587,medium,0.615691469,medium,0.32786,low,0.308924,low
6,46,"7,8",7,8,1.118033989,Bottom Left,l,1.72,1.72,correct,FALSE,0.141446,8.907897251,medium,0.196729243,low,11.71109844,15.33970314,0.519486562,medium,0.678647,medium,0.510532,medium,0.30426,low
6,47,"8,10",8,10,2.5,Bottom Right,h,0.91,0.91,correct,FALSE,0.741974,10.06407798,high,0.471237997,medium,12.8613049,13.91766946,0.659242311,medium,0.718854645,high,0.764273,high,0.849275,high
6,48,"7,16",7,16,7.566372975,Bottom Right,m,did not see,did not see,incorrect,FALSE,0.500357,8.320421817,low,0.28431279,low,12.83948864,11.43907949,0.658612976,medium,0.498369677,medium,0.369187,low,0.296237,low
6,49,"1,11",1,11,5.590169944,Top Right,l,did not see,did not see,incorrect,FALSE,0.14591,10.34087244,high,0.174811309,low,12.78446874,16.312975,0.512083092,medium,0.738746642,high,0.319124,low,0.228091,low
6,50,"3,12",3,12,4.609772229,Top Right,m,1.07,1.07,correct,FALSE,0.503271,11.01952866,high,0.486262059,medium,12.98841629,16.65209115,0.682977,medium,0.854956468,high,0.324602,low,0.423311,low
6,51,"7,15",7,15,6.576473219,Bottom Right,m,0.78,0.78,correct,FALSE,0.502179,7.377111724,low,0.375648,low,8.733071518,20.23847609,0.546844158,medium,0.885705169,high,0.509461,medium,0.880015,high
6,52,"3,11",3,11,3.905124838,Top Right,h,0.81,0.81,correct,FALSE,0.739741,12.97809717,high,0.57621325,medium,14.39417639,14.49449471,0.702438435,high,0.722998537,high,0.300628,low,0.368617,low
6,53,"3,13",3,13,5.408326913,Top Right,l,0.79,0.79,correct,FALSE,0.148752,7.830256908,low,0.087852,low,11.31387763,14.11025248,0.462885969,medium,0.559545804,medium,0.344234,low,0.327035,low
6,54,"7,3",7,3,5.590169944,Bottom Left,h,did not see,did not see,incorrect,FALSE,0.774946,9.724362425,medium,0.197498191,low,14.74645657,13.75065309,0.475417485,medium,0.734164,high,0.791478,high,0.899087,high
6,55,"5,10",5,10,1.802775638,Top Right,h,did not see,did not see,incorrect,FALSE,0.740714,9.932323,medium,0.239574697,low,12.3850021,14.83577161,0.506066175,medium,0.692409133,medium,0.753412,high,0.678145,medium
6,56,"5,7",5,7,1.802775638,Top Left,h,0.84,0.84,correct,FALSE,0.747937,9.302374,medium,0.146219451,low,10.57046,14.78080315,0.399254733,low,0.647512864,medium,0.69043,medium,0.785063,high
6,57,"2,11",2,11,4.716990566,Top Right,m,1.13,1.13,correct,FALSE,0.507319,8.711511,medium,0.265492587,low,11.94884922,13.84177221,0.56425953,medium,0.697536209,medium,0.315344,low,0.50332,medium
6,58,"5,2",5,2,6.576473219,Top Left,m,4.34,4.34,correct,FALSE,0.502767,12.18970349,high,0.370590399,low,12.53660953,16.26785348,0.578909406,medium,0.817709103,high,0.508171,medium,0.842493,high
6,59,"11,10",11,10,5.220153254,Bottom Right,h,did not see,did not see,incorrect,FALSE,0.7424,7.486701604,low,0.319743383,low,11.55579275,12.08806228,0.593751088,medium,0.661036,medium,0.472472,low,0.497795,low
6,60,"5,4",5,4,4.609772229,Top Left,l,1.48,1.48,correct,FALSE,0.136391,8.757408692,medium,0.090708,low,16.68725905,10.80687347,0.520577217,medium,0.421863859,medium,0.539504,medium,0.356104,low
6,61,"6,6",6,6,2.5,Bottom Left,m,5.68,5.68,correct,FALSE,0.50213,9.303835705,medium,0.344452753,low,12.30512571,15.10671503,0.616769859,medium,0.778462511,high,0.495231,low,0.379595,low
6,62,"9,12",9,12,4.609772229,Bottom Right,m,did not see,did not see,incorrect,FALSE,0.499084,10.24915996,high,0.436772256,medium,11.75493408,16.89304023,0.653406285,medium,0.859242589,high,0.256873,low,0.324843,low
6,63,"1,3",1,3,7.433034374,Top Left,h,did not see,did not see,incorrect,FALSE,0.777352,8.700985643,medium,0.180291529,low,12.53741084,13.09281069,0.495628437,medium,0.627498461,medium,0.271993,low,0.279534,low
6,64,"4,11",4,11,3.201562119,Top Right,l,8.61 late,8.61,correct,TRUE,0.147533,9.491143,medium,0.351428353,low,10.57838121,14.90992107,0.513114,medium,0.78581271,high,0.25485,low,0.475575,low
6,65,"8,3",8,3,5.852349955,Bottom Left,l,did not see,did not see,incorrect,FALSE,0.132426,8.622265,low,0.330608731,low,12.90807718,12.5445627,0.668523,medium,0.630429519,medium,0.154598,low,0.922716,high
6,66,"11,11",11,11,5.590169944,Bottom Right,m,did not see,did not see,incorrect,FALSE,0.500313,7.72330069,low,0.243319301,low,14.53998244,10.58344222,0.636649044,medium,0.48022524,medium,0.609538,medium,0.67236,medium
6,67,"7,6",7,6,2.692582404,Bottom Left,h,did not see,did not see,incorrect,FALSE,0.756419,11.65619691,high,0.275797555,low,14.48470332,13.39998735,0.527994,medium,0.712493068,high,0.280259,low,0.343404,low
6,68,"11,8",11,8,5.024937811,Bottom Left,m,did not see,did not see,incorrect,FALSE,0.502892,8.38158913,low,0.186747736,low,11.24587368,13.01680924,0.501628904,medium,0.585746516,medium,0.26396,low,0.427673,low
6,69,"6,10",6,10,1.5,Bottom Right,l,did not see,did not see,incorrect,FALSE,0.146857,11.94292328,high,0.210823548,low,11.88992384,18.3679121,0.506691517,medium,0.761694893,high,0.266352,low,0.499291,low
6,70,"8,6",8,6,3.201562119,Bottom Left,l,1.32,1.32,correct,FALSE,0.137514,6.58017712,low,0.175683828,low,11.78284776,11.33352803,0.549881338,medium,0.599510892,medium,0.261824,low,0.237724,low
6,71,"2,9",2,9,4.031128874,Top Right,l,did not see,did not see,incorrect,FALSE,0.141383,5.259092283,low,0.191067006,low,7.472157105,15.11903036,0.407429085,medium,0.794420219,high,0.422637,low,0.339625,low
6,72,"4,12",4,12,4.031128874,Top Right,h,did not see,did not see,incorrect,FALSE,0.73963,12.75788073,high,0.582858012,medium,14.37935683,16.55274693,0.761275298,high,0.874402618,high,0.655942,medium,0.78649,high
6,73,"6,12",6,12,3.5,Bottom Right,m,0.79,0.79,correct,FALSE,0.500156,7.801163073,low,0.335256932,low,10.65907573,14.97632894,0.585893888,medium,0.806898182,high,0.331647,low,0.475351,low
6,74,"3,2",3,2,7.158910532,Top Left,h,did not see,did not see,incorrect,FALSE,0.782826,9.207862,medium,0.068957,low,12.8432402,12.83890738,0.405530723,medium,0.554326117,medium,0.766983,high,0.868293,high
6,75,"6,12",6,12,3.5,Bottom Right,m,did not see,did not see,incorrect,FALSE,0.500156,7.801163073,low,0.335256932,low,10.65907573,14.97632894,0.585893888,medium,0.806898182,high,0.331647,low,0.475351,low
6,76,"8,2",8,2,6.800735254,Bottom Left,m,1.28,1.28,correct,FALSE,0.503689,10.48672742,high,0.323602818,low,13.37275327,14.35221457,0.604297192,medium,0.728889203,high,0.427817,low,0.494826,low
6,77,"4,15",4,15,6.800735254,Top Right,m,0.97,0.97,correct,FALSE,0.498275,7.867547353,low,0.335434947,low,11.27061811,13.98475212,0.633041731,medium,0.737636419,high,0.49275,low,0.860712,high
6,78,"2,6",2,6,4.716990566,Top Left,l,0.68,0.68,correct,FALSE,0.137677,9.56870836,medium,0.265540002,low,10.68589655,17.76339604,0.512944441,medium,0.817970532,high,0.211048,low,0.855506,high
6,79,"1,10",1,10,5.220153254,Top Right,m,0.4,0.4,correct,FALSE,0.499959,10.32626235,high,0.286714527,low,11.19447818,14.2366771,0.497438751,medium,0.649467159,medium,0.563235,medium,0.678726,medium
6,80,"2,14",2,14,6.800735254,Top Right,l,0.63,0.63,correct,FALSE,0.153089,6.198447454,low,0.126601005,low,7.534082099,16.9978782,0.269930049,low,0.786624921,high,0.208594,low,0.843005,high
6,81,"2,6",2,6,4.716990566,Top Left,l,0.63,0.63,correct,FALSE,0.137677,9.56870836,medium,0.265540002,low,10.68589655,17.76339604,0.512944441,medium,0.817970532,high,0.211048,low,0.855506,high
6,82,"4,5",4,5,4.031128874,Top Left,l,0.92,0.92,correct,FALSE,0.136479,8.881531158,medium,0.267210825,low,12.51184051,13.03479379,0.572692737,medium,0.696187913,medium,0.289533,low,0.554078,medium
6,83,"10,9",10,9,4.031128874,Bottom Right,h,did not see,did not see,incorrect,FALSE,0.740666,7.720993015,low,0.09442,low,9.414941719,20.20555172,0.366135278,low,0.756319945,high,0.725229,high,0.872892,high
6,84,"6,14",6,14,5.5,Bottom Right,m,0.71,0.71,correct,FALSE,0.502396,8.910480767,medium,0.361857035,low,11.6861797,15.03899099,0.5946407,medium,0.807391859,high,0.544339,medium,0.80914,high
6,85,"1,7",1,7,5.220153254,Top Left,m,did not see,did not see,incorrect,FALSE,0.503747,8.876649727,medium,0.210924652,low,9.93742363,17.05925232,0.451266934,medium,0.779103668,high,0.481094,low,0.822615,high
6,86,"7,5",7,5,3.640054945,Bottom Left,l,1.47,1.47,correct,FALSE,0.136619,8.412961428,low,0.28125962,low,16.88384777,10.6486613,0.744452681,high,0.485269067,medium,0.423673,low,0.42576,low
6,87,"8,12",8,12,4.031128874,Bottom Right,l,1.35,1.35,correct,FALSE,0.14951,6.7113568,low,0.276203655,low,11.74177958,12.67166615,0.636724214,medium,0.630259853,medium,0.209357,low,0.607968,medium
6,88,"8,4",8,4,4.924428901,Bottom Left,l,did not see,did not see,incorrect,FALSE,0.137801,10.82672146,high,0.271906525,low,12.32915256,18.23452335,0.555508433,medium,0.801467617,high,0.28184,low,0.487307,low
6,89,"11,10",11,10,5.220153254,Bottom Right,h,did not see,did not see,incorrect,FALSE,0.7424,7.486701604,low,0.319743383,low,11.55579275,12.08806228,0.593751088,medium,0.661036,medium,0.472472,low,0.497795,low
6,90,"4,9",4,9,2.061552813,Top Right,h,0.82,0.82,correct,FALSE,0.74565,9.568562195,medium,0.394468384,low,13.91901641,13.32669257,0.663254697,medium,0.759413784,high,0.406466,low,0.418488,low
6,91,"8,14",8,14,5.852349955,Bottom Right,l,did not see,did not see,incorrect,FALSE,0.149415,4.954621676,low,0.185790744,low,12.97410347,9.090461796,0.702571619,high,0.438975857,medium,0.451169,low,0.355001,low
6,92,"6,5",6,5,3.5,Bottom Left,h,did not see,did not see,incorrect,FALSE,0.758518,9.521109396,medium,0.375644685,low,10.9699314,19.57951928,0.61443564,medium,0.85735487,high,0.27523,low,0.468925,low
6,93,"7,14",7,14,5.590169944,Bottom Right,h,1.08,1.08,correct,FALSE,0.730382,10.20810724,high,0.368456249,low,10.20322957,18.98257046,0.520062077,medium,0.858920336,high,0.657745,medium,0.844669,high
6,94,"4,7",4,7,2.5,Top Left,m,did not see,did not see,incorrect,FALSE,0.501152,10.45108603,high,0.369602246,low,13.5879752,13.63761844,0.633729766,medium,0.711391657,high,0.578822,medium,0.878454,high
6,95,"5,5",5,5,3.640054945,Top Left,m,0.77,0.77,correct,FALSE,0.502465,11.24589236,high,0.273838784,low,14.15985759,13.58914319,0.562401451,medium,0.693121,medium,0.359365,low,0.346689,low
6,96,"2,4",2,4,6.020797289,Top Left,l,did not see,did not see,incorrect,FALSE,0.134134,11.80467834,high,0.122054988,low,12.51678937,14.30177144,0.442517027,medium,0.571714239,medium,0.682246,medium,0.26678,low
6,97,"4,4",4,4,4.924428901,Top Left,h,0.77,0.77,correct,FALSE,0.771979,7.208511187,low,0.285060423,low,9.166194,16.83160892,0.500389391,medium,0.766199896,high,0.752833,high,0.835335,high
6,98,"6,6",6,6,2.5,Bottom Left,m,did not see,did not see,incorrect,FALSE,0.50213,9.303835705,medium,0.344452753,low,12.30512571,15.10671503,0.616769859,medium,0.778462511,high,0.495231,low,0.379595,low
6,99,"11,11",11,11,5.590169944,Bottom Right,m,did not see,did not see,incorrect,FALSE,0.500313,7.72330069,low,0.243319301,low,14.53998244,10.58344222,0.636649044,medium,0.48022524,medium,0.609538,medium,0.67236,medium
6,100,"9,9",9,9,3.041381265,Bottom Right,m,0.91,0.91,correct,FALSE,0.501961,7.549186365,low,0.261199008,low,8.747970419,18.6791846,0.440575101,medium,0.832337795,high,0.287744,low,0.277304,low
7,1,"5,10",5,10,1.802775638,Top Right,h,8.46 late,8.46,correct,TRUE,0.740714,9.932323,medium,0.239574697,low,12.3850021,14.83577161,0.506066175,medium,0.692409133,medium,0.753412,high,0.678145,medium
7,2,"9,8",9,8,3.041381265,Bottom Left,h,did not see,did not see,incorrect,FALSE,0.742853,10.08127017,high,0.364950618,low,12.89123284,14.9176846,0.628290595,medium,0.787643318,high,0.332404,low,0.419661,low
7,3,"6,14",6,14,5.5,Bottom Right,m,8.08 late,8.08,correct,TRUE,0.502396,8.910480767,medium,0.361857035,low,11.6861797,15.03899099,0.5946407,medium,0.807391859,high,0.544339,medium,0.80914,high
7,4,"7,3",7,3,5.590169944,Bottom Left,h,did not see,did not see,incorrect,FALSE,0.774946,9.724362425,medium,0.197498191,low,14.74645657,13.75065309,0.475417485,medium,0.734164,high,0.791478,high,0.899087,high
7,5,"5,12",5,12,3.640054945,Top Right,l,3.38,3.38,correct,FALSE,0.14642,8.459853003,low,0.061378,low,11.75766421,13.21337404,0.433901126,medium,0.52457487,medium,0.292993,low,0.374829,low
7,6,"11,5",11,5,6.103277808,Bottom Left,m,did not see,did not see,incorrect,FALSE,0.49994,7.961968337,low,0.30969124,low,10.02452302,15.11988237,0.541161959,medium,0.78335509,high,0.437235,low,0.455353,low
7,7,"9,7",9,7,3.354101966,Bottom Left,l,8.95 late,8.95,correct,TRUE,0.139933,10.0626,high,0.16400719,low,14.65662339,13.56802904,0.536818127,medium,0.669926803,medium,0.341348,low,0.279165,low
7,8,"9,9",9,9,3.041381265,Bottom Right,m,did not see,did not see,incorrect,FALSE,0.501961,7.549186365,low,0.261199008,low,8.747970419,18.6791846,0.440575101,medium,0.832337795,high,0.287744,low,0.277304,low
7,9,"5,7",5,7,1.802775638,Top Left,h,1.67,1.67,correct,FALSE,0.747937,9.302374,medium,0.146219451,low,10.57046,14.78080315,0.399254733,low,0.647512864,medium,0.69043,medium,0.785063,high
7,10,"6,5",6,5,3.5,Bottom Left,h,1.61,1.61,correct,FALSE,0.758518,9.521109396,medium,0.375644685,low,10.9699314,19.57951928,0.61443564,medium,0.85735487,high,0.27523,low,0.468925,low
7,11,"5,5",5,5,3.640054945,Top Left,m,1.75,1.75,correct,FALSE,0.502465,11.24589236,high,0.273838784,low,14.15985759,13.58914319,0.562401451,medium,0.693121,medium,0.359365,low,0.346689,low
7,12,"7,7",7,7,1.802775638,Bottom Left,m,did not see,did not see,incorrect,FALSE,0.502215,8.656773238,low,0.422748638,medium,12.36911757,15.11340049,0.665249717,medium,0.783442259,high,0.661167,medium,0.560356,medium
7,13,"2,5",2,5,5.315072906,Top Left,m,1.32,1.32,correct,FALSE,0.499479,9.882301288,medium,0.348527167,low,11.37682503,13.61966925,0.567416182,medium,0.6647829,medium,0.436669,low,0.593175,medium
7,14,"10,12",10,12,5.315072906,Bottom Right,h,did not see,did not see,incorrect,FALSE,0.737677,10.73877749,high,0.391478842,low,13.88322429,13.41302586,0.642355492,medium,0.698780103,medium,0.306243,low,0.359737,low
7,15,"10,6",10,6,4.716990566,Bottom Left,h,did not see,did not see,incorrect,FALSE,0.749555,9.93544233,medium,0.334959898,low,16.19531718,11.9445738,0.673408807,medium,0.601764,medium,0.230714,low,0.194986,low
7,16,"5,9",5,9,1.118033989,Top Right,l,2.17,2.17,correct,FALSE,0.144013,10.1573656,high,0.315364198,low,11.43292894,16.38790518,0.536672831,medium,0.808671829,high,0.262363,low,0.473711,low
7,17,"8,14",8,14,5.852349955,Bottom Right,l,did not see,did not see,incorrect,FALSE,0.149415,4.954621676,low,0.185790744,low,12.97410347,9.090461796,0.702571619,high,0.438975857,medium,0.451169,low,0.355001,low
7,18,"8,2",8,2,6.800735254,Bottom Left,m,did not see,did not see,incorrect,FALSE,0.503689,10.48672742,high,0.323602818,low,13.37275327,14.35221457,0.604297192,medium,0.728889203,high,0.427817,low,0.494826,low
7,19,"5,15",5,15,6.576473219,Top Right,h,did not see,did not see,incorrect,FALSE,0.734458,14.61259528,high,0.585803592,medium,16.08146739,17.26127998,0.746652017,high,0.882695024,high,0.396808,low,0.345057,low
7,20,"1,10",1,10,5.220153254,Top Right,m,did not see,did not see,incorrect,FALSE,0.499959,10.32626235,high,0.286714527,low,11.19447818,14.2366771,0.497438751,medium,0.649467159,medium,0.563235,medium,0.678726,medium
7,21,"2,10",2,10,4.272001873,Top Right,h,did not see,did not see,incorrect,FALSE,0.742032,10.62671603,high,0.172589076,low,12.72105262,13.472514,0.479026913,medium,0.597659753,medium,0.409177,low,0.337879,low
7,22,"4,13",4,13,4.924428901,Top Right,m,1.66,1.66,correct,FALSE,0.501955,8.517266207,low,0.320700471,low,9.451031975,21.99689751,0.520800385,medium,0.866837749,high,0.510757,medium,0.852494,high
7,23,"5,3",5,3,5.590169944,Top Left,l,1.42,1.42,correct,FALSE,0.1342,9.967776817,medium,0.331556565,low,11.66729724,18.18540653,0.585238831,medium,0.847005986,high,0.293884,low,0.236578,low
7,24,"10,11",10,11,4.716990566,Bottom Right,l,did not see,did not see,incorrect,FALSE,0.151233,10.4232526,high,0.15361466,low,10.79656751,16.32892687,0.415566775,medium,0.720374659,high,0.277529,low,0.680981,medium
7,25,"1,11",1,11,5.590169944,Top Right,l,did not see,did not see,incorrect,FALSE,0.14591,10.34087244,high,0.174811309,low,12.78446874,16.312975,0.512083092,medium,0.738746642,high,0.319124,low,0.228091,low
7,26,"2,5",2,5,5.315072906,Top Left,m,did not see,did not see,incorrect,FALSE,0.499479,9.882301288,medium,0.348527167,low,11.37682503,13.61966925,0.567416182,medium,0.6647829,medium,0.436669,low,0.593175,medium
7,27,"3,2",3,2,7.158910532,Top Left,h,7.78 late,7.78,correct,TRUE,0.782826,9.207862,medium,0.068957,low,12.8432402,12.83890738,0.405530723,medium,0.554326117,medium,0.766983,high,0.868293,high
7,28,"5,14",5,14,5.590169944,Top Right,l,4.61,4.61,correct,FALSE,0.148361,7.042300446,low,0.248229732,low,10.42296033,12.87568645,0.51788006,medium,0.693103962,medium,0.383289,low,0.622011,medium
7,29,"8,3",8,3,5.852349955,Bottom Left,l,did not see,did not see,incorrect,FALSE,0.132426,8.622265,low,0.330608731,low,12.90807718,12.5445627,0.668523,medium,0.630429519,medium,0.154598,low,0.922716,high
7,30,"5,5",5,5,3.640054945,Top Left,m,1.55,1.55,correct,FALSE,0.502465,11.24589236,high,0.273838784,low,14.15985759,13.58914319,0.562401451,medium,0.693121,medium,0.359365,low,0.346689,low
7,31,"5,8",5,8,1.118033989,Top Left,m,1.58,1.58,correct,FALSE,0.497437,11.394567,high,0.45873101,medium,13.99918661,15.82898247,0.691293555,medium,0.842318768,high,0.388635,low,0.537615,medium
7,32,"2,7",2,7,4.272001873,Top Left,h,8.11 late,8.11,correct,TRUE,0.750853,10.83670903,high,0.346841904,low,13.92310566,13.91547688,0.600680487,medium,0.745452,high,0.392602,low,0.384493,low
7,33,"7,12",7,12,3.640054945,Bottom Right,h,did not see,did not see,incorrect,FALSE,0.739467,6.976369602,low,0.340689819,low,11.06907313,12.92668959,0.625368526,medium,0.716007003,high,0.745872,high,0.889333,high
7,34,"5,4",5,4,4.609772229,Top Left,l,did not see,did not see,incorrect,FALSE,0.136391,8.757408692,medium,0.090708,low,16.68725905,10.80687347,0.520577217,medium,0.421863859,medium,0.539504,medium,0.356104,low
7,35,"9,5",9,5,4.609772229,Bottom Left,h,did not see,did not see,incorrect,FALSE,0.755298,10.55875115,high,0.471726003,medium,13.03431237,13.87760958,0.724309,high,0.705077689,high,0.456023,low,0.465785,low
7,36,"3,9",3,9,3.041381265,Top Right,m,2.63,2.63,correct,FALSE,0.504792,10.31849384,high,0.271206972,low,13.96853889,12.48458473,0.58159587,medium,0.615691469,medium,0.32786,low,0.308924,low
7,37,"3,7",3,7,3.354101966,Top Left,l,did not see,did not see,incorrect,FALSE,0.138609,7.915379776,low,0.135603743,low,15.00597891,11.34854427,0.536714869,medium,0.567697923,medium,0.350456,low,0.343107,low
7,38,"7,8",7,8,1.118033989,Bottom Left,l,8.67 late,8.67,correct,TRUE,0.141446,8.907897251,medium,0.196729243,low,11.71109844,15.33970314,0.519486562,medium,0.678647,medium,0.510532,medium,0.30426,low
7,39,"1,5",1,5,6.103277808,Top Left,l,did not see,did not see,incorrect,FALSE,0.136468,8.949655165,medium,0.179499017,low,14.62175838,11.68992987,0.556387383,medium,0.547019886,medium,0.417885,low,0.495363,low
7,40,"8,9",8,9,2.061552813,Bottom Right,l,did not see,did not see,incorrect,FALSE,0.144569,10.02450662,medium,0.156656651,low,11.1050448,16.91112941,0.477594117,medium,0.694965002,medium,0.257502,low,0.329008,low
7,41,"3,13",3,13,5.408326913,Top Right,l,did not see,did not see,incorrect,FALSE,0.148752,7.830256908,low,0.087852,low,11.31387763,14.11025248,0.462885969,medium,0.559545804,medium,0.344234,low,0.327035,low
7,42,"2,14",2,14,6.800735254,Top Right,l,did not see,did not see,incorrect,FALSE,0.153089,6.198447454,low,0.126601005,low,7.534082099,16.9978782,0.269930049,low,0.786624921,high,0.208594,low,0.843005,high
7,43,"1,9",1,9,5.024937811,Top Right,h,did not see,did not see,incorrect,FALSE,0.746658,4.614111186,low,0.149265881,low,10.49183059,9.696995934,0.512781742,medium,0.479681,medium,0.207347,low,0.183588,low
7,44,"2,10",2,10,4.272001873,Top Right,h,did not see,did not see,incorrect,FALSE,0.742032,10.62671603,high,0.172589076,low,12.72105262,13.472514,0.479026913,medium,0.597659753,medium,0.409177,low,0.337879,low
7,45,"7,10",7,10,1.802775638,Bottom Right,m,8.26 late,8.26,correct,TRUE,0.504616,8.846064443,medium,0.264185511,low,10.39642952,15.29320027,0.498121412,medium,0.767084075,high,0.482822,low,0.627348,medium
7,46,"6,13",6,13,4.5,Bottom Right,l,did not see,did not see,incorrect,FALSE,0.149463,8.894658798,medium,0.198630146,low,10.14233311,14.99006896,0.434059046,medium,0.656537547,medium,0.607367,medium,0.435968,low
7,47,"5,14",5,14,5.590169944,Top Right,l,did not see,did not see,incorrect,FALSE,0.148361,7.042300446,low,0.248229732,low,10.42296033,12.87568645,0.51788006,medium,0.693103962,medium,0.383289,low,0.622011,medium
7,48,"9,12",9,12,4.609772229,Bottom Right,m,did not see,did not see,incorrect,FALSE,0.499084,10.24915996,high,0.436772256,medium,11.75493408,16.89304023,0.653406285,medium,0.859242589,high,0.256873,low,0.324843,low
7,49,"9,9",9,9,3.041381265,Bottom Right,m,8.74 late,8.74,correct,TRUE,0.501961,7.549186365,low,0.261199008,low,8.747970419,18.6791846,0.440575101,medium,0.832337795,high,0.287744,low,0.277304,low
7,50,"6,1",6,1,7.5,Bottom Left,h,did not see,did not see,incorrect,FALSE,0.783743,8.069105067,low,0.315587139,low,14.13795403,11.04942283,0.698799689,medium,0.520001095,medium,0.464173,low,0.492382,low
7,51,"3,3",3,3,6.264982043,Top Left,m,did not see,did not see,incorrect,FALSE,0.501834,9.203473626,medium,0.269606409,low,15.24917709,12.38486797,0.619907995,medium,0.670961945,medium,0.249213,low,0.374208,low
7,52,"5,1",5,1,7.566372975,Top Left,m,8.16 late,8.16,correct,TRUE,0.504358,8.963868659,medium,0.257528758,low,11.74972293,14.17658446,0.518899952,medium,0.760644914,high,0.296504,low,0.331203,low
7,53,"3,16",3,16,8.077747211,Top Right,l,did not see,did not see,incorrect,FALSE,0.150855,8.534351401,low,0.321445976,low,13.35129939,12.6983491,0.641644397,medium,0.723125649,high,0.322746,low,0.454032,low
7,54,"4,5",4,5,4.031128874,Top Left,l,1.39,1.39,correct,FALSE,0.136479,8.881531158,medium,0.267210825,low,12.51184051,13.03479379,0.572692737,medium,0.696187913,medium,0.289533,low,0.554078,medium
7,55,"3,6",3,6,3.905124838,Top Left,m,0.79,0.79,correct,FALSE,0.503727,7.764464,low,0.226812087,low,8.927291831,16.85548215,0.434222,medium,0.769897502,high,0.430121,low,0.489793,low
7,56,"6,9",6,9,0.5,Bottom Right,m,1.32,1.32,correct,FALSE,0.504844,8.173941,low,0.293603408,low,11.09340575,13.34785152,0.511369419,medium,0.68037281,medium,0.357873,low,0.275719,low
7,57,"9,11",9,11,3.905124838,Bottom Right,h,did not see,did not see,incorrect,FALSE,0.736154,8.760130193,medium,0.217604518,low,11.7019116,14.37227722,0.512020649,medium,0.729585118,high,0.657147,medium,0.740195,high
7,58,"2,13",2,13,6.020797289,Top Right,h,1.42,1.42,correct,FALSE,0.738029,10.64411116,high,0.13457586,low,12.52655438,14.81016024,0.37620482,low,0.700008516,high,0.311062,low,0.342227,low
7,59,"9,4",9,4,5.408326913,Bottom Left,m,did not see,did not see,incorrect,FALSE,0.500631,9.10596,medium,0.292824624,low,11.29495284,13.62086718,0.518292385,medium,0.712222694,high,0.279565,low,0.346036,low
7,60,"7,16",7,16,7.566372975,Bottom Right,m,did not see,did not see,incorrect,FALSE,0.500357,8.320421817,low,0.28431279,low,12.83948864,11.43907949,0.658612976,medium,0.498369677,medium,0.369187,low,0.296237,low
7,61,"4,8",4,8,2.061552813,Top Left,l,3.44,3.44,correct,FALSE,0.140752,7.796163948,low,0.243730855,low,14.63895589,10.95056531,0.657798728,medium,0.54002838,medium,0.320675,low,0.30832,low
7,62,"2,14",2,14,6.800735254,Top Right,l,0.93,0.93,correct,FALSE,0.153089,6.198447454,low,0.126601005,low,7.534082099,16.9978782,0.269930049,low,0.786624921,high,0.208594,low,0.843005,high
7,63,"10,6",10,6,4.716990566,Bottom Left,h,did not see,did not see,incorrect,FALSE,0.749555,9.93544233,medium,0.334959898,low,16.19531718,11.9445738,0.673408807,medium,0.601764,medium,0.230714,low,0.194986,low
7,64,"6,15",6,15,6.5,Bottom Right,l,did not see,did not see,incorrect,FALSE,0.152267,9.618126041,medium,0.19610824,low,12.4081962,13.77561861,0.522964476,medium,0.647909571,medium,0.26877,low,0.249944,low
7,65,"7,2",7,2,6.576473219,Bottom Left,l,did not see,did not see,incorrect,FALSE,0.133131,9.29780517,medium,0.072964,low,13.80752412,11.36289305,0.381276229,low,0.45500579,medium,0.248192,low,0.476955,low
7,66,"6,16",6,16,7.5,Bottom Right,l,did not see,did not see,incorrect,FALSE,0.153924,14.03396787,high,0.28624245,low,14.23714988,16.69837,0.565897576,medium,0.797867769,high,0.246366,low,0.808382,high
7,67,"10,13",10,13,6.020797289,Bottom Right,m,did not see,did not see,incorrect,FALSE,0.500591,10.06340683,high,0.298305425,low,10.13842924,19.49684594,0.474857724,medium,0.850984441,high,0.52999,medium,0.83216,high
7,68,"7,11",7,11,2.692582404,Bottom Right,l,did not see,did not see,incorrect,FALSE,0.147853,9.569433646,medium,0.158388029,low,14.32793183,11.50281917,0.525956898,medium,0.516750079,medium,0.351476,low,0.475164,low
7,69,"4,13",4,13,4.924428901,Top Right,m,8.43 late,8.43,correct,TRUE,0.501955,8.517266207,low,0.320700471,low,9.451031975,21.99689751,0.520800385,medium,0.866837749,high,0.510757,medium,0.852494,high
7,70,"5,1",5,1,7.566372975,Top Left,m,did not see,did not see,incorrect,FALSE,0.504358,8.963868659,medium,0.257528758,low,11.74972293,14.17658446,0.518899952,medium,0.760644914,high,0.296504,low,0.331203,low
7,71,"7,5",7,5,3.640054945,Bottom Left,l,did not see,did not see,incorrect,FALSE,0.136619,8.412961428,low,0.28125962,low,16.88384777,10.6486613,0.744452681,high,0.485269067,medium,0.423673,low,0.42576,low
7,72,"4,16",4,16,7.762087348,Top Right,m,7.09 late,7.09,correct,TRUE,0.50125,8.299104911,low,0.286777541,low,11.34849756,14.97253819,0.558209,medium,0.772560469,high,0.41141,low,0.565303,medium
7,73,"4,13",4,13,4.924428901,Top Right,m,3.54,3.54,correct,FALSE,0.501955,8.517266207,low,0.320700471,low,9.451031975,21.99689751,0.520800385,medium,0.866837749,high,0.510757,medium,0.852494,high
7,74,"3,11",3,11,3.905124838,Top Right,h,did not see,did not see,incorrect,FALSE,0.739741,12.97809717,high,0.57621325,medium,14.39417639,14.49449471,0.702438435,high,0.722998537,high,0.300628,low,0.368617,low
7,75,"7,1",7,1,7.566372975,Bottom Left,l,did not see,did not see,incorrect,FALSE,0.132252,7.582976558,low,0.345801319,low,9.144453936,17.41873825,0.541548451,medium,0.866349973,high,0.213652,low,0.392083,low
7,76,"6,13",6,13,4.5,Bottom Right,l,4.24,4.24,correct,FALSE,0.149463,8.894658798,medium,0.198630146,low,10.14233311,14.99006896,0.434059046,medium,0.656537547,medium,0.607367,medium,0.435968,low
7,77,"7,12",7,12,3.640054945,Bottom Right,h,did not see,did not see,incorrect,FALSE,0.739467,6.976369602,low,0.340689819,low,11.06907313,12.92668959,0.625368526,medium,0.716007003,high,0.745872,high,0.889333,high
7,78,"1,9",1,9,5.024937811,Top Right,h,7.47 late,7.47,correct,TRUE,0.746658,4.614111186,low,0.149265881,low,10.49183059,9.696995934,0.512781742,medium,0.479681,medium,0.207347,low,0.183588,low
7,79,"3,12",3,12,4.609772229,Top Right,m,0.99,0.99,correct,FALSE,0.503271,11.01952866,high,0.486262059,medium,12.98841629,16.65209115,0.682977,medium,0.854956468,high,0.324602,low,0.423311,low
7,80,"2,5",2,5,5.315072906,Top Left,m,0.77,0.77,correct,FALSE,0.499479,9.882301288,medium,0.348527167,low,11.37682503,13.61966925,0.567416182,medium,0.6647829,medium,0.436669,low,0.593175,medium
7,81,"11,6",11,6,5.590169944,Bottom Left,l,did not see,did not see,incorrect,FALSE,0.138655,10.11144153,high,0.280991005,low,12.95081191,13.53206151,0.560805841,medium,0.59694758,medium,0.295198,low,0.276641,low
7,82,"1,4",1,4,6.726812024,Top Left,h,did not see,did not see,incorrect,FALSE,0.775971,9.826318,medium,0.18007873,low,12.10056338,13.42246571,0.422549622,medium,0.648673698,medium,0.358936,low,0.397134,low
7,83,"6,4",6,4,4.5,Bottom Left,m,did not see,did not see,incorrect,FALSE,0.498255,7.890527632,low,0.404747746,medium,11.55185821,12.99825815,0.686819458,medium,0.702595454,high,0.551387,medium,0.71188,high
7,84,"2,8",2,8,4.031128874,Top Left,m,did not see,did not see,incorrect,FALSE,0.496145,7.437528461,low,0.246270248,low,10.94292144,11.86846537,0.530839105,medium,0.515177493,medium,0.622473,medium,0.76804,high
7,85,"8,4",8,4,4.924428901,Bottom Left,l,did not see,did not see,incorrect,FALSE,0.137801,10.82672146,high,0.271906525,low,12.32915256,18.23452335,0.555508433,medium,0.801467617,high,0.28184,low,0.487307,low
7,86,"5,6",5,6,2.692582404,Top Left,l,did not see,did not see,incorrect,FALSE,0.137007,11.85409478,high,0.301373005,low,13.55548575,15.32652697,0.575947742,medium,0.785880368,high,0.230773,low,0.809041,high
7,87,"9,5",9,5,4.609772229,Bottom Left,h,did not see,did not see,incorrect,FALSE,0.755298,10.55875115,high,0.471726003,medium,13.03431237,13.87760958,0.724309,high,0.705077689,high,0.456023,low,0.465785,low
7,88,"3,1",3,1,8.077747211,Top Left,h,did not see,did not see,incorrect,FALSE,0.78336,8.98651201,medium,0.199499889,low,11.12865666,12.92687642,0.428102361,medium,0.575487854,medium,0.336643,low,0.347331,low
7,89,"2,2",2,2,7.632168761,Top Left,m,did not see,did not see,incorrect,FALSE,0.503448,7.575062934,low,0.261009,low,11.01136572,13.10773724,0.527858233,medium,0.692547368,medium,0.40163,low,0.355659,low
7,90,"10,5",10,5,5.315072906,Bottom Left,l,did not see,did not see,incorrect,FALSE,0.137856,7.803767458,low,0.276825733,low,12.60270677,12.84937797,0.566765303,medium,0.708577117,high,0.202157,low,0.649259,medium
7,91,"7,9",7,9,1.118033989,Bottom Right,h,did not see,did not see,incorrect,FALSE,0.741072,10.47874979,high,0.105368632,low,13.97430586,14.12906901,0.400642002,medium,0.675553024,medium,0.215563,low,0.248952,low
7,92,"4,9",4,9,2.061552813,Top Right,h,2.42,2.42,correct,FALSE,0.74565,9.568562195,medium,0.394468384,low,13.91901641,13.32669257,0.663254697,medium,0.759413784,high,0.406466,low,0.418488,low
7,93,"3,14",3,14,6.264982043,Top Right,m,did not see,did not see,incorrect,FALSE,0.499892,8.937116676,medium,0.307539235,low,11.82424497,12.43097484,0.52331,medium,0.615030286,medium,0.6662,medium,0.656165,medium
7,94,"4,1",4,1,7.762087348,Top Left,l,did not see,did not see,incorrect,FALSE,0.131703,10.19838024,high,0.218051144,low,10.22316355,15.72851359,0.427485508,medium,0.691529169,medium,0.220884,low,0.553676,medium
7,95,"4,7",4,7,2.5,Top Left,m,did not see,did not see,incorrect,FALSE,0.501152,10.45108603,high,0.369602246,low,13.5879752,13.63761844,0.633729766,medium,0.711391657,high,0.578822,medium,0.878454,high
7,96,"4,12",4,12,4.031128874,Top Right,h,did not see,did not see,incorrect,FALSE,0.73963,12.75788073,high,0.582858012,medium,14.37935683,16.55274693,0.761275298,high,0.874402618,high,0.655942,medium,0.78649,high
7,97,"8,6",8,6,3.201562119,Bottom Left,l,did not see,did not see,incorrect,FALSE,0.137514,6.58017712,low,0.175683828,low,11.78284776,11.33352803,0.549881338,medium,0.599510892,medium,0.261824,low,0.237724,low
7,98,"6,14",6,14,5.5,Bottom Right,m,7.59 late,7.59,correct,TRUE,0.502396,8.910480767,medium,0.361857035,low,11.6861797,15.03899099,0.5946407,medium,0.807391859,high,0.544339,medium,0.80914,high
7,99,"6,13",6,13,4.5,Bottom Right,l,7.17 late,7.17,correct,TRUE,0.149463,8.894658798,medium,0.198630146,low,10.14233311,14.99006896,0.434059046,medium,0.656537547,medium,0.607367,medium,0.435968,low
7,100,"8,8",8,8,2.061552813,Bottom Left,m,did not see,did not see,incorrect,FALSE,0.493819,7.823545292,low,0.214039562,low,10.49018996,13.59269788,0.461056536,medium,0.690899417,medium,0.416045,low,0.720582,high
7,101,"11,5",11,5,6.103277808,Bottom Left,m,did not see,did not see,incorrect,FALSE,0.49994,7.961968337,low,0.30969124,low,10.02452302,15.11988237,0.541161959,medium,0.78335509,high,0.437235,low,0.455353,low
7,102,"7,12",7,12,3.640054945,Bottom Right,h,did not see,did not see,incorrect,FALSE,0.739467,6.976369602,low,0.340689819,low,11.06907313,12.92668959,0.625368526,medium,0.716007003,high,0.745872,high,0.889333,high
8,1,"1,10",1,10,5.220153254,Top Right,m,did not see,did not see,incorrect,FALSE,0.499959,10.32626235,high,0.286714527,low,11.19447818,14.2366771,0.497438751,medium,0.649467159,medium,0.563235,medium,0.678726,medium
8,2,"2,3",2,3,6.800735254,Top Left,l,did not see,did not see,incorrect,FALSE,0.133655,10.56458774,high,0.430848026,medium,14.35243978,14.45106499,0.695856139,medium,0.813388525,high,0.375356,low,0.265063,low
8,3,"3,9",3,9,3.041381265,Top Right,m,7.47 late,7.47,correct,TRUE,0.504792,10.31849384,high,0.271206972,low,13.96853889,12.48458473,0.58159587,medium,0.615691469,medium,0.32786,low,0.308924,low
8,4,"3,15",3,15,7.158910532,Top Right,l,did not see,did not see,incorrect,FALSE,0.1503,9.074487,medium,0.163994237,low,9.696648316,18.86998291,0.416280813,medium,0.762278638,high,0.394223,low,0.377542,low
8,5,"3,11",3,11,3.905124838,Top Right,h,early,early,incorrect,FALSE,0.739741,12.97809717,high,0.57621325,medium,14.39417639,14.49449471,0.702438435,high,0.722998537,high,0.300628,low,0.368617,low
8,6,"7,15",7,15,6.576473219,Bottom Right,m,did not see,did not see,incorrect,FALSE,0.502179,7.377111724,low,0.375648,low,8.733071518,20.23847609,0.546844158,medium,0.885705169,high,0.509461,medium,0.880015,high
8,7,"6,8",6,8,0.5,Bottom Left,h,3.05,3.05,correct,FALSE,0.747406,10.84347815,high,0.469390509,medium,13.00536534,17.24292791,0.673454494,medium,0.82402513,high,0.777596,high,0.801109,high
8,8,"8,14",8,14,5.852349955,Bottom Right,l,did not see,did not see,incorrect,FALSE,0.149415,4.954621676,low,0.185790744,low,12.97410347,9.090461796,0.702571619,high,0.438975857,medium,0.451169,low,0.355001,low
8,9,"2,2",2,2,7.632168761,Top Left,m,did not see,did not see,incorrect,FALSE,0.503448,7.575062934,low,0.261009,low,11.01136572,13.10773724,0.527858233,medium,0.692547368,medium,0.40163,low,0.355659,low
8,10,"4,15",4,15,6.800735254,Top Right,m,did not see,did not see,incorrect,FALSE,0.498275,7.867547353,low,0.335434947,low,11.27061811,13.98475212,0.633041731,medium,0.737636419,high,0.49275,low,0.860712,high
8,11,"5,10",5,10,1.802775638,Top Right,h,2.9,2.9,correct,FALSE,0.740714,9.932323,medium,0.239574697,low,12.3850021,14.83577161,0.506066175,medium,0.692409133,medium,0.753412,high,0.678145,medium
8,12,"8,5",8,5,4.031128874,Bottom Left,m,did not see,did not see,incorrect,FALSE,0.49912,6.812006337,low,0.310318732,low,9.163600247,15.69251421,0.535395161,medium,0.817047539,high,0.535063,medium,0.876311,high
8,13,"6,13",6,13,4.5,Bottom Right,l,did not see,did not see,incorrect,FALSE,0.149463,8.894658798,medium,0.198630146,low,10.14233311,14.99006896,0.434059046,medium,0.656537547,medium,0.607367,medium,0.435968,low
8,14,"3,3",3,3,6.264982043,Top Left,m,did not see,did not see,incorrect,FALSE,0.501834,9.203473626,medium,0.269606409,low,15.24917709,12.38486797,0.619907995,medium,0.670961945,medium,0.249213,low,0.374208,low
8,15,"7,1",7,1,7.566372975,Bottom Left,l,7.22 late,7.22,correct,TRUE,0.132252,7.582976558,low,0.345801319,low,9.144453936,17.41873825,0.541548451,medium,0.866349973,high,0.213652,low,0.392083,low
8,16,"9,13",9,13,5.408326913,Bottom Right,l,3.45,3.45,correct,FALSE,0.149172,8.84052,medium,0.238928625,low,11.52561954,14.22189736,0.560865373,medium,0.648101,medium,0.311128,low,0.324536,low
8,17,"2,7",2,7,4.272001873,Top Left,h,did not see,did not see,incorrect,FALSE,0.750853,10.83670903,high,0.346841904,low,13.92310566,13.91547688,0.600680487,medium,0.745452,high,0.392602,low,0.384493,low
8,18,"4,5",4,5,4.031128874,Top Left,l,did not see,did not see,incorrect,FALSE,0.136479,8.881531158,medium,0.267210825,low,12.51184051,13.03479379,0.572692737,medium,0.696187913,medium,0.289533,low,0.554078,medium
8,19,"5,4",5,4,4.609772229,Top Left,l,7.58 late,7.58,correct,TRUE,0.136391,8.757408692,medium,0.090708,low,16.68725905,10.80687347,0.520577217,medium,0.421863859,medium,0.539504,medium,0.356104,low
8,20,"2,7",2,7,4.272001873,Top Left,h,did not see,did not see,incorrect,FALSE,0.750853,10.83670903,high,0.346841904,low,13.92310566,13.91547688,0.600680487,medium,0.745452,high,0.392602,low,0.384493,low
8,21,"7,13",7,13,4.609772229,Bottom Right,m,did not see,did not see,incorrect,FALSE,0.500695,8.19808684,low,0.391253477,low,10.44949291,15.81823347,0.604299494,medium,0.829366988,high,0.453987,low,0.412429,low
8,22,"10,6",10,6,4.716990566,Bottom Left,h,did not see,did not see,incorrect,FALSE,0.749555,9.93544233,medium,0.334959898,low,16.19531718,11.9445738,0.673408807,medium,0.601764,medium,0.230714,low,0.194986,low
8,23,"4,6",4,6,3.201562119,Top Left,h,2.15,2.15,correct,FALSE,0.754106,9.296781572,medium,0.211521854,low,12.15512509,12.68434359,0.516418304,medium,0.57710279,medium,0.415739,low,0.422205,low
8,24,"4,14",4,14,5.852349955,Top Right,h,did not see,did not see,incorrect,FALSE,0.735171,11.88798567,high,0.457684982,medium,12.98160823,14.25592469,0.640851092,medium,0.74554436,high,0.620534,medium,0.690039,medium
8,25,"6,7",6,7,1.5,Bottom Left,l,3.69,3.69,correct,FALSE,0.140702,9.368791299,medium,0.253334812,low,10.28533586,20.54707722,0.498136795,medium,0.82694999,high,0.31958,low,0.609008,medium
8,26,"2,10",2,10,4.272001873,Top Right,h,1.96,1.96,correct,FALSE,0.742032,10.62671603,high,0.172589076,low,12.72105262,13.472514,0.479026913,medium,0.597659753,medium,0.409177,low,0.337879,low
8,27,"8,9",8,9,2.061552813,Bottom Right,l,2.78,2.78,correct,FALSE,0.144569,10.02450662,medium,0.156656651,low,11.1050448,16.91112941,0.477594117,medium,0.694965002,medium,0.257502,low,0.329008,low
8,28,"10,7",10,7,4.272001873,Bottom Left,m,did not see,did not see,incorrect,FALSE,0.508513,8.513237656,low,0.403968,medium,13.23805087,13.34985898,0.677701305,medium,0.793334185,high,0.264864,low,0.374528,low
8,29,"10,9",10,9,4.031128874,Bottom Right,h,2.39,2.39,correct,FALSE,0.740666,7.720993015,low,0.09442,low,9.414941719,20.20555172,0.366135278,low,0.756319945,high,0.725229,high,0.872892,high
8,30,"1,7",1,7,5.220153254,Top Left,m,did not see,did not see,incorrect,FALSE,0.503747,8.876649727,medium,0.210924652,low,9.93742363,17.05925232,0.451266934,medium,0.779103668,high,0.481094,low,0.822615,high
8,31,"7,12",7,12,3.640054945,Bottom Right,h,did not see,did not see,incorrect,FALSE,0.739467,6.976369602,low,0.340689819,low,11.06907313,12.92668959,0.625368526,medium,0.716007003,high,0.745872,high,0.889333,high
8,32,"8,7",8,7,2.5,Bottom Left,h,1.78,1.78,correct,FALSE,0.74669,14.17952972,high,0.45948622,medium,13.6085613,14.22007998,0.615035934,medium,0.631418009,medium,0.74661,high,0.843826,high
8,33,"1,7",1,7,5.220153254,Top Left,m,did not see,did not see,incorrect,FALSE,0.503747,8.876649727,medium,0.210924652,low,9.93742363,17.05925232,0.451266934,medium,0.779103668,high,0.481094,low,0.822615,high
8,34,"3,14",3,14,6.264982043,Top Right,m,did not see,did not see,incorrect,FALSE,0.499892,8.937116676,medium,0.307539235,low,11.82424497,12.43097484,0.52331,medium,0.615030286,medium,0.6662,medium,0.656165,medium
8,35,"8,2",8,2,6.800735254,Bottom Left,m,did not see,did not see,incorrect,FALSE,0.503689,10.48672742,high,0.323602818,low,13.37275327,14.35221457,0.604297192,medium,0.728889203,high,0.427817,low,0.494826,low
8,36,"2,9",2,9,4.031128874,Top Right,l,did not see,did not see,incorrect,FALSE,0.141383,5.259092283,low,0.191067006,low,7.472157105,15.11903036,0.407429085,medium,0.794420219,high,0.422637,low,0.339625,low
8,37,"6,2",6,2,6.5,Bottom Left,h,did not see,did not see,incorrect,FALSE,0.778935,15.62799797,high,0.675662359,medium,18.59302241,17.12269934,0.843946693,high,0.903996142,high,0.334572,low,0.32921,low
8,38,"7,13",7,13,4.609772229,Bottom Right,m,3.37,3.37,correct,FALSE,0.500695,8.19808684,low,0.391253477,low,10.44949291,15.81823347,0.604299494,medium,0.829366988,high,0.453987,low,0.412429,low
8,39,"11,7",11,7,5.220153254,Bottom Left,h,did not see,did not see,incorrect,FALSE,0.747791,11.71577541,high,0.618379163,medium,12.40029397,17.66404566,0.755906877,high,0.896580792,high,0.750809,high,0.883692,high
8,40,"10,6",10,6,4.716990566,Bottom Left,h,did not see,did not see,incorrect,FALSE,0.749555,9.93544233,medium,0.334959898,low,16.19531718,11.9445738,0.673408807,medium,0.601764,medium,0.230714,low,0.194986,low
8,41,"10,11",10,11,4.716990566,Bottom Right,l,did not see,did not see,incorrect,FALSE,0.151233,10.4232526,high,0.15361466,low,10.79656751,16.32892687,0.415566775,medium,0.720374659,high,0.277529,low,0.680981,medium
8,42,"10,4",10,4,6.020797289,Bottom Left,h,did not see,did not see,incorrect,FALSE,0.766454,9.475999,medium,0.297819217,low,13.01867065,13.95055075,0.536236678,medium,0.749323814,high,0.468754,low,0.527345,medium
8,43,"2,13",2,13,6.020797289,Top Right,h,5.32,5.32,correct,FALSE,0.738029,10.64411116,high,0.13457586,low,12.52655438,14.81016024,0.37620482,low,0.700008516,high,0.311062,low,0.342227,low
8,44,"7,7",7,7,1.802775638,Bottom Left,m,1.9,1.9,correct,FALSE,0.502215,8.656773238,low,0.422748638,medium,12.36911757,15.11340049,0.665249717,medium,0.783442259,high,0.661167,medium,0.560356,medium
8,45,"8,10",8,10,2.5,Bottom Right,h,1.54,1.54,correct,FALSE,0.741974,10.06407798,high,0.471237997,medium,12.8613049,13.91766946,0.659242311,medium,0.718854645,high,0.764273,high,0.849275,high
8,46,"3,1",3,1,8.077747211,Top Left,h,did not see,did not see,incorrect,FALSE,0.78336,8.98651201,medium,0.199499889,low,11.12865666,12.92687642,0.428102361,medium,0.575487854,medium,0.336643,low,0.347331,low
8,47,"3,9",3,9,3.041381265,Top Right,m,8.28 late,8.28,correct,TRUE,0.504792,10.31849384,high,0.271206972,low,13.96853889,12.48458473,0.58159587,medium,0.615691469,medium,0.32786,low,0.308924,low
8,48,"6,13",6,13,4.5,Bottom Right,l,7.75 late,7.75,correct,TRUE,0.149463,8.894658798,medium,0.198630146,low,10.14233311,14.99006896,0.434059046,medium,0.656537547,medium,0.607367,medium,0.435968,low
8,49,"2,7",2,7,4.272001873,Top Left,h,did not see,did not see,incorrect,FALSE,0.750853,10.83670903,high,0.346841904,low,13.92310566,13.91547688,0.600680487,medium,0.745452,high,0.392602,low,0.384493,low
8,50,"7,11",7,11,2.692582404,Bottom Right,l,1.75,1.75,correct,FALSE,0.147853,9.569433646,medium,0.158388029,low,14.32793183,11.50281917,0.525956898,medium,0.516750079,medium,0.351476,low,0.475164,low
8,51,"8,12",8,12,4.031128874,Bottom Right,l,7.76 late,7.76,correct,TRUE,0.14951,6.7113568,low,0.276203655,low,11.74177958,12.67166615,0.636724214,medium,0.630259853,medium,0.209357,low,0.607968,medium
8,52,"6,13",6,13,4.5,Bottom Right,l,3.38,3.38,correct,FALSE,0.149463,8.894658798,medium,0.198630146,low,10.14233311,14.99006896,0.434059046,medium,0.656537547,medium,0.607367,medium,0.435968,low
8,53,"1,14",1,14,7.433034374,Top Right,h,did not see,did not see,incorrect,FALSE,0.736799,10.48444,high,0.269980479,low,12.62634897,13.54333989,0.496518415,medium,0.670272006,medium,0.656448,medium,0.815978,high
8,54,"8,2",8,2,6.800735254,Bottom Left,m,did not see,did not see,incorrect,FALSE,0.503689,10.48672742,high,0.323602818,low,13.37275327,14.35221457,0.604297192,medium,0.728889203,high,0.427817,low,0.494826,low
8,55,"7,9",7,9,1.118033989,Bottom Right,h,did not see,did not see,incorrect,FALSE,0.741072,10.47874979,high,0.105368632,low,13.97430586,14.12906901,0.400642002,medium,0.675553024,medium,0.215563,low,0.248952,low
8,56,"1,10",1,10,5.220153254,Top Right,m,2.28,2.28,correct,FALSE,0.499959,10.32626235,high,0.286714527,low,11.19447818,14.2366771,0.497438751,medium,0.649467159,medium,0.563235,medium,0.678726,medium
8,57,"1,8",1,8,5.024937811,Top Left,l,did not see,did not see,incorrect,FALSE,0.140666,10.43548707,high,0.147774762,low,12.36143857,12.58136712,0.333545032,low,0.608577825,medium,0.198327,low,0.78928,high
8,58,"1,7",1,7,5.220153254,Top Left,m,did not see,did not see,incorrect,FALSE,0.503747,8.876649727,medium,0.210924652,low,9.93742363,17.05925232,0.451266934,medium,0.779103668,high,0.481094,low,0.822615,high
8,59,"5,1",5,1,7.566372975,Top Left,m,did not see,did not see,incorrect,FALSE,0.504358,8.963868659,medium,0.257528758,low,11.74972293,14.17658446,0.518899952,medium,0.760644914,high,0.296504,low,0.331203,low
8,60,"2,7",2,7,4.272001873,Top Left,h,7.44 late,7.44,correct,TRUE,0.750853,10.83670903,high,0.346841904,low,13.92310566,13.91547688,0.600680487,medium,0.745452,high,0.392602,low,0.384493,low
8,61,"5,13",5,13,4.609772229,Top Right,h,1.54,1.54,correct,FALSE,0.736745,11.33257586,high,0.183858439,low,12.73454577,13.35596674,0.467911418,medium,0.584303587,medium,0.405053,low,0.448635,low
8,62,"3,4",3,4,5.408326913,Top Left,m,1.31,1.31,correct,FALSE,0.50103,8.780273627,medium,0.417624705,medium,10.29276997,18.19342967,0.625585228,medium,0.862712625,high,0.410524,low,0.395506,low
8,63,"7,16",7,16,7.566372975,Bottom Right,m,did not see,did not see,incorrect,FALSE,0.500357,8.320421817,low,0.28431279,low,12.83948864,11.43907949,0.658612976,medium,0.498369677,medium,0.369187,low,0.296237,low
8,64,"7,8",7,8,1.118033989,Bottom Left,l,1.78,1.78,correct,FALSE,0.141446,8.907897251,medium,0.196729243,low,11.71109844,15.33970314,0.519486562,medium,0.678647,medium,0.510532,medium,0.30426,low
8,65,"6,14",6,14,5.5,Bottom Right,m,2.57,2.57,correct,FALSE,0.502396,8.910480767,medium,0.361857035,low,11.6861797,15.03899099,0.5946407,medium,0.807391859,high,0.544339,medium,0.80914,high
8,66,"3,13",3,13,5.408326913,Top Right,l,did not see,did not see,incorrect,FALSE,0.148752,7.830256908,low,0.087852,low,11.31387763,14.11025248,0.462885969,medium,0.559545804,medium,0.344234,low,0.327035,low
8,67,"1,13",1,13,6.726812024,Top Right,m,did not see,did not see,incorrect,FALSE,0.49857,9.424437687,medium,0.102606722,low,10.59092374,17.55094477,0.402535668,medium,0.718065483,high,0.477183,low,0.378888,low
8,68,"6,1",6,1,7.5,Bottom Left,h,did not see,did not see,incorrect,FALSE,0.783743,8.069105067,low,0.315587139,low,14.13795403,11.04942283,0.698799689,medium,0.520001095,medium,0.464173,low,0.492382,low
8,69,"2,12",2,12,5.315072906,Top Right,l,did not see,did not see,incorrect,FALSE,0.147122,4.198022944,low,0.139917736,low,11.81424932,8.671105795,0.651215233,medium,0.324339742,low,0.463928,low,0.210546,low
8,70,"5,6",5,6,2.692582404,Top Left,l,1.56,1.56,correct,FALSE,0.137007,11.85409478,high,0.301373005,low,13.55548575,15.32652697,0.575947742,medium,0.785880368,high,0.230773,low,0.809041,high
8,71,"1,4",1,4,6.726812024,Top Left,h,did not see,did not see,incorrect,FALSE,0.775971,9.826318,medium,0.18007873,low,12.10056338,13.42246571,0.422549622,medium,0.648673698,medium,0.358936,low,0.397134,low
8,72,"1,14",1,14,7.433034374,Top Right,h,did not see,did not see,incorrect,FALSE,0.736799,10.48444,high,0.269980479,low,12.62634897,13.54333989,0.496518415,medium,0.670272006,medium,0.656448,medium,0.815978,high
8,73,"6,6",6,6,2.5,Bottom Left,m,did not see,did not see,incorrect,FALSE,0.50213,9.303835705,medium,0.344452753,low,12.30512571,15.10671503,0.616769859,medium,0.778462511,high,0.495231,low,0.379595,low
8,74,"1,4",1,4,6.726812024,Top Left,h,did not see,did not see,incorrect,FALSE,0.775971,9.826318,medium,0.18007873,low,12.10056338,13.42246571,0.422549622,medium,0.648673698,medium,0.358936,low,0.397134,low
8,75,"3,13",3,13,5.408326913,Top Right,l,did not see,did not see,incorrect,FALSE,0.148752,7.830256908,low,0.087852,low,11.31387763,14.11025248,0.462885969,medium,0.559545804,medium,0.344234,low,0.327035,low
8,76,"9,9",9,9,3.041381265,Bottom Right,m,2.04,2.04,correct,FALSE,0.501961,7.549186365,low,0.261199008,low,8.747970419,18.6791846,0.440575101,medium,0.832337795,high,0.287744,low,0.277304,low
8,77,"10,4",10,4,6.020797289,Bottom Left,h,did not see,did not see,incorrect,FALSE,0.766454,9.475999,medium,0.297819217,low,13.01867065,13.95055075,0.536236678,medium,0.749323814,high,0.468754,low,0.527345,medium
8,78,"4,8",4,8,2.061552813,Top Left,l,7.55 late,7.55,correct,TRUE,0.140752,7.796163948,low,0.243730855,low,14.63895589,10.95056531,0.657798728,medium,0.54002838,medium,0.320675,low,0.30832,low
8,79,"3,1",3,1,8.077747211,Top Left,h,did not see,did not see,incorrect,FALSE,0.78336,8.98651201,medium,0.199499889,low,11.12865666,12.92687642,0.428102361,medium,0.575487854,medium,0.336643,low,0.347331,low
8,80,"10,6",10,6,4.716990566,Bottom Left,h,did not see,did not see,incorrect,FALSE,0.749555,9.93544233,medium,0.334959898,low,16.19531718,11.9445738,0.673408807,medium,0.601764,medium,0.230714,low,0.194986,low
8,81,"4,11",4,11,3.201562119,Top Right,l,1.74,1.74,correct,FALSE,0.147533,9.491143,medium,0.351428353,low,10.57838121,14.90992107,0.513114,medium,0.78581271,high,0.25485,low,0.475575,low
8,82,"7,1",7,1,7.566372975,Bottom Left,l,2.92,2.92,correct,FALSE,0.132252,7.582976558,low,0.345801319,low,9.144453936,17.41873825,0.541548451,medium,0.866349973,high,0.213652,low,0.392083,low
8,83,"6,12",6,12,3.5,Bottom Right,m,1.57,1.57,correct,FALSE,0.500156,7.801163073,low,0.335256932,low,10.65907573,14.97632894,0.585893888,medium,0.806898182,high,0.331647,low,0.475351,low
8,84,"3,6",3,6,3.905124838,Top Left,m,1.08,1.08,correct,FALSE,0.503727,7.764464,low,0.226812087,low,8.927291831,16.85548215,0.434222,medium,0.769897502,high,0.430121,low,0.489793,low
8,85,"6,12",6,12,3.5,Bottom Right,m,2.61,2.61,correct,FALSE,0.500156,7.801163073,low,0.335256932,low,10.65907573,14.97632894,0.585893888,medium,0.806898182,high,0.331647,low,0.475351,low
8,86,"7,13",7,13,4.609772229,Bottom Right,m,did not see,did not see,incorrect,FALSE,0.500695,8.19808684,low,0.391253477,low,10.44949291,15.81823347,0.604299494,medium,0.829366988,high,0.453987,low,0.412429,low
8,87,"6,11",6,11,2.5,Bottom Right,h,1.34,1.34,correct,FALSE,0.739862,10.99470967,high,0.385230702,low,14.87441399,13.37617557,0.635635585,medium,0.69913905,medium,0.441565,low,0.4804,low
8,88,"4,2",4,2,6.800735254,Top Left,l,1.58,1.58,correct,FALSE,0.132594,8.384166337,low,0.187199346,low,10.43115729,14.61057,0.474703557,medium,0.638381719,medium,0.659985,medium,0.502528,medium
8,89,"6,14",6,14,5.5,Bottom Right,m,8.88 late,8.88,correct,TRUE,0.502396,8.910480767,medium,0.361857035,low,11.6861797,15.03899099,0.5946407,medium,0.807391859,high,0.544339,medium,0.80914,high
8,90,"11,12",11,12,6.103277808,Bottom Right,l,did not see,did not see,incorrect,FALSE,0.149208,6.964910345,low,0.205383878,low,11.37227671,11.36056335,0.513272278,medium,0.60665,medium,0.250617,low,0.465814,low
8,91,"11,9",11,9,5.024937811,Bottom Right,l,did not see,did not see,incorrect,FALSE,0.143952,6.961933351,low,0.204555681,low,9.489752474,13.48478868,0.472912062,medium,0.655523,medium,0.582302,medium,0.505769,medium
8,92,"9,6",9,6,3.905124838,Bottom Left,m,did not see,did not see,incorrect,FALSE,0.502667,8.725985556,medium,0.416661317,medium,11.24819177,14.54266132,0.628532,medium,0.777890291,high,0.529516,medium,0.826592,high
8,93,"9,6",9,6,3.905124838,Bottom Left,m,did not see,did not see,incorrect,FALSE,0.502667,8.725985556,medium,0.416661317,medium,11.24819177,14.54266132,0.628532,medium,0.777890291,high,0.529516,medium,0.826592,high
8,94,"6,2",6,2,6.5,Bottom Left,h,did not see,did not see,incorrect,FALSE,0.778935,15.62799797,high,0.675662359,medium,18.59302241,17.12269934,0.843946693,high,0.903996142,high,0.334572,low,0.32921,low
8,95,"4,13",4,13,4.924428901,Top Right,m,1.34,1.34,correct,FALSE,0.501955,8.517266207,low,0.320700471,low,9.451031975,21.99689751,0.520800385,medium,0.866837749,high,0.510757,medium,0.852494,high
8,96,"2,4",2,4,6.020797289,Top Left,l,did not see,did not see,incorrect,FALSE,0.134134,11.80467834,high,0.122054988,low,12.51678937,14.30177144,0.442517027,medium,0.571714239,medium,0.682246,medium,0.26678,low
8,97,"6,11",6,11,2.5,Bottom Right,h,1.24,1.24,correct,FALSE,0.739862,10.99470967,high,0.385230702,low,14.87441399,13.37617557,0.635635585,medium,0.69913905,medium,0.441565,low,0.4804,low
8,98,"1,10",1,10,5.220153254,Top Right,m,did not see,did not see,incorrect,FALSE,0.499959,10.32626235,high,0.286714527,low,11.19447818,14.2366771,0.497438751,medium,0.649467159,medium,0.563235,medium,0.678726,medium
8,99,"7,8",7,8,1.118033989,Bottom Left,l,1.97,1.97,correct,FALSE,0.141446,8.907897251,medium,0.196729243,low,11.71109844,15.33970314,0.519486562,medium,0.678647,medium,0.510532,medium,0.30426,low
8,100,"1,5",1,5,6.103277808,Top Left,l,did not see,did not see,incorrect,FALSE,0.136468,8.949655165,medium,0.179499017,low,14.62175838,11.68992987,0.556387383,medium,0.547019886,medium,0.417885,low,0.495363,low
9,1,"2,6",2,6,4.716990566,Top Left,l,1.72,1.72,correct,FALSE,0.137677,9.56870836,medium,0.265540002,low,10.68589655,17.76339604,0.512944441,medium,0.817970532,high,0.211048,low,0.855506,high
9,2,"5,7",5,7,1.802775638,Top Left,h,1.18,1.18,correct,FALSE,0.747937,9.302374,medium,0.146219451,low,10.57046,14.78080315,0.399254733,low,0.647512864,medium,0.69043,medium,0.785063,high
9,3,"5,13",5,13,4.609772229,Top Right,h,1.2,1.2,correct,FALSE,0.736745,11.33257586,high,0.183858439,low,12.73454577,13.35596674,0.467911418,medium,0.584303587,medium,0.405053,low,0.448635,low
9,4,"3,12",3,12,4.609772229,Top Right,m,1.27,1.27,correct,FALSE,0.503271,11.01952866,high,0.486262059,medium,12.98841629,16.65209115,0.682977,medium,0.854956468,high,0.324602,low,0.423311,low
9,5,"2,13",2,13,6.020797289,Top Right,h,1.03,1.03,correct,FALSE,0.738029,10.64411116,high,0.13457586,low,12.52655438,14.81016024,0.37620482,low,0.700008516,high,0.311062,low,0.342227,low
9,6,"8,14",8,14,5.852349955,Bottom Right,l,did not see,did not see,incorrect,FALSE,0.149415,4.954621676,low,0.185790744,low,12.97410347,9.090461796,0.702571619,high,0.438975857,medium,0.451169,low,0.355001,low
9,7,"11,10",11,10,5.220153254,Bottom Right,h,5.04,5.04,correct,FALSE,0.7424,7.486701604,low,0.319743383,low,11.55579275,12.08806228,0.593751088,medium,0.661036,medium,0.472472,low,0.497795,low
9,8,"5,2",5,2,6.576473219,Top Left,m,2.01,2.01,correct,FALSE,0.502767,12.18970349,high,0.370590399,low,12.53660953,16.26785348,0.578909406,medium,0.817709103,high,0.508171,medium,0.842493,high
9,9,"10,11",10,11,4.716990566,Bottom Right,l,early,early,incorrect,FALSE,0.151233,10.4232526,high,0.15361466,low,10.79656751,16.32892687,0.415566775,medium,0.720374659,high,0.277529,low,0.680981,medium
9,10,"11,7",11,7,5.220153254,Bottom Left,h,1.83,1.83,correct,FALSE,0.747791,11.71577541,high,0.618379163,medium,12.40029397,17.66404566,0.755906877,high,0.896580792,high,0.750809,high,0.883692,high
9,11,"6,15",6,15,6.5,Bottom Right,l,1.86,1.86,correct,FALSE,0.152267,9.618126041,medium,0.19610824,low,12.4081962,13.77561861,0.522964476,medium,0.647909571,medium,0.26877,low,0.249944,low
9,12,"1,11",1,11,5.590169944,Top Right,l,5.08,5.08,correct,FALSE,0.14591,10.34087244,high,0.174811309,low,12.78446874,16.312975,0.512083092,medium,0.738746642,high,0.319124,low,0.228091,low
9,13,"6,14",6,14,5.5,Bottom Right,m,1.83,1.83,correct,FALSE,0.502396,8.910480767,medium,0.361857035,low,11.6861797,15.03899099,0.5946407,medium,0.807391859,high,0.544339,medium,0.80914,high
9,14,"3,5",3,5,4.609772229,Top Left,h,0.98,0.98,correct,FALSE,0.757983,10.13658799,high,0.1985744,low,11.71430297,13.95804308,0.426211827,medium,0.650370153,medium,0.287501,low,0.371619,low
9,15,"9,12",9,12,4.609772229,Bottom Right,m,0.89,0.89,correct,FALSE,0.499084,10.24915996,high,0.436772256,medium,11.75493408,16.89304023,0.653406285,medium,0.859242589,high,0.256873,low,0.324843,low
9,16,"7,11",7,11,2.692582404,Bottom Right,l,1.42,1.42,correct,FALSE,0.147853,9.569433646,medium,0.158388029,low,14.32793183,11.50281917,0.525956898,medium,0.516750079,medium,0.351476,low,0.475164,low
9,17,"4,1",4,1,7.762087348,Top Left,l,1.21,1.21,correct,FALSE,0.131703,10.19838024,high,0.218051144,low,10.22316355,15.72851359,0.427485508,medium,0.691529169,medium,0.220884,low,0.553676,medium
9,18,"4,8",4,8,2.061552813,Top Left,l,1.42,1.42,correct,FALSE,0.140752,7.796163948,low,0.243730855,low,14.63895589,10.95056531,0.657798728,medium,0.54002838,medium,0.320675,low,0.30832,low
9,19,"7,11",7,11,2.692582404,Bottom Right,l,1.08,1.08,correct,FALSE,0.147853,9.569433646,medium,0.158388029,low,14.32793183,11.50281917,0.525956898,medium,0.516750079,medium,0.351476,low,0.475164,low
9,20,"4,2",4,2,6.800735254,Top Left,l,1.34,1.34,correct,FALSE,0.132594,8.384166337,low,0.187199346,low,10.43115729,14.61057,0.474703557,medium,0.638381719,medium,0.659985,medium,0.502528,medium
9,21,"8,11",8,11,3.201562119,Bottom Right,m,1.78,1.78,correct,FALSE,0.499336,11.60434128,high,0.365012119,low,14.52275449,13.75396207,0.621860307,medium,0.714992648,high,0.297402,low,0.377662,low
9,22,"11,9",11,9,5.024937811,Bottom Right,l,1.31,1.31,correct,FALSE,0.143952,6.961933351,low,0.204555681,low,9.489752474,13.48478868,0.472912062,medium,0.655523,medium,0.582302,medium,0.505769,medium
9,23,"6,16",6,16,7.5,Bottom Right,l,1.89,1.89,correct,FALSE,0.153924,14.03396787,high,0.28624245,low,14.23714988,16.69837,0.565897576,medium,0.797867769,high,0.246366,low,0.808382,high
9,24,"5,13",5,13,4.609772229,Top Right,h,0.84,0.84,correct,FALSE,0.736745,11.33257586,high,0.183858439,low,12.73454577,13.35596674,0.467911418,medium,0.584303587,medium,0.405053,low,0.448635,low
9,25,"5,4",5,4,4.609772229,Top Left,l,5.53,5.53,correct,FALSE,0.136391,8.757408692,medium,0.090708,low,16.68725905,10.80687347,0.520577217,medium,0.421863859,medium,0.539504,medium,0.356104,low
9,26,"9,7",9,7,3.354101966,Bottom Left,l,1.32,1.32,correct,FALSE,0.139933,10.0626,high,0.16400719,low,14.65662339,13.56802904,0.536818127,medium,0.669926803,medium,0.341348,low,0.279165,low
9,27,"9,10",9,10,3.354101966,Bottom Right,l,1.15,1.15,correct,FALSE,0.146642,4.842865959,low,0.178752532,low,10.02491233,10.40007359,0.543976362,medium,0.577367835,medium,0.272733,low,0.263515,low
9,28,"3,16",3,16,8.077747211,Top Right,l,did not see,did not see,incorrect,FALSE,0.150855,8.534351401,low,0.321445976,low,13.35129939,12.6983491,0.641644397,medium,0.723125649,high,0.322746,low,0.454032,low
9,29,"7,10",7,10,1.802775638,Bottom Right,m,1,1,correct,FALSE,0.504616,8.846064443,medium,0.264185511,low,10.39642952,15.29320027,0.498121412,medium,0.767084075,high,0.482822,low,0.627348,medium
9,30,"3,5",3,5,4.609772229,Top Left,h,0.86,0.86,correct,FALSE,0.757983,10.13658799,high,0.1985744,low,11.71430297,13.95804308,0.426211827,medium,0.650370153,medium,0.287501,low,0.371619,low
9,31,"9,10",9,10,3.354101966,Bottom Right,l,0.81,0.81,correct,FALSE,0.146642,4.842865959,low,0.178752532,low,10.02491233,10.40007359,0.543976362,medium,0.577367835,medium,0.272733,low,0.263515,low
9,32,"8,7",8,7,2.5,Bottom Left,h,0.92,0.92,correct,FALSE,0.74669,14.17952972,high,0.45948622,medium,13.6085613,14.22007998,0.615035934,medium,0.631418009,medium,0.74661,high,0.843826,high
9,33,"1,14",1,14,7.433034374,Top Right,h,1.14,1.14,correct,FALSE,0.736799,10.48444,high,0.269980479,low,12.62634897,13.54333989,0.496518415,medium,0.670272006,medium,0.656448,medium,0.815978,high
9,34,"1,7",1,7,5.220153254,Top Left,m,0.89,0.89,correct,FALSE,0.503747,8.876649727,medium,0.210924652,low,9.93742363,17.05925232,0.451266934,medium,0.779103668,high,0.481094,low,0.822615,high
9,35,"8,2",8,2,6.800735254,Bottom Left,m,1.9,1.9,correct,FALSE,0.503689,10.48672742,high,0.323602818,low,13.37275327,14.35221457,0.604297192,medium,0.728889203,high,0.427817,low,0.494826,low
9,36,"8,13",8,13,4.924428901,Bottom Right,h,0.94,0.94,correct,FALSE,0.733349,8.535357277,low,0.152199734,low,13.92567612,11.80376331,0.452735111,medium,0.619001128,medium,0.36034,low,0.389775,low
9,37,"1,4",1,4,6.726812024,Top Left,h,1.25,1.25,correct,FALSE,0.775971,9.826318,medium,0.18007873,low,12.10056338,13.42246571,0.422549622,medium,0.648673698,medium,0.358936,low,0.397134,low
9,38,"9,4",9,4,5.408326913,Bottom Left,m,0.82,0.82,correct,FALSE,0.500631,9.10596,medium,0.292824624,low,11.29495284,13.62086718,0.518292385,medium,0.712222694,high,0.279565,low,0.346036,low
9,39,"7,5",7,5,3.640054945,Bottom Left,l,0.8,0.8,correct,FALSE,0.136619,8.412961428,low,0.28125962,low,16.88384777,10.6486613,0.744452681,high,0.485269067,medium,0.423673,low,0.42576,low
9,40,"10,6",10,6,4.716990566,Bottom Left,h,6.49 late,6.49,correct,TRUE,0.749555,9.93544233,medium,0.334959898,low,16.19531718,11.9445738,0.673408807,medium,0.601764,medium,0.230714,low,0.194986,low
9,41,"6,3",6,3,5.5,Bottom Left,m,0.9,0.9,correct,FALSE,0.500691,7.751437064,low,0.24050262,low,10.94020342,12.67649773,0.495544829,medium,0.642383,medium,0.596495,medium,0.735515,high
9,42,"5,11",5,11,2.692582404,Top Right,m,0.9,0.9,correct,FALSE,0.505388,9.302464,medium,0.346448019,low,13.10872389,13.56997065,0.600633214,medium,0.709233661,high,0.456761,low,0.489285,low
9,43,"8,7",8,7,2.5,Bottom Left,h,0.88,0.88,correct,FALSE,0.74669,14.17952972,high,0.45948622,medium,13.6085613,14.22007998,0.615035934,medium,0.631418009,medium,0.74661,high,0.843826,high
9,44,"2,9",2,9,4.031128874,Top Right,l,0.88,0.88,correct,FALSE,0.141383,5.259092283,low,0.191067006,low,7.472157105,15.11903036,0.407429085,medium,0.794420219,high,0.422637,low,0.339625,low
9,45,"10,7",10,7,4.272001873,Bottom Left,m,did not see,did not see,incorrect,FALSE,0.508513,8.513237656,low,0.403968,medium,13.23805087,13.34985898,0.677701305,medium,0.793334185,high,0.264864,low,0.374528,low
9,46,"5,2",5,2,6.576473219,Top Left,m,0.8,0.8,correct,FALSE,0.502767,12.18970349,high,0.370590399,low,12.53660953,16.26785348,0.578909406,medium,0.817709103,high,0.508171,medium,0.842493,high
9,47,"3,1",3,1,8.077747211,Top Left,h,0.94,0.94,correct,FALSE,0.78336,8.98651201,medium,0.199499889,low,11.12865666,12.92687642,0.428102361,medium,0.575487854,medium,0.336643,low,0.347331,low
9,48,"3,2",3,2,7.158910532,Top Left,h,0.95,0.95,correct,FALSE,0.782826,9.207862,medium,0.068957,low,12.8432402,12.83890738,0.405530723,medium,0.554326117,medium,0.766983,high,0.868293,high
9,49,"4,14",4,14,5.852349955,Top Right,h,0.74,0.74,correct,FALSE,0.735171,11.88798567,high,0.457684982,medium,12.98160823,14.25592469,0.640851092,medium,0.74554436,high,0.620534,medium,0.690039,medium
9,50,"10,9",10,9,4.031128874,Bottom Right,h,1.03,1.03,correct,FALSE,0.740666,7.720993015,low,0.09442,low,9.414941719,20.20555172,0.366135278,low,0.756319945,high,0.725229,high,0.872892,high
9,51,"4,13",4,13,4.924428901,Top Right,m,0.98,0.98,correct,FALSE,0.501955,8.517266207,low,0.320700471,low,9.451031975,21.99689751,0.520800385,medium,0.866837749,high,0.510757,medium,0.852494,high
9,52,"11,11",11,11,5.590169944,Bottom Right,m,did not see,did not see,incorrect,FALSE,0.500313,7.72330069,low,0.243319301,low,14.53998244,10.58344222,0.636649044,medium,0.48022524,medium,0.609538,medium,0.67236,medium
9,53,"6,2",6,2,6.5,Bottom Left,h,1.03,1.03,correct,FALSE,0.778935,15.62799797,high,0.675662359,medium,18.59302241,17.12269934,0.843946693,high,0.903996142,high,0.334572,low,0.32921,low
9,54,"1,14",1,14,7.433034374,Top Right,h,did not see,did not see,incorrect,FALSE,0.736799,10.48444,high,0.269980479,low,12.62634897,13.54333989,0.496518415,medium,0.670272006,medium,0.656448,medium,0.815978,high
9,55,"5,2",5,2,6.576473219,Top Left,m,1.49,1.49,correct,FALSE,0.502767,12.18970349,high,0.370590399,low,12.53660953,16.26785348,0.578909406,medium,0.817709103,high,0.508171,medium,0.842493,high
9,56,"4,5",4,5,4.031128874,Top Left,l,0.73,0.73,correct,FALSE,0.136479,8.881531158,medium,0.267210825,low,12.51184051,13.03479379,0.572692737,medium,0.696187913,medium,0.289533,low,0.554078,medium
9,57,"10,6",10,6,4.716990566,Bottom Left,h,0.99,0.99,correct,FALSE,0.749555,9.93544233,medium,0.334959898,low,16.19531718,11.9445738,0.673408807,medium,0.601764,medium,0.230714,low,0.194986,low
9,58,"3,8",3,8,3.041381265,Top Left,h,1.05,1.05,correct,FALSE,0.747077,8.87526057,medium,0.431442666,medium,13.31413275,13.01872619,0.685711,medium,0.762279553,high,0.356156,low,0.374724,low
9,59,"6,11",6,11,2.5,Bottom Right,h,1.07,1.07,correct,FALSE,0.739862,10.99470967,high,0.385230702,low,14.87441399,13.37617557,0.635635585,medium,0.69913905,medium,0.441565,low,0.4804,low
9,60,"4,5",4,5,4.031128874,Top Left,l,0.91,0.91,correct,FALSE,0.136479,8.881531158,medium,0.267210825,low,12.51184051,13.03479379,0.572692737,medium,0.696187913,medium,0.289533,low,0.554078,medium
9,61,"2,2",2,2,7.632168761,Top Left,m,did not see,did not see,incorrect,FALSE,0.503448,7.575062934,low,0.261009,low,11.01136572,13.10773724,0.527858233,medium,0.692547368,medium,0.40163,low,0.355659,low
9,62,"6,7",6,7,1.5,Bottom Left,l,1.71,1.71,correct,FALSE,0.140702,9.368791299,medium,0.253334812,low,10.28533586,20.54707722,0.498136795,medium,0.82694999,high,0.31958,low,0.609008,medium
9,63,"8,15",8,15,6.800735254,Bottom Right,h,1.03,1.03,correct,FALSE,0.734422,8.71238593,medium,0.197689989,low,9.394358316,14.47228739,0.326145567,low,0.696217668,medium,0.591615,medium,0.755431,high
9,64,"2,9",2,9,4.031128874,Top Right,l,0.73,0.73,correct,FALSE,0.141383,5.259092283,low,0.191067006,low,7.472157105,15.11903036,0.407429085,medium,0.794420219,high,0.422637,low,0.339625,low
9,65,"6,12",6,12,3.5,Bottom Right,m,0.67,0.67,correct,FALSE,0.500156,7.801163073,low,0.335256932,low,10.65907573,14.97632894,0.585893888,medium,0.806898182,high,0.331647,low,0.475351,low
9,66,"6,5",6,5,3.5,Bottom Left,h,0.62,0.62,correct,FALSE,0.758518,9.521109396,medium,0.375644685,low,10.9699314,19.57951928,0.61443564,medium,0.85735487,high,0.27523,low,0.468925,low
9,67,"9,14",9,14,6.264982043,Bottom Right,m,0.98,0.98,correct,FALSE,0.501958,8.100082281,low,0.232398,low,10.25427901,14.93116493,0.483564504,medium,0.751513,high,0.331301,low,0.404129,low
9,68,"3,13",3,13,5.408326913,Top Right,l,1.17,1.17,correct,FALSE,0.148752,7.830256908,low,0.087852,low,11.31387763,14.11025248,0.462885969,medium,0.559545804,medium,0.344234,low,0.327035,low
9,69,"3,12",3,12,4.609772229,Top Right,m,0.95,0.95,correct,FALSE,0.503271,11.01952866,high,0.486262059,medium,12.98841629,16.65209115,0.682977,medium,0.854956468,high,0.324602,low,0.423311,low
9,70,"6,3",6,3,5.5,Bottom Left,m,0.65,0.65,correct,FALSE,0.500691,7.751437064,low,0.24050262,low,10.94020342,12.67649773,0.495544829,medium,0.642383,medium,0.596495,medium,0.735515,high
9,71,"6,6",6,6,2.5,Bottom Left,m,0.81,0.81,correct,FALSE,0.50213,9.303835705,medium,0.344452753,low,12.30512571,15.10671503,0.616769859,medium,0.778462511,high,0.495231,low,0.379595,low
9,72,"5,6",5,6,2.692582404,Top Left,l,0.61,0.61,correct,FALSE,0.137007,11.85409478,high,0.301373005,low,13.55548575,15.32652697,0.575947742,medium,0.785880368,high,0.230773,low,0.809041,high
9,73,"1,8",1,8,5.024937811,Top Left,l,6.87 late,6.87,correct,TRUE,0.140666,10.43548707,high,0.147774762,low,12.36143857,12.58136712,0.333545032,low,0.608577825,medium,0.198327,low,0.78928,high
9,74,"7,10",7,10,1.802775638,Bottom Right,m,0.8,0.8,correct,FALSE,0.504616,8.846064443,medium,0.264185511,low,10.39642952,15.29320027,0.498121412,medium,0.767084075,high,0.482822,low,0.627348,medium
9,75,"4,3",4,3,5.852349955,Top Left,h,5.81,5.81,correct,FALSE,0.772261,9.899753,medium,0.08748,low,11.70435798,13.81879873,0.328804827,low,0.628036947,medium,0.232922,low,0.327436,low
9,76,"9,3",9,3,6.264982043,Bottom Left,m,3.15,3.15,correct,FALSE,0.500359,10.42570256,high,0.309994248,low,13.28985571,14.62567209,0.607134066,medium,0.71786737,high,0.629409,medium,0.703189,high
9,77,"9,7",9,7,3.354101966,Bottom Left,l,0.85,0.85,correct,FALSE,0.139933,10.0626,high,0.16400719,low,14.65662339,13.56802904,0.536818127,medium,0.669926803,medium,0.341348,low,0.279165,low
9,78,"7,10",7,10,1.802775638,Bottom Right,m,0.65,0.65,correct,FALSE,0.504616,8.846064443,medium,0.264185511,low,10.39642952,15.29320027,0.498121412,medium,0.767084075,high,0.482822,low,0.627348,medium
9,79,"10,9",10,9,4.031128874,Bottom Right,h,0.79,0.79,correct,FALSE,0.740666,7.720993015,low,0.09442,low,9.414941719,20.20555172,0.366135278,low,0.756319945,high,0.725229,high,0.872892,high
9,80,"8,9",8,9,2.061552813,Bottom Right,l,0.88,0.88,correct,FALSE,0.144569,10.02450662,medium,0.156656651,low,11.1050448,16.91112941,0.477594117,medium,0.694965002,medium,0.257502,low,0.329008,low
9,81,"7,11",7,11,2.692582404,Bottom Right,l,0.63,0.63,correct,FALSE,0.147853,9.569433646,medium,0.158388029,low,14.32793183,11.50281917,0.525956898,medium,0.516750079,medium,0.351476,low,0.475164,low
9,82,"5,6",5,6,2.692582404,Top Left,l,0.82,0.82,correct,FALSE,0.137007,11.85409478,high,0.301373005,low,13.55548575,15.32652697,0.575947742,medium,0.785880368,high,0.230773,low,0.809041,high
9,83,"1,8",1,8,5.024937811,Top Left,l,1.29,1.29,correct,FALSE,0.140666,10.43548707,high,0.147774762,low,12.36143857,12.58136712,0.333545032,low,0.608577825,medium,0.198327,low,0.78928,high
9,84,"5,6",5,6,2.692582404,Top Left,l,0.8,0.8,correct,FALSE,0.137007,11.85409478,high,0.301373005,low,13.55548575,15.32652697,0.575947742,medium,0.785880368,high,0.230773,low,0.809041,high
9,85,"8,13",8,13,4.924428901,Bottom Right,h,0.93,0.93,correct,FALSE,0.733349,8.535357277,low,0.152199734,low,13.92567612,11.80376331,0.452735111,medium,0.619001128,medium,0.36034,low,0.389775,low
9,86,"3,1",3,1,8.077747211,Top Left,h,0.9,0.9,correct,FALSE,0.78336,8.98651201,medium,0.199499889,low,11.12865666,12.92687642,0.428102361,medium,0.575487854,medium,0.336643,low,0.347331,low
9,87,"9,8",9,8,3.041381265,Bottom Left,h,1.75,1.75,correct,FALSE,0.742853,10.08127017,high,0.364950618,low,12.89123284,14.9176846,0.628290595,medium,0.787643318,high,0.332404,low,0.419661,low
9,88,"7,12",7,12,3.640054945,Bottom Right,h,2.85,2.85,correct,FALSE,0.739467,6.976369602,low,0.340689819,low,11.06907313,12.92668959,0.625368526,medium,0.716007003,high,0.745872,high,0.889333,high
9,89,"6,14",6,14,5.5,Bottom Right,m,1.49,1.49,correct,FALSE,0.502396,8.910480767,medium,0.361857035,low,11.6861797,15.03899099,0.5946407,medium,0.807391859,high,0.544339,medium,0.80914,high
9,90,"7,1",7,1,7.566372975,Bottom Left,l,0.7,0.7,correct,FALSE,0.132252,7.582976558,low,0.345801319,low,9.144453936,17.41873825,0.541548451,medium,0.866349973,high,0.213652,low,0.392083,low
9,91,"9,11",9,11,3.905124838,Bottom Right,h,0.75,0.75,correct,FALSE,0.736154,8.760130193,medium,0.217604518,low,11.7019116,14.37227722,0.512020649,medium,0.729585118,high,0.657147,medium,0.740195,high
9,92,"4,12",4,12,4.031128874,Top Right,h,0.68,0.68,correct,FALSE,0.73963,12.75788073,high,0.582858012,medium,14.37935683,16.55274693,0.761275298,high,0.874402618,high,0.655942,medium,0.78649,high
9,93,"2,13",2,13,6.020797289,Top Right,h,3.67,3.67,correct,FALSE,0.738029,10.64411116,high,0.13457586,low,12.52655438,14.81016024,0.37620482,low,0.700008516,high,0.311062,low,0.342227,low
9,94,"3,9",3,9,3.041381265,Top Right,m,0.77,0.77,correct,FALSE,0.504792,10.31849384,high,0.271206972,low,13.96853889,12.48458473,0.58159587,medium,0.615691469,medium,0.32786,low,0.308924,low
9,95,"4,15",4,15,6.800735254,Top Right,m,0.76,0.76,correct,FALSE,0.498275,7.867547353,low,0.335434947,low,11.27061811,13.98475212,0.633041731,medium,0.737636419,high,0.49275,low,0.860712,high
9,96,"7,1",7,1,7.566372975,Bottom Left,l,0.59,0.59,correct,FALSE,0.132252,7.582976558,low,0.345801319,low,9.144453936,17.41873825,0.541548451,medium,0.866349973,high,0.213652,low,0.392083,low
9,97,"3,12",3,12,4.609772229,Top Right,m,0.88,0.88,correct,FALSE,0.503271,11.01952866,high,0.486262059,medium,12.98841629,16.65209115,0.682977,medium,0.854956468,high,0.324602,low,0.423311,low
9,98,"5,12",5,12,3.640054945,Top Right,l,0.52,0.52,correct,FALSE,0.14642,8.459853003,low,0.061378,low,11.75766421,13.21337404,0.433901126,medium,0.52457487,medium,0.292993,low,0.374829,low
9,99,"7,13",7,13,4.609772229,Bottom Right,m,0.7,0.7,correct,FALSE,0.500695,8.19808684,low,0.391253477,low,10.44949291,15.81823347,0.604299494,medium,0.829366988,high,0.453987,low,0.412429,low
9,100,"3,12",3,12,4.609772229,Top Right,m,0.77,0.77,correct,FALSE,0.503271,11.01952866,high,0.486262059,medium,12.98841629,16.65209115,0.682977,medium,0.854956468,high,0.324602,low,0.423311,low
10,1,"2,8",2,8,4.031128874,Top Left,m,1.8,1.8,correct,FALSE,0.496145,7.437528461,low,0.246270248,low,10.94292144,11.86846537,0.530839105,medium,0.515177493,medium,0.622473,medium,0.76804,high
10,2,"6,7",6,7,1.5,Bottom Left,l,1.29,1.29,correct,FALSE,0.140702,9.368791299,medium,0.253334812,low,10.28533586,20.54707722,0.498136795,medium,0.82694999,high,0.31958,low,0.609008,medium
10,3,"3,5",3,5,4.609772229,Top Left,h,1.23,1.23,correct,FALSE,0.757983,10.13658799,high,0.1985744,low,11.71430297,13.95804308,0.426211827,medium,0.650370153,medium,0.287501,low,0.371619,low
10,4,"7,12",7,12,3.640054945,Bottom Right,h,did not see,did not see,incorrect,FALSE,0.739467,6.976369602,low,0.340689819,low,11.06907313,12.92668959,0.625368526,medium,0.716007003,high,0.745872,high,0.889333,high
10,5,"9,3",9,3,6.264982043,Bottom Left,m,did not see,did not see,incorrect,FALSE,0.500359,10.42570256,high,0.309994248,low,13.28985571,14.62567209,0.607134066,medium,0.71786737,high,0.629409,medium,0.703189,high
10,6,"9,6",9,6,3.905124838,Bottom Left,m,1.11,1.11,correct,FALSE,0.502667,8.725985556,medium,0.416661317,medium,11.24819177,14.54266132,0.628532,medium,0.777890291,high,0.529516,medium,0.826592,high
10,7,"8,15",8,15,6.800735254,Bottom Right,h,1.11,1.11,correct,FALSE,0.734422,8.71238593,medium,0.197689989,low,9.394358316,14.47228739,0.326145567,low,0.696217668,medium,0.591615,medium,0.755431,high
10,8,"3,3",3,3,6.264982043,Top Left,m,did not see,did not see,incorrect,FALSE,0.501834,9.203473626,medium,0.269606409,low,15.24917709,12.38486797,0.619907995,medium,0.670961945,medium,0.249213,low,0.374208,low
10,9,"5,2",5,2,6.576473219,Top Left,m,0.95,0.95,correct,FALSE,0.502767,12.18970349,high,0.370590399,low,12.53660953,16.26785348,0.578909406,medium,0.817709103,high,0.508171,medium,0.842493,high
10,10,"5,1",5,1,7.566372975,Top Left,m,1.15,1.15,correct,FALSE,0.504358,8.963868659,medium,0.257528758,low,11.74972293,14.17658446,0.518899952,medium,0.760644914,high,0.296504,low,0.331203,low
10,11,"10,10",10,10,4.272001873,Bottom Right,m,did not see,did not see,incorrect,FALSE,0.499534,9.648563,medium,0.261810297,low,11.97052117,14.50783338,0.54347749,medium,0.736437882,high,0.248511,low,0.310609,low
10,12,"2,3",2,3,6.800735254,Top Left,l,did not see,did not see,incorrect,FALSE,0.133655,10.56458774,high,0.430848026,medium,14.35243978,14.45106499,0.695856139,medium,0.813388525,high,0.375356,low,0.265063,low
10,13,"11,6",11,6,5.590169944,Bottom Left,l,8.08 late,8.08,correct,TRUE,0.138655,10.11144153,high,0.280991005,low,12.95081191,13.53206151,0.560805841,medium,0.59694758,medium,0.295198,low,0.276641,low
10,14,"8,7",8,7,2.5,Bottom Left,h,1.3,1.3,correct,FALSE,0.74669,14.17952972,high,0.45948622,medium,13.6085613,14.22007998,0.615035934,medium,0.631418009,medium,0.74661,high,0.843826,high
10,15,"2,12",2,12,5.315072906,Top Right,l,5.87,5.87,correct,FALSE,0.147122,4.198022944,low,0.139917736,low,11.81424932,8.671105795,0.651215233,medium,0.324339742,low,0.463928,low,0.210546,low
10,16,"10,11",10,11,4.716990566,Bottom Right,l,1.21,1.21,correct,FALSE,0.151233,10.4232526,high,0.15361466,low,10.79656751,16.32892687,0.415566775,medium,0.720374659,high,0.277529,low,0.680981,medium
10,17,"9,14",9,14,6.264982043,Bottom Right,m,1.16,1.16,correct,FALSE,0.501958,8.100082281,low,0.232398,low,10.25427901,14.93116493,0.483564504,medium,0.751513,high,0.331301,low,0.404129,low
10,18,"5,9",5,9,1.118033989,Top Right,l,2.13,2.13,correct,FALSE,0.144013,10.1573656,high,0.315364198,low,11.43292894,16.38790518,0.536672831,medium,0.808671829,high,0.262363,low,0.473711,low
10,19,"3,14",3,14,6.264982043,Top Right,m,1.36,1.36,correct,FALSE,0.499892,8.937116676,medium,0.307539235,low,11.82424497,12.43097484,0.52331,medium,0.615030286,medium,0.6662,medium,0.656165,medium
10,20,"9,4",9,4,5.408326913,Bottom Left,m,1.46,1.46,correct,FALSE,0.500631,9.10596,medium,0.292824624,low,11.29495284,13.62086718,0.518292385,medium,0.712222694,high,0.279565,low,0.346036,low
10,21,"6,14",6,14,5.5,Bottom Right,m,1.25,1.25,correct,FALSE,0.502396,8.910480767,medium,0.361857035,low,11.6861797,15.03899099,0.5946407,medium,0.807391859,high,0.544339,medium,0.80914,high
10,22,"11,12",11,12,6.103277808,Bottom Right,l,did not see,did not see,incorrect,FALSE,0.149208,6.964910345,low,0.205383878,low,11.37227671,11.36056335,0.513272278,medium,0.60665,medium,0.250617,low,0.465814,low
10,23,"10,5",10,5,5.315072906,Bottom Left,l,did not see,did not see,incorrect,FALSE,0.137856,7.803767458,low,0.276825733,low,12.60270677,12.84937797,0.566765303,medium,0.708577117,high,0.202157,low,0.649259,medium
10,24,"11,6",11,6,5.590169944,Bottom Left,l,did not see,did not see,incorrect,FALSE,0.138655,10.11144153,high,0.280991005,low,12.95081191,13.53206151,0.560805841,medium,0.59694758,medium,0.295198,low,0.276641,low
10,25,"2,15",2,15,7.632168761,Top Right,h,1.23,1.23,correct,FALSE,0.733042,7.190191084,low,0.362656063,low,9.38279328,13.76564234,0.551752233,medium,0.766353542,high,0.411468,low,0.391219,low
10,26,"3,7",3,7,3.354101966,Top Left,l,8.38 late,8.38,correct,TRUE,0.138609,7.915379776,low,0.135603743,low,15.00597891,11.34854427,0.536714869,medium,0.567697923,medium,0.350456,low,0.343107,low
10,27,"4,16",4,16,7.762087348,Top Right,m,1.47,1.47,correct,FALSE,0.50125,8.299104911,low,0.286777541,low,11.34849756,14.97253819,0.558209,medium,0.772560469,high,0.41141,low,0.565303,medium
10,28,"6,7",6,7,1.5,Bottom Left,l,1.71,1.71,correct,FALSE,0.140702,9.368791299,medium,0.253334812,low,10.28533586,20.54707722,0.498136795,medium,0.82694999,high,0.31958,low,0.609008,medium
10,29,"11,11",11,11,5.590169944,Bottom Right,m,5.69,5.69,correct,FALSE,0.500313,7.72330069,low,0.243319301,low,14.53998244,10.58344222,0.636649044,medium,0.48022524,medium,0.609538,medium,0.67236,medium
10,30,"6,10",6,10,1.5,Bottom Right,l,1.66,1.66,correct,FALSE,0.146857,11.94292328,high,0.210823548,low,11.88992384,18.3679121,0.506691517,medium,0.761694893,high,0.266352,low,0.499291,low
10,31,"10,11",10,11,4.716990566,Bottom Right,l,3.33,3.33,correct,FALSE,0.151233,10.4232526,high,0.15361466,low,10.79656751,16.32892687,0.415566775,medium,0.720374659,high,0.277529,low,0.680981,medium
10,32,"3,13",3,13,5.408326913,Top Right,l,1.22,1.22,correct,FALSE,0.148752,7.830256908,low,0.087852,low,11.31387763,14.11025248,0.462885969,medium,0.559545804,medium,0.344234,low,0.327035,low
10,33,"1,14",1,14,7.433034374,Top Right,h,did not see,did not see,incorrect,FALSE,0.736799,10.48444,high,0.269980479,low,12.62634897,13.54333989,0.496518415,medium,0.670272006,medium,0.656448,medium,0.815978,high
10,34,"6,4",6,4,4.5,Bottom Left,m,1.83,1.83,correct,FALSE,0.498255,7.890527632,low,0.404747746,medium,11.55185821,12.99825815,0.686819458,medium,0.702595454,high,0.551387,medium,0.71188,high
10,35,"1,10",1,10,5.220153254,Top Right,m,1.34,1.34,correct,FALSE,0.499959,10.32626235,high,0.286714527,low,11.19447818,14.2366771,0.497438751,medium,0.649467159,medium,0.563235,medium,0.678726,medium
10,36,"5,12",5,12,3.640054945,Top Right,l,1.38,1.38,correct,FALSE,0.14642,8.459853003,low,0.061378,low,11.75766421,13.21337404,0.433901126,medium,0.52457487,medium,0.292993,low,0.374829,low
10,37,"9,6",9,6,3.905124838,Bottom Left,m,1.45,1.45,correct,FALSE,0.502667,8.725985556,medium,0.416661317,medium,11.24819177,14.54266132,0.628532,medium,0.777890291,high,0.529516,medium,0.826592,high
10,38,"9,9",9,9,3.041381265,Bottom Right,m,did not see,did not see,incorrect,FALSE,0.501961,7.549186365,low,0.261199008,low,8.747970419,18.6791846,0.440575101,medium,0.832337795,high,0.287744,low,0.277304,low
10,39,"6,8",6,8,0.5,Bottom Left,h,1.54,1.54,correct,FALSE,0.747406,10.84347815,high,0.469390509,medium,13.00536534,17.24292791,0.673454494,medium,0.82402513,high,0.777596,high,0.801109,high
10,40,"7,9",7,9,1.118033989,Bottom Right,h,1.66,1.66,correct,FALSE,0.741072,10.47874979,high,0.105368632,low,13.97430586,14.12906901,0.400642002,medium,0.675553024,medium,0.215563,low,0.248952,low
10,41,"5,6",5,6,2.692582404,Top Left,l,1.82,1.82,correct,FALSE,0.137007,11.85409478,high,0.301373005,low,13.55548575,15.32652697,0.575947742,medium,0.785880368,high,0.230773,low,0.809041,high
10,42,"4,5",4,5,4.031128874,Top Left,l,1.39,1.39,correct,FALSE,0.136479,8.881531158,medium,0.267210825,low,12.51184051,13.03479379,0.572692737,medium,0.696187913,medium,0.289533,low,0.554078,medium
10,43,"9,12",9,12,4.609772229,Bottom Right,m,1.18,1.18,correct,FALSE,0.499084,10.24915996,high,0.436772256,medium,11.75493408,16.89304023,0.653406285,medium,0.859242589,high,0.256873,low,0.324843,low
10,44,"3,4",3,4,5.408326913,Top Left,m,1.74,1.74,correct,FALSE,0.50103,8.780273627,medium,0.417624705,medium,10.29276997,18.19342967,0.625585228,medium,0.862712625,high,0.410524,low,0.395506,low
10,45,"3,15",3,15,7.158910532,Top Right,l,1.48,1.48,correct,FALSE,0.1503,9.074487,medium,0.163994237,low,9.696648316,18.86998291,0.416280813,medium,0.762278638,high,0.394223,low,0.377542,low
10,46,"4,11",4,11,3.201562119,Top Right,l,1.47,1.47,correct,FALSE,0.147533,9.491143,medium,0.351428353,low,10.57838121,14.90992107,0.513114,medium,0.78581271,high,0.25485,low,0.475575,low
10,47,"9,7",9,7,3.354101966,Bottom Left,l,7.54 late,7.54,correct,TRUE,0.139933,10.0626,high,0.16400719,low,14.65662339,13.56802904,0.536818127,medium,0.669926803,medium,0.341348,low,0.279165,low
10,48,"5,9",5,9,1.118033989,Top Right,l,1.71,1.71,correct,FALSE,0.144013,10.1573656,high,0.315364198,low,11.43292894,16.38790518,0.536672831,medium,0.808671829,high,0.262363,low,0.473711,low
10,49,"3,16",3,16,8.077747211,Top Right,l,did not see,did not see,incorrect,FALSE,0.150855,8.534351401,low,0.321445976,low,13.35129939,12.6983491,0.641644397,medium,0.723125649,high,0.322746,low,0.454032,low
10,50,"10,7",10,7,4.272001873,Bottom Left,m,did not see,did not see,incorrect,FALSE,0.508513,8.513237656,low,0.403968,medium,13.23805087,13.34985898,0.677701305,medium,0.793334185,high,0.264864,low,0.374528,low
10,51,"3,8",3,8,3.041381265,Top Left,h,2.15,2.15,correct,FALSE,0.747077,8.87526057,medium,0.431442666,medium,13.31413275,13.01872619,0.685711,medium,0.762279553,high,0.356156,low,0.374724,low
10,52,"6,11",6,11,2.5,Bottom Right,h,1.93,1.93,correct,FALSE,0.739862,10.99470967,high,0.385230702,low,14.87441399,13.37617557,0.635635585,medium,0.69913905,medium,0.441565,low,0.4804,low
10,53,"3,4",3,4,5.408326913,Top Left,m,1.49,1.49,correct,FALSE,0.50103,8.780273627,medium,0.417624705,medium,10.29276997,18.19342967,0.625585228,medium,0.862712625,high,0.410524,low,0.395506,low
10,54,"11,11",11,11,5.590169944,Bottom Right,m,did not see,did not see,incorrect,FALSE,0.500313,7.72330069,low,0.243319301,low,14.53998244,10.58344222,0.636649044,medium,0.48022524,medium,0.609538,medium,0.67236,medium
10,55,"2,7",2,7,4.272001873,Top Left,h,1.84,1.84,correct,FALSE,0.750853,10.83670903,high,0.346841904,low,13.92310566,13.91547688,0.600680487,medium,0.745452,high,0.392602,low,0.384493,low
10,56,"1,14",1,14,7.433034374,Top Right,h,6.91 late,6.91,correct,TRUE,0.736799,10.48444,high,0.269980479,low,12.62634897,13.54333989,0.496518415,medium,0.670272006,medium,0.656448,medium,0.815978,high
10,57,"5,4",5,4,4.609772229,Top Left,l,1.6,1.6,correct,FALSE,0.136391,8.757408692,medium,0.090708,low,16.68725905,10.80687347,0.520577217,medium,0.421863859,medium,0.539504,medium,0.356104,low
10,58,"2,3",2,3,6.800735254,Top Left,l,did not see,did not see,incorrect,FALSE,0.133655,10.56458774,high,0.430848026,medium,14.35243978,14.45106499,0.695856139,medium,0.813388525,high,0.375356,low,0.265063,low
10,59,"1,8",1,8,5.024937811,Top Left,l,2.28,2.28,correct,FALSE,0.140666,10.43548707,high,0.147774762,low,12.36143857,12.58136712,0.333545032,low,0.608577825,medium,0.198327,low,0.78928,high
10,60,"6,13",6,13,4.5,Bottom Right,l,2.48,2.48,correct,FALSE,0.149463,8.894658798,medium,0.198630146,low,10.14233311,14.99006896,0.434059046,medium,0.656537547,medium,0.607367,medium,0.435968,low
10,61,"5,8",5,8,1.118033989,Top Left,m,1.66,1.66,correct,FALSE,0.497437,11.394567,high,0.45873101,medium,13.99918661,15.82898247,0.691293555,medium,0.842318768,high,0.388635,low,0.537615,medium
10,62,"7,9",7,9,1.118033989,Bottom Right,h,2.33,2.33,correct,FALSE,0.741072,10.47874979,high,0.105368632,low,13.97430586,14.12906901,0.400642002,medium,0.675553024,medium,0.215563,low,0.248952,low
10,63,"7,8",7,8,1.118033989,Bottom Left,l,1.31,1.31,correct,FALSE,0.141446,8.907897251,medium,0.196729243,low,11.71109844,15.33970314,0.519486562,medium,0.678647,medium,0.510532,medium,0.30426,low
10,64,"3,2",3,2,7.158910532,Top Left,h,3.73,3.73,correct,FALSE,0.782826,9.207862,medium,0.068957,low,12.8432402,12.83890738,0.405530723,medium,0.554326117,medium,0.766983,high,0.868293,high
10,65,"9,3",9,3,6.264982043,Bottom Left,m,did not see,did not see,incorrect,FALSE,0.500359,10.42570256,high,0.309994248,low,13.28985571,14.62567209,0.607134066,medium,0.71786737,high,0.629409,medium,0.703189,high
10,66,"11,7",11,7,5.220153254,Bottom Left,h,did not see,did not see,incorrect,FALSE,0.747791,11.71577541,high,0.618379163,medium,12.40029397,17.66404566,0.755906877,high,0.896580792,high,0.750809,high,0.883692,high
10,67,"5,12",5,12,3.640054945,Top Right,l,3.07,3.07,correct,FALSE,0.14642,8.459853003,low,0.061378,low,11.75766421,13.21337404,0.433901126,medium,0.52457487,medium,0.292993,low,0.374829,low
10,68,"7,6",7,6,2.692582404,Bottom Left,h,1.48,1.48,correct,FALSE,0.756419,11.65619691,high,0.275797555,low,14.48470332,13.39998735,0.527994,medium,0.712493068,high,0.280259,low,0.343404,low
10,69,"8,8",8,8,2.061552813,Bottom Left,m,1.35,1.35,correct,FALSE,0.493819,7.823545292,low,0.214039562,low,10.49018996,13.59269788,0.461056536,medium,0.690899417,medium,0.416045,low,0.720582,high
10,70,"5,16",5,16,7.566372975,Top Right,h,1.64,1.64,correct,FALSE,0.731307,10.95698507,high,0.480901337,medium,15.20775849,13.56801681,0.741333493,high,0.771739,high,0.474986,low,0.409619,low
10,71,"7,4",7,4,4.609772229,Bottom Left,h,1.78,1.78,correct,FALSE,0.762415,9.644809178,medium,0.086051,low,9.657204442,16.28263827,0.258281309,low,0.722620507,high,0.387356,low,0.400922,low
10,72,"3,3",3,3,6.264982043,Top Left,m,2.79,2.79,correct,FALSE,0.501834,9.203473626,medium,0.269606409,low,15.24917709,12.38486797,0.619907995,medium,0.670961945,medium,0.249213,low,0.374208,low
10,73,"7,15",7,15,6.576473219,Bottom Right,m,1.5,1.5,correct,FALSE,0.502179,7.377111724,low,0.375648,low,8.733071518,20.23847609,0.546844158,medium,0.885705169,high,0.509461,medium,0.880015,high
10,74,"2,9",2,9,4.031128874,Top Right,l,1.12,1.12,correct,FALSE,0.141383,5.259092283,low,0.191067006,low,7.472157105,15.11903036,0.407429085,medium,0.794420219,high,0.422637,low,0.339625,low
10,75,"4,11",4,11,3.201562119,Top Right,l,1.29,1.29,correct,FALSE,0.147533,9.491143,medium,0.351428353,low,10.57838121,14.90992107,0.513114,medium,0.78581271,high,0.25485,low,0.475575,low
10,76,"2,5",2,5,5.315072906,Top Left,m,2.39,2.39,correct,FALSE,0.499479,9.882301288,medium,0.348527167,low,11.37682503,13.61966925,0.567416182,medium,0.6647829,medium,0.436669,low,0.593175,medium
10,77,"9,14",9,14,6.264982043,Bottom Right,m,did not see,did not see,incorrect,FALSE,0.501958,8.100082281,low,0.232398,low,10.25427901,14.93116493,0.483564504,medium,0.751513,high,0.331301,low,0.404129,low
10,78,"8,10",8,10,2.5,Bottom Right,h,1.16,1.16,correct,FALSE,0.741974,10.06407798,high,0.471237997,medium,12.8613049,13.91766946,0.659242311,medium,0.718854645,high,0.764273,high,0.849275,high
10,79,"8,10",8,10,2.5,Bottom Right,h,1.31,1.31,correct,FALSE,0.741974,10.06407798,high,0.471237997,medium,12.8613049,13.91766946,0.659242311,medium,0.718854645,high,0.764273,high,0.849275,high
10,80,"9,11",9,11,3.905124838,Bottom Right,h,1.48,1.48,correct,FALSE,0.736154,8.760130193,medium,0.217604518,low,11.7019116,14.37227722,0.512020649,medium,0.729585118,high,0.657147,medium,0.740195,high
10,81,"10,8",10,8,4.031128874,Bottom Left,l,did not see,did not see,incorrect,FALSE,0.14553,9.794274695,medium,0.185166605,low,14.24197055,14.41046095,0.506931,medium,0.733222414,high,0.347868,low,0.354189,low
10,82,"3,4",3,4,5.408326913,Top Left,m,1.25,1.25,correct,FALSE,0.50103,8.780273627,medium,0.417624705,medium,10.29276997,18.19342967,0.625585228,medium,0.862712625,high,0.410524,low,0.395506,low
10,83,"6,7",6,7,1.5,Bottom Left,l,1.03,1.03,correct,FALSE,0.140702,9.368791299,medium,0.253334812,low,10.28533586,20.54707722,0.498136795,medium,0.82694999,high,0.31958,low,0.609008,medium
10,84,"6,8",6,8,0.5,Bottom Left,h,1.15,1.15,correct,FALSE,0.747406,10.84347815,high,0.469390509,medium,13.00536534,17.24292791,0.673454494,medium,0.82402513,high,0.777596,high,0.801109,high
10,85,"4,2",4,2,6.800735254,Top Left,l,2.42,2.42,correct,FALSE,0.132594,8.384166337,low,0.187199346,low,10.43115729,14.61057,0.474703557,medium,0.638381719,medium,0.659985,medium,0.502528,medium
10,86,"7,4",7,4,4.609772229,Bottom Left,h,1.19,1.19,correct,FALSE,0.762415,9.644809178,medium,0.086051,low,9.657204442,16.28263827,0.258281309,low,0.722620507,high,0.387356,low,0.400922,low
10,87,"5,15",5,15,6.576473219,Top Right,h,did not see,did not see,incorrect,FALSE,0.734458,14.61259528,high,0.585803592,medium,16.08146739,17.26127998,0.746652017,high,0.882695024,high,0.396808,low,0.345057,low
10,88,"7,7",7,7,1.802775638,Bottom Left,m,1.17,1.17,correct,FALSE,0.502215,8.656773238,low,0.422748638,medium,12.36911757,15.11340049,0.665249717,medium,0.783442259,high,0.661167,medium,0.560356,medium
10,89,"4,13",4,13,4.924428901,Top Right,m,1.2,1.2,correct,FALSE,0.501955,8.517266207,low,0.320700471,low,9.451031975,21.99689751,0.520800385,medium,0.866837749,high,0.510757,medium,0.852494,high
10,90,"4,10",4,10,2.5,Top Right,m,1.29,1.29,correct,FALSE,0.500548,9.500195729,medium,0.379485994,low,11.42713543,15.01084666,0.587086094,medium,0.82090987,high,0.378461,low,0.409957,low
10,91,"9,7",9,7,3.354101966,Bottom Left,l,did not see,did not see,incorrect,FALSE,0.139933,10.0626,high,0.16400719,low,14.65662339,13.56802904,0.536818127,medium,0.669926803,medium,0.341348,low,0.279165,low
10,92,"8,13",8,13,4.924428901,Bottom Right,h,did not see,did not see,incorrect,FALSE,0.733349,8.535357277,low,0.152199734,low,13.92567612,11.80376331,0.452735111,medium,0.619001128,medium,0.36034,low,0.389775,low
10,93,"9,14",9,14,6.264982043,Bottom Right,m,did not see,did not see,incorrect,FALSE,0.501958,8.100082281,low,0.232398,low,10.25427901,14.93116493,0.483564504,medium,0.751513,high,0.331301,low,0.404129,low
10,94,"4,7",4,7,2.5,Top Left,m,3.2,3.2,correct,FALSE,0.501152,10.45108603,high,0.369602246,low,13.5879752,13.63761844,0.633729766,medium,0.711391657,high,0.578822,medium,0.878454,high
10,95,"2,6",2,6,4.716990566,Top Left,l,did not see,did not see,incorrect,FALSE,0.137677,9.56870836,medium,0.265540002,low,10.68589655,17.76339604,0.512944441,medium,0.817970532,high,0.211048,low,0.855506,high
10,96,"2,14",2,14,6.800735254,Top Right,l,1.26,1.26,correct,FALSE,0.153089,6.198447454,low,0.126601005,low,7.534082099,16.9978782,0.269930049,low,0.786624921,high,0.208594,low,0.843005,high
10,97,"7,10",7,10,1.802775638,Bottom Right,m,0.94,0.94,correct,FALSE,0.504616,8.846064443,medium,0.264185511,low,10.39642952,15.29320027,0.498121412,medium,0.767084075,high,0.482822,low,0.627348,medium
10,98,"11,5",11,5,6.103277808,Bottom Left,m,1.53,1.53,correct,FALSE,0.49994,7.961968337,low,0.30969124,low,10.02452302,15.11988237,0.541161959,medium,0.78335509,high,0.437235,low,0.455353,low
10,99,"8,15",8,15,6.800735254,Bottom Right,h,1.71,1.71,correct,FALSE,0.734422,8.71238593,medium,0.197689989,low,9.394358316,14.47228739,0.326145567,low,0.696217668,medium,0.591615,medium,0.755431,high
10,100,"2,8",2,8,4.031128874,Top Left,m,did not see,did not see,incorrect,FALSE,0.496145,7.437528461,low,0.246270248,low,10.94292144,11.86846537,0.530839105,medium,0.515177493,medium,0.622473,medium,0.76804,high
11,1,"7,11",7,11,2.692582404,Bottom Right,l,5.92,5.92,correct,FALSE,0.147853,9.569433646,medium,0.158388029,low,14.32793183,11.50281917,0.525956898,medium,0.516750079,medium,0.351476,low,0.475164,low
11,2,"7,14",7,14,5.590169944,Bottom Right,h,2.09,2.09,correct,FALSE,0.730382,10.20810724,high,0.368456249,low,10.20322957,18.98257046,0.520062077,medium,0.858920336,high,0.657745,medium,0.844669,high
11,3,"1,14",1,14,7.433034374,Top Right,h,did not see,did not see,incorrect,FALSE,0.736799,10.48444,high,0.269980479,low,12.62634897,13.54333989,0.496518415,medium,0.670272006,medium,0.656448,medium,0.815978,high
11,4,"5,11",5,11,2.692582404,Top Right,m,1.53,1.53,correct,FALSE,0.505388,9.302464,medium,0.346448019,low,13.10872389,13.56997065,0.600633214,medium,0.709233661,high,0.456761,low,0.489285,low
11,5,"8,13",8,13,4.924428901,Bottom Right,h,did not see,did not see,incorrect,FALSE,0.733349,8.535357277,low,0.152199734,low,13.92567612,11.80376331,0.452735111,medium,0.619001128,medium,0.36034,low,0.389775,low
11,6,"6,3",6,3,5.5,Bottom Left,m,early,early,incorrect,FALSE,0.500691,7.751437064,low,0.24050262,low,10.94020342,12.67649773,0.495544829,medium,0.642383,medium,0.596495,medium,0.735515,high
11,7,"7,4",7,4,4.609772229,Bottom Left,h,1.6,1.6,correct,FALSE,0.762415,9.644809178,medium,0.086051,low,9.657204442,16.28263827,0.258281309,low,0.722620507,high,0.387356,low,0.400922,low
11,8,"3,10",3,10,3.354101966,Top Right,l,1.56,1.56,correct,FALSE,0.144849,6.369818919,low,0.232284989,low,7.812647392,17.3506997,0.415176996,medium,0.834617823,high,0.243589,low,0.628278,medium
11,9,"4,16",4,16,7.762087348,Top Right,m,did not see,did not see,incorrect,FALSE,0.50125,8.299104911,low,0.286777541,low,11.34849756,14.97253819,0.558209,medium,0.772560469,high,0.41141,low,0.565303,medium
11,10,"2,13",2,13,6.020797289,Top Right,h,early,early,incorrect,FALSE,0.738029,10.64411116,high,0.13457586,low,12.52655438,14.81016024,0.37620482,low,0.700008516,high,0.311062,low,0.342227,low
11,11,"11,9",11,9,5.024937811,Bottom Right,l,did not see,did not see,incorrect,FALSE,0.143952,6.961933351,low,0.204555681,low,9.489752474,13.48478868,0.472912062,medium,0.655523,medium,0.582302,medium,0.505769,medium
11,12,"11,6",11,6,5.590169944,Bottom Left,l,did not see,did not see,incorrect,FALSE,0.138655,10.11144153,high,0.280991005,low,12.95081191,13.53206151,0.560805841,medium,0.59694758,medium,0.295198,low,0.276641,low
11,13,"4,12",4,12,4.031128874,Top Right,h,2.02,2.02,correct,FALSE,0.73963,12.75788073,high,0.582858012,medium,14.37935683,16.55274693,0.761275298,high,0.874402618,high,0.655942,medium,0.78649,high
11,14,"2,5",2,5,5.315072906,Top Left,m,1.81,1.81,correct,FALSE,0.499479,9.882301288,medium,0.348527167,low,11.37682503,13.61966925,0.567416182,medium,0.6647829,medium,0.436669,low,0.593175,medium
11,15,"10,6",10,6,4.716990566,Bottom Left,h,7.43 late,7.43,correct,TRUE,0.749555,9.93544233,medium,0.334959898,low,16.19531718,11.9445738,0.673408807,medium,0.601764,medium,0.230714,low,0.194986,low
11,16,"2,7",2,7,4.272001873,Top Left,h,did not see,did not see,incorrect,FALSE,0.750853,10.83670903,high,0.346841904,low,13.92310566,13.91547688,0.600680487,medium,0.745452,high,0.392602,low,0.384493,low
11,17,"7,7",7,7,1.802775638,Bottom Left,m,early,early,incorrect,FALSE,0.502215,8.656773238,low,0.422748638,medium,12.36911757,15.11340049,0.665249717,medium,0.783442259,high,0.661167,medium,0.560356,medium
11,18,"10,5",10,5,5.315072906,Bottom Left,l,did not see,did not see,incorrect,FALSE,0.137856,7.803767458,low,0.276825733,low,12.60270677,12.84937797,0.566765303,medium,0.708577117,high,0.202157,low,0.649259,medium
11,19,"7,2",7,2,6.576473219,Bottom Left,l,early,early,incorrect,FALSE,0.133131,9.29780517,medium,0.072964,low,13.80752412,11.36289305,0.381276229,low,0.45500579,medium,0.248192,low,0.476955,low
11,20,"7,15",7,15,6.576473219,Bottom Right,m,2.46,2.46,correct,FALSE,0.502179,7.377111724,low,0.375648,low,8.733071518,20.23847609,0.546844158,medium,0.885705169,high,0.509461,medium,0.880015,high
11,21,"5,13",5,13,4.609772229,Top Right,h,1.69,1.69,correct,FALSE,0.736745,11.33257586,high,0.183858439,low,12.73454577,13.35596674,0.467911418,medium,0.584303587,medium,0.405053,low,0.448635,low
11,22,"1,11",1,11,5.590169944,Top Right,l,did not see,did not see,incorrect,FALSE,0.14591,10.34087244,high,0.174811309,low,12.78446874,16.312975,0.512083092,medium,0.738746642,high,0.319124,low,0.228091,low
11,23,"1,6",1,6,5.590169944,Top Left,h,1.66,1.66,correct,FALSE,0.754725,8.856830277,medium,0.309107906,low,10.27276575,14.64687878,0.52115134,medium,0.721206637,high,0.33695,low,0.405107,low
11,24,"3,4",3,4,5.408326913,Top Left,m,2.1,2.1,correct,FALSE,0.50103,8.780273627,medium,0.417624705,medium,10.29276997,18.19342967,0.625585228,medium,0.862712625,high,0.410524,low,0.395506,low
11,25,"1,3",1,3,7.433034374,Top Left,h,2.33,2.33,correct,FALSE,0.777352,8.700985643,medium,0.180291529,low,12.53741084,13.09281069,0.495628437,medium,0.627498461,medium,0.271993,low,0.279534,low
11,26,"9,12",9,12,4.609772229,Bottom Right,m,1.33,1.33,correct,FALSE,0.499084,10.24915996,high,0.436772256,medium,11.75493408,16.89304023,0.653406285,medium,0.859242589,high,0.256873,low,0.324843,low
11,27,"11,5",11,5,6.103277808,Bottom Left,m,did not see,did not see,incorrect,FALSE,0.49994,7.961968337,low,0.30969124,low,10.02452302,15.11988237,0.541161959,medium,0.78335509,high,0.437235,low,0.455353,low
11,28,"4,8",4,8,2.061552813,Top Left,l,1.94,1.94,correct,FALSE,0.140752,7.796163948,low,0.243730855,low,14.63895589,10.95056531,0.657798728,medium,0.54002838,medium,0.320675,low,0.30832,low
11,29,"8,6",8,6,3.201562119,Bottom Left,l,1.5,1.5,correct,FALSE,0.137514,6.58017712,low,0.175683828,low,11.78284776,11.33352803,0.549881338,medium,0.599510892,medium,0.261824,low,0.237724,low
11,30,"6,7",6,7,1.5,Bottom Left,l,1.32,1.32,correct,FALSE,0.140702,9.368791299,medium,0.253334812,low,10.28533586,20.54707722,0.498136795,medium,0.82694999,high,0.31958,low,0.609008,medium
11,31,"8,4",8,4,4.924428901,Bottom Left,l,2.55,2.55,correct,FALSE,0.137801,10.82672146,high,0.271906525,low,12.32915256,18.23452335,0.555508433,medium,0.801467617,high,0.28184,low,0.487307,low
11,32,"3,11",3,11,3.905124838,Top Right,h,3.31,3.31,correct,FALSE,0.739741,12.97809717,high,0.57621325,medium,14.39417639,14.49449471,0.702438435,high,0.722998537,high,0.300628,low,0.368617,low
11,33,"6,16",6,16,7.5,Bottom Right,l,did not see,did not see,incorrect,FALSE,0.153924,14.03396787,high,0.28624245,low,14.23714988,16.69837,0.565897576,medium,0.797867769,high,0.246366,low,0.808382,high
11,34,"6,1",6,1,7.5,Bottom Left,h,did not see,did not see,incorrect,FALSE,0.783743,8.069105067,low,0.315587139,low,14.13795403,11.04942283,0.698799689,medium,0.520001095,medium,0.464173,low,0.492382,low
11,35,"8,10",8,10,2.5,Bottom Right,h,1.81,1.81,correct,FALSE,0.741974,10.06407798,high,0.471237997,medium,12.8613049,13.91766946,0.659242311,medium,0.718854645,high,0.764273,high,0.849275,high
11,36,"2,9",2,9,4.031128874,Top Right,l,1.78,1.78,correct,FALSE,0.141383,5.259092283,low,0.191067006,low,7.472157105,15.11903036,0.407429085,medium,0.794420219,high,0.422637,low,0.339625,low
11,37,"6,10",6,10,1.5,Bottom Right,l,1.21,1.21,correct,FALSE,0.146857,11.94292328,high,0.210823548,low,11.88992384,18.3679121,0.506691517,medium,0.761694893,high,0.266352,low,0.499291,low
11,38,"4,5",4,5,4.031128874,Top Left,l,3.3,3.3,correct,FALSE,0.136479,8.881531158,medium,0.267210825,low,12.51184051,13.03479379,0.572692737,medium,0.696187913,medium,0.289533,low,0.554078,medium
11,39,"1,12",1,12,6.103277808,Top Right,h,did not see,did not see,incorrect,FALSE,0.734679,10.78471464,high,0.179079909,low,15.34391694,14.38535754,0.508477,medium,0.677180145,medium,0.33493,low,0.444266,low
11,40,"6,6",6,6,2.5,Bottom Left,m,1.58,1.58,correct,FALSE,0.50213,9.303835705,medium,0.344452753,low,12.30512571,15.10671503,0.616769859,medium,0.778462511,high,0.495231,low,0.379595,low
11,41,"5,15",5,15,6.576473219,Top Right,h,did not see,did not see,incorrect,FALSE,0.734458,14.61259528,high,0.585803592,medium,16.08146739,17.26127998,0.746652017,high,0.882695024,high,0.396808,low,0.345057,low
11,42,"10,10",10,10,4.272001873,Bottom Right,m,1.89,1.89,correct,FALSE,0.499534,9.648563,medium,0.261810297,low,11.97052117,14.50783338,0.54347749,medium,0.736437882,high,0.248511,low,0.310609,low
11,43,"7,9",7,9,1.118033989,Bottom Right,h,1.2,1.2,correct,FALSE,0.741072,10.47874979,high,0.105368632,low,13.97430586,14.12906901,0.400642002,medium,0.675553024,medium,0.215563,low,0.248952,low
11,44,"11,9",11,9,5.024937811,Bottom Right,l,1.26,1.26,correct,FALSE,0.143952,6.961933351,low,0.204555681,low,9.489752474,13.48478868,0.472912062,medium,0.655523,medium,0.582302,medium,0.505769,medium
11,45,"1,10",1,10,5.220153254,Top Right,m,1.16,1.16,correct,FALSE,0.499959,10.32626235,high,0.286714527,low,11.19447818,14.2366771,0.497438751,medium,0.649467159,medium,0.563235,medium,0.678726,medium
11,46,"5,1",5,1,7.566372975,Top Left,m,1.39,1.39,correct,FALSE,0.504358,8.963868659,medium,0.257528758,low,11.74972293,14.17658446,0.518899952,medium,0.760644914,high,0.296504,low,0.331203,low
11,47,"9,8",9,8,3.041381265,Bottom Left,h,did not see,did not see,incorrect,FALSE,0.742853,10.08127017,high,0.364950618,low,12.89123284,14.9176846,0.628290595,medium,0.787643318,high,0.332404,low,0.419661,low
11,48,"3,11",3,11,3.905124838,Top Right,h,1.14,1.14,correct,FALSE,0.739741,12.97809717,high,0.57621325,medium,14.39417639,14.49449471,0.702438435,high,0.722998537,high,0.300628,low,0.368617,low
11,49,"7,1",7,1,7.566372975,Bottom Left,l,1.4,1.4,correct,FALSE,0.132252,7.582976558,low,0.345801319,low,9.144453936,17.41873825,0.541548451,medium,0.866349973,high,0.213652,low,0.392083,low
11,50,"2,5",2,5,5.315072906,Top Left,m,1.69,1.69,correct,FALSE,0.499479,9.882301288,medium,0.348527167,low,11.37682503,13.61966925,0.567416182,medium,0.6647829,medium,0.436669,low,0.593175,medium
11,51,"6,10",6,10,1.5,Bottom Right,l,1.23,1.23,correct,FALSE,0.146857,11.94292328,high,0.210823548,low,11.88992384,18.3679121,0.506691517,medium,0.761694893,high,0.266352,low,0.499291,low
11,52,"7,15",7,15,6.576473219,Bottom Right,m,1.46,1.46,correct,FALSE,0.502179,7.377111724,low,0.375648,low,8.733071518,20.23847609,0.546844158,medium,0.885705169,high,0.509461,medium,0.880015,high
11,53,"2,10",2,10,4.272001873,Top Right,h,1.53,1.53,correct,FALSE,0.742032,10.62671603,high,0.172589076,low,12.72105262,13.472514,0.479026913,medium,0.597659753,medium,0.409177,low,0.337879,low
11,54,"8,5",8,5,4.031128874,Bottom Left,m,1.37,1.37,correct,FALSE,0.49912,6.812006337,low,0.310318732,low,9.163600247,15.69251421,0.535395161,medium,0.817047539,high,0.535063,medium,0.876311,high
11,55,"1,12",1,12,6.103277808,Top Right,h,2.79,2.79,correct,FALSE,0.734679,10.78471464,high,0.179079909,low,15.34391694,14.38535754,0.508477,medium,0.677180145,medium,0.33493,low,0.444266,low
11,56,"5,2",5,2,6.576473219,Top Left,m,1.35,1.35,correct,FALSE,0.502767,12.18970349,high,0.370590399,low,12.53660953,16.26785348,0.578909406,medium,0.817709103,high,0.508171,medium,0.842493,high
11,57,"2,14",2,14,6.800735254,Top Right,l,0.98,0.98,correct,FALSE,0.153089,6.198447454,low,0.126601005,low,7.534082099,16.9978782,0.269930049,low,0.786624921,high,0.208594,low,0.843005,high
11,58,"8,7",8,7,2.5,Bottom Left,h,0.98,0.98,correct,FALSE,0.74669,14.17952972,high,0.45948622,medium,13.6085613,14.22007998,0.615035934,medium,0.631418009,medium,0.74661,high,0.843826,high
11,59,"4,14",4,14,5.852349955,Top Right,h,1.1,1.1,correct,FALSE,0.735171,11.88798567,high,0.457684982,medium,12.98160823,14.25592469,0.640851092,medium,0.74554436,high,0.620534,medium,0.690039,medium
11,60,"8,2",8,2,6.800735254,Bottom Left,m,1.13,1.13,correct,FALSE,0.503689,10.48672742,high,0.323602818,low,13.37275327,14.35221457,0.604297192,medium,0.728889203,high,0.427817,low,0.494826,low
11,61,"11,11",11,11,5.590169944,Bottom Right,m,did not see,did not see,incorrect,FALSE,0.500313,7.72330069,low,0.243319301,low,14.53998244,10.58344222,0.636649044,medium,0.48022524,medium,0.609538,medium,0.67236,medium
11,62,"9,10",9,10,3.354101966,Bottom Right,l,1.91,1.91,correct,FALSE,0.146642,4.842865959,low,0.178752532,low,10.02491233,10.40007359,0.543976362,medium,0.577367835,medium,0.272733,low,0.263515,low
11,63,"4,6",4,6,3.201562119,Top Left,h,1.55,1.55,correct,FALSE,0.754106,9.296781572,medium,0.211521854,low,12.15512509,12.68434359,0.516418304,medium,0.57710279,medium,0.415739,low,0.422205,low
11,64,"3,6",3,6,3.905124838,Top Left,m,2.42,2.42,correct,FALSE,0.503727,7.764464,low,0.226812087,low,8.927291831,16.85548215,0.434222,medium,0.769897502,high,0.430121,low,0.489793,low
11,65,"3,14",3,14,6.264982043,Top Right,m,early,early,incorrect,FALSE,0.499892,8.937116676,medium,0.307539235,low,11.82424497,12.43097484,0.52331,medium,0.615030286,medium,0.6662,medium,0.656165,medium
11,66,"2,12",2,12,5.315072906,Top Right,l,6.87 late,6.87,correct,TRUE,0.147122,4.198022944,low,0.139917736,low,11.81424932,8.671105795,0.651215233,medium,0.324339742,low,0.463928,low,0.210546,low
11,67,"3,10",3,10,3.354101966,Top Right,l,1.29,1.29,correct,FALSE,0.144849,6.369818919,low,0.232284989,low,7.812647392,17.3506997,0.415176996,medium,0.834617823,high,0.243589,low,0.628278,medium
11,68,"2,13",2,13,6.020797289,Top Right,h,1.27,1.27,correct,FALSE,0.738029,10.64411116,high,0.13457586,low,12.52655438,14.81016024,0.37620482,low,0.700008516,high,0.311062,low,0.342227,low
11,69,"5,16",5,16,7.566372975,Top Right,h,1.86,1.86,correct,FALSE,0.731307,10.95698507,high,0.480901337,medium,15.20775849,13.56801681,0.741333493,high,0.771739,high,0.474986,low,0.409619,low
11,70,"7,7",7,7,1.802775638,Bottom Left,m,1.54,1.54,correct,FALSE,0.502215,8.656773238,low,0.422748638,medium,12.36911757,15.11340049,0.665249717,medium,0.783442259,high,0.661167,medium,0.560356,medium
11,71,"8,12",8,12,4.031128874,Bottom Right,l,2.86,2.86,correct,FALSE,0.14951,6.7113568,low,0.276203655,low,11.74177958,12.67166615,0.636724214,medium,0.630259853,medium,0.209357,low,0.607968,medium
11,72,"2,14",2,14,6.800735254,Top Right,l,0.8,0.8,correct,FALSE,0.153089,6.198447454,low,0.126601005,low,7.534082099,16.9978782,0.269930049,low,0.786624921,high,0.208594,low,0.843005,high
11,73,"10,7",10,7,4.272001873,Bottom Left,m,1.32,1.32,correct,FALSE,0.508513,8.513237656,low,0.403968,medium,13.23805087,13.34985898,0.677701305,medium,0.793334185,high,0.264864,low,0.374528,low
11,74,"7,10",7,10,1.802775638,Bottom Right,m,1,1,correct,FALSE,0.504616,8.846064443,medium,0.264185511,low,10.39642952,15.29320027,0.498121412,medium,0.767084075,high,0.482822,low,0.627348,medium
11,75,"6,13",6,13,4.5,Bottom Right,l,1.22,1.22,correct,FALSE,0.149463,8.894658798,medium,0.198630146,low,10.14233311,14.99006896,0.434059046,medium,0.656537547,medium,0.607367,medium,0.435968,low
11,76,"9,8",9,8,3.041381265,Bottom Left,h,did not see,did not see,incorrect,FALSE,0.742853,10.08127017,high,0.364950618,low,12.89123284,14.9176846,0.628290595,medium,0.787643318,high,0.332404,low,0.419661,low
11,77,"9,11",9,11,3.905124838,Bottom Right,h,1.56,1.56,correct,FALSE,0.736154,8.760130193,medium,0.217604518,low,11.7019116,14.37227722,0.512020649,medium,0.729585118,high,0.657147,medium,0.740195,high
11,78,"8,4",8,4,4.924428901,Bottom Left,l,1.8,1.8,correct,FALSE,0.137801,10.82672146,high,0.271906525,low,12.32915256,18.23452335,0.555508433,medium,0.801467617,high,0.28184,low,0.487307,low
11,79,"1,3",1,3,7.433034374,Top Left,h,did not see,did not see,incorrect,FALSE,0.777352,8.700985643,medium,0.180291529,low,12.53741084,13.09281069,0.495628437,medium,0.627498461,medium,0.271993,low,0.279534,low
11,80,"7,10",7,10,1.802775638,Bottom Right,m,1.33,1.33,correct,FALSE,0.504616,8.846064443,medium,0.264185511,low,10.39642952,15.29320027,0.498121412,medium,0.767084075,high,0.482822,low,0.627348,medium
11,81,"4,10",4,10,2.5,Top Right,m,1,1,correct,FALSE,0.500548,9.500195729,medium,0.379485994,low,11.42713543,15.01084666,0.587086094,medium,0.82090987,high,0.378461,low,0.409957,low
11,82,"8,10",8,10,2.5,Bottom Right,h,1.32,1.32,correct,FALSE,0.741974,10.06407798,high,0.471237997,medium,12.8613049,13.91766946,0.659242311,medium,0.718854645,high,0.764273,high,0.849275,high
11,83,"1,6",1,6,5.590169944,Top Left,h,1.08,1.08,correct,FALSE,0.754725,8.856830277,medium,0.309107906,low,10.27276575,14.64687878,0.52115134,medium,0.721206637,high,0.33695,low,0.405107,low
11,84,"4,16",4,16,7.762087348,Top Right,m,1.11,1.11,correct,FALSE,0.50125,8.299104911,low,0.286777541,low,11.34849756,14.97253819,0.558209,medium,0.772560469,high,0.41141,low,0.565303,medium
11,85,"8,4",8,4,4.924428901,Bottom Left,l,1.12,1.12,correct,FALSE,0.137801,10.82672146,high,0.271906525,low,12.32915256,18.23452335,0.555508433,medium,0.801467617,high,0.28184,low,0.487307,low
11,86,"6,5",6,5,3.5,Bottom Left,h,1.48,1.48,correct,FALSE,0.758518,9.521109396,medium,0.375644685,low,10.9699314,19.57951928,0.61443564,medium,0.85735487,high,0.27523,low,0.468925,low
11,87,"11,11",11,11,5.590169944,Bottom Right,m,6.98 late,6.98,correct,TRUE,0.500313,7.72330069,low,0.243319301,low,14.53998244,10.58344222,0.636649044,medium,0.48022524,medium,0.609538,medium,0.67236,medium
11,88,"4,8",4,8,2.061552813,Top Left,l,3.31,3.31,correct,FALSE,0.140752,7.796163948,low,0.243730855,low,14.63895589,10.95056531,0.657798728,medium,0.54002838,medium,0.320675,low,0.30832,low
11,89,"7,16",7,16,7.566372975,Bottom Right,m,1.45,1.45,correct,FALSE,0.500357,8.320421817,low,0.28431279,low,12.83948864,11.43907949,0.658612976,medium,0.498369677,medium,0.369187,low,0.296237,low
11,90,"2,11",2,11,4.716990566,Top Right,m,1.05,1.05,correct,FALSE,0.507319,8.711511,medium,0.265492587,low,11.94884922,13.84177221,0.56425953,medium,0.697536209,medium,0.315344,low,0.50332,medium
11,91,"2,8",2,8,4.031128874,Top Left,m,1.05,1.05,correct,FALSE,0.496145,7.437528461,low,0.246270248,low,10.94292144,11.86846537,0.530839105,medium,0.515177493,medium,0.622473,medium,0.76804,high
11,92,"10,5",10,5,5.315072906,Bottom Left,l,did not see,did not see,incorrect,FALSE,0.137856,7.803767458,low,0.276825733,low,12.60270677,12.84937797,0.566765303,medium,0.708577117,high,0.202157,low,0.649259,medium
11,93,"3,10",3,10,3.354101966,Top Right,l,1.3,1.3,correct,FALSE,0.144849,6.369818919,low,0.232284989,low,7.812647392,17.3506997,0.415176996,medium,0.834617823,high,0.243589,low,0.628278,medium
11,94,"5,2",5,2,6.576473219,Top Left,m,did not see,did not see,incorrect,FALSE,0.502767,12.18970349,high,0.370590399,low,12.53660953,16.26785348,0.578909406,medium,0.817709103,high,0.508171,medium,0.842493,high
11,95,"8,12",8,12,4.031128874,Bottom Right,l,1.57,1.57,correct,FALSE,0.14951,6.7113568,low,0.276203655,low,11.74177958,12.67166615,0.636724214,medium,0.630259853,medium,0.209357,low,0.607968,medium
11,96,"4,14",4,14,5.852349955,Top Right,h,1.22,1.22,correct,FALSE,0.735171,11.88798567,high,0.457684982,medium,12.98160823,14.25592469,0.640851092,medium,0.74554436,high,0.620534,medium,0.690039,medium
11,97,"11,10",11,10,5.220153254,Bottom Right,h,did not see,did not see,incorrect,FALSE,0.7424,7.486701604,low,0.319743383,low,11.55579275,12.08806228,0.593751088,medium,0.661036,medium,0.472472,low,0.497795,low
11,98,"5,6",5,6,2.692582404,Top Left,l,1.4,1.4,correct,FALSE,0.137007,11.85409478,high,0.301373005,low,13.55548575,15.32652697,0.575947742,medium,0.785880368,high,0.230773,low,0.809041,high
11,99,"4,14",4,14,5.852349955,Top Right,h,1.28,1.28,correct,FALSE,0.735171,11.88798567,high,0.457684982,medium,12.98160823,14.25592469,0.640851092,medium,0.74554436,high,0.620534,medium,0.690039,medium
12,1,"11,7",11,7,5.220153254,Bottom Left,h,did not see,did not see,incorrect,FALSE,0.747791,11.71577541,high,0.618379163,medium,12.40029397,17.66404566,0.755906877,high,0.896580792,high,0.750809,high,0.883692,high
12,2,"1,12",1,12,6.103277808,Top Right,h,did not see,did not see,incorrect,FALSE,0.734679,10.78471464,high,0.179079909,low,15.34391694,14.38535754,0.508477,medium,0.677180145,medium,0.33493,low,0.444266,low
12,3,"7,3",7,3,5.590169944,Bottom Left,h,did not see,did not see,incorrect,FALSE,0.774946,9.724362425,medium,0.197498191,low,14.74645657,13.75065309,0.475417485,medium,0.734164,high,0.791478,high,0.899087,high
12,4,"9,14",9,14,6.264982043,Bottom Right,m,did not see,did not see,incorrect,FALSE,0.501958,8.100082281,low,0.232398,low,10.25427901,14.93116493,0.483564504,medium,0.751513,high,0.331301,low,0.404129,low
12,5,"5,7",5,7,1.802775638,Top Left,h,0.65,0.65,correct,FALSE,0.747937,9.302374,medium,0.146219451,low,10.57046,14.78080315,0.399254733,low,0.647512864,medium,0.69043,medium,0.785063,high
12,6,"10,7",10,7,4.272001873,Bottom Left,m,0.95,0.95,correct,FALSE,0.508513,8.513237656,low,0.403968,medium,13.23805087,13.34985898,0.677701305,medium,0.793334185,high,0.264864,low,0.374528,low
12,7,"6,7",6,7,1.5,Bottom Left,l,0.54,0.54,correct,FALSE,0.140702,9.368791299,medium,0.253334812,low,10.28533586,20.54707722,0.498136795,medium,0.82694999,high,0.31958,low,0.609008,medium
12,8,"5,12",5,12,3.640054945,Top Right,l,did not see,did not see,incorrect,FALSE,0.14642,8.459853003,low,0.061378,low,11.75766421,13.21337404,0.433901126,medium,0.52457487,medium,0.292993,low,0.374829,low
12,9,"8,10",8,10,2.5,Bottom Right,h,0.7,0.7,correct,FALSE,0.741974,10.06407798,high,0.471237997,medium,12.8613049,13.91766946,0.659242311,medium,0.718854645,high,0.764273,high,0.849275,high
12,10,"3,2",3,2,7.158910532,Top Left,h,3.4,3.4,correct,FALSE,0.782826,9.207862,medium,0.068957,low,12.8432402,12.83890738,0.405530723,medium,0.554326117,medium,0.766983,high,0.868293,high
12,11,"4,13",4,13,4.924428901,Top Right,m,4.93,4.93,correct,FALSE,0.501955,8.517266207,low,0.320700471,low,9.451031975,21.99689751,0.520800385,medium,0.866837749,high,0.510757,medium,0.852494,high
12,12,"7,13",7,13,4.609772229,Bottom Right,m,0.56,0.56,correct,FALSE,0.500695,8.19808684,low,0.391253477,low,10.44949291,15.81823347,0.604299494,medium,0.829366988,high,0.453987,low,0.412429,low
12,13,"5,15",5,15,6.576473219,Top Right,h,did not see,did not see,incorrect,FALSE,0.734458,14.61259528,high,0.585803592,medium,16.08146739,17.26127998,0.746652017,high,0.882695024,high,0.396808,low,0.345057,low
12,14,"6,1",6,1,7.5,Bottom Left,h,6.23 late,6.23,correct,TRUE,0.783743,8.069105067,low,0.315587139,low,14.13795403,11.04942283,0.698799689,medium,0.520001095,medium,0.464173,low,0.492382,low
12,15,"6,5",6,5,3.5,Bottom Left,h,0.56,0.56,correct,FALSE,0.758518,9.521109396,medium,0.375644685,low,10.9699314,19.57951928,0.61443564,medium,0.85735487,high,0.27523,low,0.468925,low
12,16,"7,8",7,8,1.118033989,Bottom Left,l,0.79,0.79,correct,FALSE,0.141446,8.907897251,medium,0.196729243,low,11.71109844,15.33970314,0.519486562,medium,0.678647,medium,0.510532,medium,0.30426,low
12,17,"7,8",7,8,1.118033989,Bottom Left,l,1.15,1.15,correct,FALSE,0.141446,8.907897251,medium,0.196729243,low,11.71109844,15.33970314,0.519486562,medium,0.678647,medium,0.510532,medium,0.30426,low
12,18,"9,13",9,13,5.408326913,Bottom Right,l,0.68,0.68,correct,FALSE,0.149172,8.84052,medium,0.238928625,low,11.52561954,14.22189736,0.560865373,medium,0.648101,medium,0.311128,low,0.324536,low
12,19,"11,9",11,9,5.024937811,Bottom Right,l,did not see,did not see,incorrect,FALSE,0.143952,6.961933351,low,0.204555681,low,9.489752474,13.48478868,0.472912062,medium,0.655523,medium,0.582302,medium,0.505769,medium
12,20,"4,12",4,12,4.031128874,Top Right,h,did not see,did not see,incorrect,FALSE,0.73963,12.75788073,high,0.582858012,medium,14.37935683,16.55274693,0.761275298,high,0.874402618,high,0.655942,medium,0.78649,high
12,21,"11,5",11,5,6.103277808,Bottom Left,m,0.96,0.96,correct,FALSE,0.49994,7.961968337,low,0.30969124,low,10.02452302,15.11988237,0.541161959,medium,0.78335509,high,0.437235,low,0.455353,low
12,22,"4,4",4,4,4.924428901,Top Left,h,1.03,1.03,correct,FALSE,0.771979,7.208511187,low,0.285060423,low,9.166194,16.83160892,0.500389391,medium,0.766199896,high,0.752833,high,0.835335,high
12,23,"7,8",7,8,1.118033989,Bottom Left,l,0.53,0.53,correct,FALSE,0.141446,8.907897251,medium,0.196729243,low,11.71109844,15.33970314,0.519486562,medium,0.678647,medium,0.510532,medium,0.30426,low
12,24,"5,15",5,15,6.576473219,Top Right,h,did not see,did not see,incorrect,FALSE,0.734458,14.61259528,high,0.585803592,medium,16.08146739,17.26127998,0.746652017,high,0.882695024,high,0.396808,low,0.345057,low
12,25,"3,2",3,2,7.158910532,Top Left,h,did not see,did not see,incorrect,FALSE,0.782826,9.207862,medium,0.068957,low,12.8432402,12.83890738,0.405530723,medium,0.554326117,medium,0.766983,high,0.868293,high
12,26,"6,10",6,10,1.5,Bottom Right,l,4.37,4.37,correct,FALSE,0.146857,11.94292328,high,0.210823548,low,11.88992384,18.3679121,0.506691517,medium,0.761694893,high,0.266352,low,0.499291,low
12,27,"7,16",7,16,7.566372975,Bottom Right,m,1.37,1.37,correct,FALSE,0.500357,8.320421817,low,0.28431279,low,12.83948864,11.43907949,0.658612976,medium,0.498369677,medium,0.369187,low,0.296237,low
12,28,"6,9",6,9,0.5,Bottom Right,m,1.08,1.08,correct,FALSE,0.504844,8.173941,low,0.293603408,low,11.09340575,13.34785152,0.511369419,medium,0.68037281,medium,0.357873,low,0.275719,low
12,29,"4,15",4,15,6.800735254,Top Right,m,2.77,2.77,correct,FALSE,0.498275,7.867547353,low,0.335434947,low,11.27061811,13.98475212,0.633041731,medium,0.737636419,high,0.49275,low,0.860712,high
12,30,"6,12",6,12,3.5,Bottom Right,m,3.18,3.18,correct,FALSE,0.500156,7.801163073,low,0.335256932,low,10.65907573,14.97632894,0.585893888,medium,0.806898182,high,0.331647,low,0.475351,low
12,31,"10,4",10,4,6.020797289,Bottom Left,h,did not see,did not see,incorrect,FALSE,0.766454,9.475999,medium,0.297819217,low,13.01867065,13.95055075,0.536236678,medium,0.749323814,high,0.468754,low,0.527345,medium
12,32,"6,8",6,8,0.5,Bottom Left,h,0.96,0.96,correct,FALSE,0.747406,10.84347815,high,0.469390509,medium,13.00536534,17.24292791,0.673454494,medium,0.82402513,high,0.777596,high,0.801109,high
12,33,"2,3",2,3,6.800735254,Top Left,l,early,early,incorrect,FALSE,0.133655,10.56458774,high,0.430848026,medium,14.35243978,14.45106499,0.695856139,medium,0.813388525,high,0.375356,low,0.265063,low
12,34,"9,5",9,5,4.609772229,Bottom Left,h,0.56,0.56,correct,FALSE,0.755298,10.55875115,high,0.471726003,medium,13.03431237,13.87760958,0.724309,high,0.705077689,high,0.456023,low,0.465785,low
12,35,"10,5",10,5,5.315072906,Bottom Left,l,did not see,did not see,incorrect,FALSE,0.137856,7.803767458,low,0.276825733,low,12.60270677,12.84937797,0.566765303,medium,0.708577117,high,0.202157,low,0.649259,medium
12,36,"6,7",6,7,1.5,Bottom Left,l,0.51,0.51,correct,FALSE,0.140702,9.368791299,medium,0.253334812,low,10.28533586,20.54707722,0.498136795,medium,0.82694999,high,0.31958,low,0.609008,medium
12,37,"8,5",8,5,4.031128874,Bottom Left,m,0.54,0.54,correct,FALSE,0.49912,6.812006337,low,0.310318732,low,9.163600247,15.69251421,0.535395161,medium,0.817047539,high,0.535063,medium,0.876311,high
12,38,"3,6",3,6,3.905124838,Top Left,m,0.53,0.53,correct,FALSE,0.503727,7.764464,low,0.226812087,low,8.927291831,16.85548215,0.434222,medium,0.769897502,high,0.430121,low,0.489793,low
12,39,"11,9",11,9,5.024937811,Bottom Right,l,0.61,0.61,correct,FALSE,0.143952,6.961933351,low,0.204555681,low,9.489752474,13.48478868,0.472912062,medium,0.655523,medium,0.582302,medium,0.505769,medium
12,40,"8,5",8,5,4.031128874,Bottom Left,m,0.5,0.5,correct,FALSE,0.49912,6.812006337,low,0.310318732,low,9.163600247,15.69251421,0.535395161,medium,0.817047539,high,0.535063,medium,0.876311,high
12,41,"9,11",9,11,3.905124838,Bottom Right,h,0.5,0.5,correct,FALSE,0.736154,8.760130193,medium,0.217604518,low,11.7019116,14.37227722,0.512020649,medium,0.729585118,high,0.657147,medium,0.740195,high
12,42,"10,6",10,6,4.716990566,Bottom Left,h,0.63,0.63,correct,FALSE,0.749555,9.93544233,medium,0.334959898,low,16.19531718,11.9445738,0.673408807,medium,0.601764,medium,0.230714,low,0.194986,low
12,43,"8,4",8,4,4.924428901,Bottom Left,l,0.79,0.79,correct,FALSE,0.137801,10.82672146,high,0.271906525,low,12.32915256,18.23452335,0.555508433,medium,0.801467617,high,0.28184,low,0.487307,low
12,44,"1,5",1,5,6.103277808,Top Left,l,did not see,did not see,incorrect,FALSE,0.136468,8.949655165,medium,0.179499017,low,14.62175838,11.68992987,0.556387383,medium,0.547019886,medium,0.417885,low,0.495363,low
12,45,"6,16",6,16,7.5,Bottom Right,l,did not see,did not see,incorrect,FALSE,0.153924,14.03396787,high,0.28624245,low,14.23714988,16.69837,0.565897576,medium,0.797867769,high,0.246366,low,0.808382,high
12,46,"3,15",3,15,7.158910532,Top Right,l,6.24 late,6.24,correct,TRUE,0.1503,9.074487,medium,0.163994237,low,9.696648316,18.86998291,0.416280813,medium,0.762278638,high,0.394223,low,0.377542,low
12,47,"1,9",1,9,5.024937811,Top Right,h,3.91,3.91,correct,FALSE,0.746658,4.614111186,low,0.149265881,low,10.49183059,9.696995934,0.512781742,medium,0.479681,medium,0.207347,low,0.183588,low
12,48,"4,7",4,7,2.5,Top Left,m,2.65,2.65,correct,FALSE,0.501152,10.45108603,high,0.369602246,low,13.5879752,13.63761844,0.633729766,medium,0.711391657,high,0.578822,medium,0.878454,high
12,49,"10,8",10,8,4.031128874,Bottom Left,l,1.96,1.96,correct,FALSE,0.14553,9.794274695,medium,0.185166605,low,14.24197055,14.41046095,0.506931,medium,0.733222414,high,0.347868,low,0.354189,low
12,50,"11,5",11,5,6.103277808,Bottom Left,m,0.59,0.59,correct,FALSE,0.49994,7.961968337,low,0.30969124,low,10.02452302,15.11988237,0.541161959,medium,0.78335509,high,0.437235,low,0.455353,low
12,51,"8,7",8,7,2.5,Bottom Left,h,0.75,0.75,correct,FALSE,0.74669,14.17952972,high,0.45948622,medium,13.6085613,14.22007998,0.615035934,medium,0.631418009,medium,0.74661,high,0.843826,high
12,52,"8,11",8,11,3.201562119,Bottom Right,m,0.53,0.53,correct,FALSE,0.499336,11.60434128,high,0.365012119,low,14.52275449,13.75396207,0.621860307,medium,0.714992648,high,0.297402,low,0.377662,low
12,53,"10,13",10,13,6.020797289,Bottom Right,m,0.54,0.54,correct,FALSE,0.500591,10.06340683,high,0.298305425,low,10.13842924,19.49684594,0.474857724,medium,0.850984441,high,0.52999,medium,0.83216,high
12,54,"11,10",11,10,5.220153254,Bottom Right,h,5.86,5.86,correct,FALSE,0.7424,7.486701604,low,0.319743383,low,11.55579275,12.08806228,0.593751088,medium,0.661036,medium,0.472472,low,0.497795,low
12,55,"1,9",1,9,5.024937811,Top Right,h,did not see,did not see,incorrect,FALSE,0.746658,4.614111186,low,0.149265881,low,10.49183059,9.696995934,0.512781742,medium,0.479681,medium,0.207347,low,0.183588,low
12,56,"4,16",4,16,7.762087348,Top Right,m,did not see,did not see,incorrect,FALSE,0.50125,8.299104911,low,0.286777541,low,11.34849756,14.97253819,0.558209,medium,0.772560469,high,0.41141,low,0.565303,medium
12,57,"2,13",2,13,6.020797289,Top Right,h,did not see,did not see,incorrect,FALSE,0.738029,10.64411116,high,0.13457586,low,12.52655438,14.81016024,0.37620482,low,0.700008516,high,0.311062,low,0.342227,low
12,58,"8,13",8,13,4.924428901,Bottom Right,h,early,early,incorrect,FALSE,0.733349,8.535357277,low,0.152199734,low,13.92567612,11.80376331,0.452735111,medium,0.619001128,medium,0.36034,low,0.389775,low
12,59,"7,8",7,8,1.118033989,Bottom Left,l,0.72,0.72,correct,FALSE,0.141446,8.907897251,medium,0.196729243,low,11.71109844,15.33970314,0.519486562,medium,0.678647,medium,0.510532,medium,0.30426,low
12,60,"4,9",4,9,2.061552813,Top Right,h,1.56,1.56,correct,FALSE,0.74565,9.568562195,medium,0.394468384,low,13.91901641,13.32669257,0.663254697,medium,0.759413784,high,0.406466,low,0.418488,low
12,61,"8,10",8,10,2.5,Bottom Right,h,0.53,0.53,correct,FALSE,0.741974,10.06407798,high,0.471237997,medium,12.8613049,13.91766946,0.659242311,medium,0.718854645,high,0.764273,high,0.849275,high
12,62,"3,11",3,11,3.905124838,Top Right,h,1.18,1.18,correct,FALSE,0.739741,12.97809717,high,0.57621325,medium,14.39417639,14.49449471,0.702438435,high,0.722998537,high,0.300628,low,0.368617,low
12,63,"7,5",7,5,3.640054945,Bottom Left,l,0.69,0.69,correct,FALSE,0.136619,8.412961428,low,0.28125962,low,16.88384777,10.6486613,0.744452681,high,0.485269067,medium,0.423673,low,0.42576,low
12,64,"8,4",8,4,4.924428901,Bottom Left,l,0.67,0.67,correct,FALSE,0.137801,10.82672146,high,0.271906525,low,12.32915256,18.23452335,0.555508433,medium,0.801467617,high,0.28184,low,0.487307,low
12,65,"8,15",8,15,6.800735254,Bottom Right,h,0.61,0.61,correct,FALSE,0.734422,8.71238593,medium,0.197689989,low,9.394358316,14.47228739,0.326145567,low,0.696217668,medium,0.591615,medium,0.755431,high
12,66,"2,13",2,13,6.020797289,Top Right,h,did not see,did not see,incorrect,FALSE,0.738029,10.64411116,high,0.13457586,low,12.52655438,14.81016024,0.37620482,low,0.700008516,high,0.311062,low,0.342227,low
12,67,"9,9",9,9,3.041381265,Bottom Right,m,0.56,0.56,correct,FALSE,0.501961,7.549186365,low,0.261199008,low,8.747970419,18.6791846,0.440575101,medium,0.832337795,high,0.287744,low,0.277304,low
12,68,"2,12",2,12,5.315072906,Top Right,l,2.22,2.22,correct,FALSE,0.147122,4.198022944,low,0.139917736,low,11.81424932,8.671105795,0.651215233,medium,0.324339742,low,0.463928,low,0.210546,low
12,69,"4,13",4,13,4.924428901,Top Right,m,early,early,incorrect,FALSE,0.501955,8.517266207,low,0.320700471,low,9.451031975,21.99689751,0.520800385,medium,0.866837749,high,0.510757,medium,0.852494,high
12,70,"10,12",10,12,5.315072906,Bottom Right,h,0.8,0.8,correct,FALSE,0.737677,10.73877749,high,0.391478842,low,13.88322429,13.41302586,0.642355492,medium,0.698780103,medium,0.306243,low,0.359737,low
12,71,"4,6",4,6,3.201562119,Top Left,h,did not see,did not see,incorrect,FALSE,0.754106,9.296781572,medium,0.211521854,low,12.15512509,12.68434359,0.516418304,medium,0.57710279,medium,0.415739,low,0.422205,low
12,72,"1,10",1,10,5.220153254,Top Right,m,did not see,did not see,incorrect,FALSE,0.499959,10.32626235,high,0.286714527,low,11.19447818,14.2366771,0.497438751,medium,0.649467159,medium,0.563235,medium,0.678726,medium
12,73,"6,6",6,6,2.5,Bottom Left,m,did not see,did not see,incorrect,FALSE,0.50213,9.303835705,medium,0.344452753,low,12.30512571,15.10671503,0.616769859,medium,0.778462511,high,0.495231,low,0.379595,low
12,74,"4,9",4,9,2.061552813,Top Right,h,2,2,correct,FALSE,0.74565,9.568562195,medium,0.394468384,low,13.91901641,13.32669257,0.663254697,medium,0.759413784,high,0.406466,low,0.418488,low
12,75,"9,6",9,6,3.905124838,Bottom Left,m,0.58,0.58,correct,FALSE,0.502667,8.725985556,medium,0.416661317,medium,11.24819177,14.54266132,0.628532,medium,0.777890291,high,0.529516,medium,0.826592,high
12,76,"5,1",5,1,7.566372975,Top Left,m,early,early,incorrect,FALSE,0.504358,8.963868659,medium,0.257528758,low,11.74972293,14.17658446,0.518899952,medium,0.760644914,high,0.296504,low,0.331203,low
12,77,"10,7",10,7,4.272001873,Bottom Left,m,2.72,2.72,correct,FALSE,0.508513,8.513237656,low,0.403968,medium,13.23805087,13.34985898,0.677701305,medium,0.793334185,high,0.264864,low,0.374528,low
12,78,"1,10",1,10,5.220153254,Top Right,m,early,early,incorrect,FALSE,0.499959,10.32626235,high,0.286714527,low,11.19447818,14.2366771,0.497438751,medium,0.649467159,medium,0.563235,medium,0.678726,medium
12,79,"1,14",1,14,7.433034374,Top Right,h,did not see,did not see,incorrect,FALSE,0.736799,10.48444,high,0.269980479,low,12.62634897,13.54333989,0.496518415,medium,0.670272006,medium,0.656448,medium,0.815978,high
12,80,"7,3",7,3,5.590169944,Bottom Left,h,6.51 late,6.51,correct,TRUE,0.774946,9.724362425,medium,0.197498191,low,14.74645657,13.75065309,0.475417485,medium,0.734164,high,0.791478,high,0.899087,high
12,81,"4,6",4,6,3.201562119,Top Left,h,did not see,did not see,incorrect,FALSE,0.754106,9.296781572,medium,0.211521854,low,12.15512509,12.68434359,0.516418304,medium,0.57710279,medium,0.415739,low,0.422205,low
12,82,"6,7",6,7,1.5,Bottom Left,l,0.63,0.63,correct,FALSE,0.140702,9.368791299,medium,0.253334812,low,10.28533586,20.54707722,0.498136795,medium,0.82694999,high,0.31958,low,0.609008,medium
12,83,"1,11",1,11,5.590169944,Top Right,l,5.65,5.65,correct,FALSE,0.14591,10.34087244,high,0.174811309,low,12.78446874,16.312975,0.512083092,medium,0.738746642,high,0.319124,low,0.228091,low
12,84,"4,6",4,6,3.201562119,Top Left,h,did not see,did not see,incorrect,FALSE,0.754106,9.296781572,medium,0.211521854,low,12.15512509,12.68434359,0.516418304,medium,0.57710279,medium,0.415739,low,0.422205,low
12,85,"4,6",4,6,3.201562119,Top Left,h,3.36,3.36,correct,FALSE,0.754106,9.296781572,medium,0.211521854,low,12.15512509,12.68434359,0.516418304,medium,0.57710279,medium,0.415739,low,0.422205,low
12,86,"5,5",5,5,3.640054945,Top Left,m,5.79,5.79,correct,FALSE,0.502465,11.24589236,high,0.273838784,low,14.15985759,13.58914319,0.562401451,medium,0.693121,medium,0.359365,low,0.346689,low
12,87,"10,5",10,5,5.315072906,Bottom Left,l,7.10 late,7.1,correct,TRUE,0.137856,7.803767458,low,0.276825733,low,12.60270677,12.84937797,0.566765303,medium,0.708577117,high,0.202157,low,0.649259,medium
12,88,"10,13",10,13,6.020797289,Bottom Right,m,0.88,0.88,correct,FALSE,0.500591,10.06340683,high,0.298305425,low,10.13842924,19.49684594,0.474857724,medium,0.850984441,high,0.52999,medium,0.83216,high
12,89,"2,9",2,9,4.031128874,Top Right,l,4.71,4.71,correct,FALSE,0.141383,5.259092283,low,0.191067006,low,7.472157105,15.11903036,0.407429085,medium,0.794420219,high,0.422637,low,0.339625,low
12,90,"8,4",8,4,4.924428901,Bottom Left,l,0.78,0.78,correct,FALSE,0.137801,10.82672146,high,0.271906525,low,12.32915256,18.23452335,0.555508433,medium,0.801467617,high,0.28184,low,0.487307,low
12,91,"10,9",10,9,4.031128874,Bottom Right,h,0.77,0.77,correct,FALSE,0.740666,7.720993015,low,0.09442,low,9.414941719,20.20555172,0.366135278,low,0.756319945,high,0.725229,high,0.872892,high
12,92,"8,12",8,12,4.031128874,Bottom Right,l,0.52,0.52,correct,FALSE,0.14951,6.7113568,low,0.276203655,low,11.74177958,12.67166615,0.636724214,medium,0.630259853,medium,0.209357,low,0.607968,medium
12,93,"1,9",1,9,5.024937811,Top Right,h,3.49,3.49,correct,FALSE,0.746658,4.614111186,low,0.149265881,low,10.49183059,9.696995934,0.512781742,medium,0.479681,medium,0.207347,low,0.183588,low
12,94,"3,13",3,13,5.408326913,Top Right,l,did not see,did not see,incorrect,FALSE,0.148752,7.830256908,low,0.087852,low,11.31387763,14.11025248,0.462885969,medium,0.559545804,medium,0.344234,low,0.327035,low
12,95,"7,7",7,7,1.802775638,Bottom Left,m,0.69,0.69,correct,FALSE,0.502215,8.656773238,low,0.422748638,medium,12.36911757,15.11340049,0.665249717,medium,0.783442259,high,0.661167,medium,0.560356,medium
12,96,"4,14",4,14,5.852349955,Top Right,h,did not see,did not see,incorrect,FALSE,0.735171,11.88798567,high,0.457684982,medium,12.98160823,14.25592469,0.640851092,medium,0.74554436,high,0.620534,medium,0.690039,medium
12,97,"6,8",6,8,0.5,Bottom Left,h,0.62,0.62,correct,FALSE,0.747406,10.84347815,high,0.469390509,medium,13.00536534,17.24292791,0.673454494,medium,0.82402513,high,0.777596,high,0.801109,high
12,98,"7,11",7,11,2.692582404,Bottom Right,l,0.65,0.65,correct,FALSE,0.147853,9.569433646,medium,0.158388029,low,14.32793183,11.50281917,0.525956898,medium,0.516750079,medium,0.351476,low,0.475164,low
12,99,"11,11",11,11,5.590169944,Bottom Right,m,did not see,did not see,incorrect,FALSE,0.500313,7.72330069,low,0.243319301,low,14.53998244,10.58344222,0.636649044,medium,0.48022524,medium,0.609538,medium,0.67236,medium
12,100,"7,8",7,8,1.118033989,Bottom Left,l,0.58,0.58,correct,FALSE,0.141446,8.907897251,medium,0.196729243,low,11.71109844,15.33970314,0.519486562,medium,0.678647,medium,0.510532,medium,0.30426,low
13,1,"3,6",3,6,3.905124838,Top Left,m,1.58,1.58,correct,FALSE,0.503727,7.764464,low,0.226812087,low,8.927291831,16.85548215,0.434222,medium,0.769897502,high,0.430121,low,0.489793,low
13,2,"10,9",10,9,4.031128874,Bottom Right,h,16.70 late,16.7,correct,TRUE,0.740666,7.720993015,low,0.09442,low,9.414941719,20.20555172,0.366135278,low,0.756319945,high,0.725229,high,0.872892,high
13,3,"11,12",11,12,6.103277808,Bottom Right,l,did not see,did not see,incorrect,FALSE,0.149208,6.964910345,low,0.205383878,low,11.37227671,11.36056335,0.513272278,medium,0.60665,medium,0.250617,low,0.465814,low
13,4,"7,12",7,12,3.640054945,Bottom Right,h,9.00 late,9,correct,TRUE,0.739467,6.976369602,low,0.340689819,low,11.06907313,12.92668959,0.625368526,medium,0.716007003,high,0.745872,high,0.889333,high
13,5,"3,3",3,3,6.264982043,Top Left,m,did not see,did not see,incorrect,FALSE,0.501834,9.203473626,medium,0.269606409,low,15.24917709,12.38486797,0.619907995,medium,0.670961945,medium,0.249213,low,0.374208,low
13,6,"3,15",3,15,7.158910532,Top Right,l,1.34,1.34,correct,FALSE,0.1503,9.074487,medium,0.163994237,low,9.696648316,18.86998291,0.416280813,medium,0.762278638,high,0.394223,low,0.377542,low
13,7,"11,6",11,6,5.590169944,Bottom Left,l,did not see,did not see,incorrect,FALSE,0.138655,10.11144153,high,0.280991005,low,12.95081191,13.53206151,0.560805841,medium,0.59694758,medium,0.295198,low,0.276641,low
13,8,"1,10",1,10,5.220153254,Top Right,m,did not see,did not see,incorrect,FALSE,0.499959,10.32626235,high,0.286714527,low,11.19447818,14.2366771,0.497438751,medium,0.649467159,medium,0.563235,medium,0.678726,medium
13,9,"7,13",7,13,4.609772229,Bottom Right,m,0.86,0.86,correct,FALSE,0.500695,8.19808684,low,0.391253477,low,10.44949291,15.81823347,0.604299494,medium,0.829366988,high,0.453987,low,0.412429,low
13,10,"3,8",3,8,3.041381265,Top Left,h,1.04,1.04,correct,FALSE,0.747077,8.87526057,medium,0.431442666,medium,13.31413275,13.01872619,0.685711,medium,0.762279553,high,0.356156,low,0.374724,low
13,11,"4,14",4,14,5.852349955,Top Right,h,0.87,0.87,correct,FALSE,0.735171,11.88798567,high,0.457684982,medium,12.98160823,14.25592469,0.640851092,medium,0.74554436,high,0.620534,medium,0.690039,medium
13,12,"9,5",9,5,4.609772229,Bottom Left,h,0.76,0.76,correct,FALSE,0.755298,10.55875115,high,0.471726003,medium,13.03431237,13.87760958,0.724309,high,0.705077689,high,0.456023,low,0.465785,low
13,13,"2,11",2,11,4.716990566,Top Right,m,1.2,1.2,correct,FALSE,0.507319,8.711511,medium,0.265492587,low,11.94884922,13.84177221,0.56425953,medium,0.697536209,medium,0.315344,low,0.50332,medium
13,14,"8,3",8,3,5.852349955,Bottom Left,l,0.95,0.95,correct,FALSE,0.132426,8.622265,low,0.330608731,low,12.90807718,12.5445627,0.668523,medium,0.630429519,medium,0.154598,low,0.922716,high
13,15,"1,11",1,11,5.590169944,Top Right,l,did not see,did not see,incorrect,FALSE,0.14591,10.34087244,high,0.174811309,low,12.78446874,16.312975,0.512083092,medium,0.738746642,high,0.319124,low,0.228091,low
13,16,"5,4",5,4,4.609772229,Top Left,l,1.02,1.02,correct,FALSE,0.136391,8.757408692,medium,0.090708,low,16.68725905,10.80687347,0.520577217,medium,0.421863859,medium,0.539504,medium,0.356104,low
13,17,"8,8",8,8,2.061552813,Bottom Left,m,0.89,0.89,correct,FALSE,0.493819,7.823545292,low,0.214039562,low,10.49018996,13.59269788,0.461056536,medium,0.690899417,medium,0.416045,low,0.720582,high
13,18,"3,9",3,9,3.041381265,Top Right,m,0.89,0.89,correct,FALSE,0.504792,10.31849384,high,0.271206972,low,13.96853889,12.48458473,0.58159587,medium,0.615691469,medium,0.32786,low,0.308924,low
13,19,"8,11",8,11,3.201562119,Bottom Right,m,1.04,1.04,correct,FALSE,0.499336,11.60434128,high,0.365012119,low,14.52275449,13.75396207,0.621860307,medium,0.714992648,high,0.297402,low,0.377662,low
13,20,"1,6",1,6,5.590169944,Top Left,h,0.98,0.98,correct,FALSE,0.754725,8.856830277,medium,0.309107906,low,10.27276575,14.64687878,0.52115134,medium,0.721206637,high,0.33695,low,0.405107,low
13,21,"4,16",4,16,7.762087348,Top Right,m,1.12,1.12,correct,FALSE,0.50125,8.299104911,low,0.286777541,low,11.34849756,14.97253819,0.558209,medium,0.772560469,high,0.41141,low,0.565303,medium
13,22,"6,14",6,14,5.5,Bottom Right,m,0.84,0.84,correct,FALSE,0.502396,8.910480767,medium,0.361857035,low,11.6861797,15.03899099,0.5946407,medium,0.807391859,high,0.544339,medium,0.80914,high
13,23,"4,16",4,16,7.762087348,Top Right,m,0.92,0.92,correct,FALSE,0.50125,8.299104911,low,0.286777541,low,11.34849756,14.97253819,0.558209,medium,0.772560469,high,0.41141,low,0.565303,medium
13,24,"3,4",3,4,5.408326913,Top Left,m,0.84,0.84,correct,FALSE,0.50103,8.780273627,medium,0.417624705,medium,10.29276997,18.19342967,0.625585228,medium,0.862712625,high,0.410524,low,0.395506,low
13,25,"7,12",7,12,3.640054945,Bottom Right,h,1.07,1.07,correct,FALSE,0.739467,6.976369602,low,0.340689819,low,11.06907313,12.92668959,0.625368526,medium,0.716007003,high,0.745872,high,0.889333,high
13,26,"7,3",7,3,5.590169944,Bottom Left,h,did not see,did not see,incorrect,FALSE,0.774946,9.724362425,medium,0.197498191,low,14.74645657,13.75065309,0.475417485,medium,0.734164,high,0.791478,high,0.899087,high
13,27,"7,5",7,5,3.640054945,Bottom Left,l,1.04,1.04,correct,FALSE,0.136619,8.412961428,low,0.28125962,low,16.88384777,10.6486613,0.744452681,high,0.485269067,medium,0.423673,low,0.42576,low
13,28,"4,1",4,1,7.762087348,Top Left,l,1,1,correct,FALSE,0.131703,10.19838024,high,0.218051144,low,10.22316355,15.72851359,0.427485508,medium,0.691529169,medium,0.220884,low,0.553676,medium
13,29,"11,7",11,7,5.220153254,Bottom Left,h,1.18,1.18,correct,FALSE,0.747791,11.71577541,high,0.618379163,medium,12.40029397,17.66404566,0.755906877,high,0.896580792,high,0.750809,high,0.883692,high
13,30,"5,7",5,7,1.802775638,Top Left,h,0.88,0.88,correct,FALSE,0.747937,9.302374,medium,0.146219451,low,10.57046,14.78080315,0.399254733,low,0.647512864,medium,0.69043,medium,0.785063,high
13,31,"8,13",8,13,4.924428901,Bottom Right,h,1.96,1.96,correct,FALSE,0.733349,8.535357277,low,0.152199734,low,13.92567612,11.80376331,0.452735111,medium,0.619001128,medium,0.36034,low,0.389775,low
13,32,"3,5",3,5,4.609772229,Top Left,h,0.98,0.98,correct,FALSE,0.757983,10.13658799,high,0.1985744,low,11.71430297,13.95804308,0.426211827,medium,0.650370153,medium,0.287501,low,0.371619,low
13,33,"6,4",6,4,4.5,Bottom Left,m,0.98,0.98,correct,FALSE,0.498255,7.890527632,low,0.404747746,medium,11.55185821,12.99825815,0.686819458,medium,0.702595454,high,0.551387,medium,0.71188,high
13,34,"5,11",5,11,2.692582404,Top Right,m,0.99,0.99,correct,FALSE,0.505388,9.302464,medium,0.346448019,low,13.10872389,13.56997065,0.600633214,medium,0.709233661,high,0.456761,low,0.489285,low
13,35,"10,6",10,6,4.716990566,Bottom Left,h,1.12,1.12,correct,FALSE,0.749555,9.93544233,medium,0.334959898,low,16.19531718,11.9445738,0.673408807,medium,0.601764,medium,0.230714,low,0.194986,low
13,36,"2,12",2,12,5.315072906,Top Right,l,did not see,did not see,incorrect,FALSE,0.147122,4.198022944,low,0.139917736,low,11.81424932,8.671105795,0.651215233,medium,0.324339742,low,0.463928,low,0.210546,low
13,37,"4,13",4,13,4.924428901,Top Right,m,0.93,0.93,correct,FALSE,0.501955,8.517266207,low,0.320700471,low,9.451031975,21.99689751,0.520800385,medium,0.866837749,high,0.510757,medium,0.852494,high
13,38,"10,8",10,8,4.031128874,Bottom Left,l,1.5,1.5,correct,FALSE,0.14553,9.794274695,medium,0.185166605,low,14.24197055,14.41046095,0.506931,medium,0.733222414,high,0.347868,low,0.354189,low
13,39,"1,8",1,8,5.024937811,Top Left,l,did not see,did not see,incorrect,FALSE,0.140666,10.43548707,high,0.147774762,low,12.36143857,12.58136712,0.333545032,low,0.608577825,medium,0.198327,low,0.78928,high
13,40,"7,11",7,11,2.692582404,Bottom Right,l,0.92,0.92,correct,FALSE,0.147853,9.569433646,medium,0.158388029,low,14.32793183,11.50281917,0.525956898,medium,0.516750079,medium,0.351476,low,0.475164,low
13,41,"4,6",4,6,3.201562119,Top Left,h,0.93,0.93,correct,FALSE,0.754106,9.296781572,medium,0.211521854,low,12.15512509,12.68434359,0.516418304,medium,0.57710279,medium,0.415739,low,0.422205,low
13,42,"7,3",7,3,5.590169944,Bottom Left,h,2,2,correct,FALSE,0.774946,9.724362425,medium,0.197498191,low,14.74645657,13.75065309,0.475417485,medium,0.734164,high,0.791478,high,0.899087,high
13,43,"8,8",8,8,2.061552813,Bottom Left,m,1.68,1.68,correct,FALSE,0.493819,7.823545292,low,0.214039562,low,10.49018996,13.59269788,0.461056536,medium,0.690899417,medium,0.416045,low,0.720582,high
13,44,"1,9",1,9,5.024937811,Top Right,h,did not see,did not see,incorrect,FALSE,0.746658,4.614111186,low,0.149265881,low,10.49183059,9.696995934,0.512781742,medium,0.479681,medium,0.207347,low,0.183588,low
13,45,"10,7",10,7,4.272001873,Bottom Left,m,1.16,1.16,correct,FALSE,0.508513,8.513237656,low,0.403968,medium,13.23805087,13.34985898,0.677701305,medium,0.793334185,high,0.264864,low,0.374528,low
13,46,"3,10",3,10,3.354101966,Top Right,l,1.03,1.03,correct,FALSE,0.144849,6.369818919,low,0.232284989,low,7.812647392,17.3506997,0.415176996,medium,0.834617823,high,0.243589,low,0.628278,medium
13,47,"1,10",1,10,5.220153254,Top Right,m,did not see,did not see,incorrect,FALSE,0.499959,10.32626235,high,0.286714527,low,11.19447818,14.2366771,0.497438751,medium,0.649467159,medium,0.563235,medium,0.678726,medium
13,48,"5,4",5,4,4.609772229,Top Left,l,1.24,1.24,correct,FALSE,0.136391,8.757408692,medium,0.090708,low,16.68725905,10.80687347,0.520577217,medium,0.421863859,medium,0.539504,medium,0.356104,low
13,49,"1,8",1,8,5.024937811,Top Left,l,did not see,did not see,incorrect,FALSE,0.140666,10.43548707,high,0.147774762,low,12.36143857,12.58136712,0.333545032,low,0.608577825,medium,0.198327,low,0.78928,high
13,50,"7,13",7,13,4.609772229,Bottom Right,m,1.82,1.82,correct,FALSE,0.500695,8.19808684,low,0.391253477,low,10.44949291,15.81823347,0.604299494,medium,0.829366988,high,0.453987,low,0.412429,low
13,51,"3,11",3,11,3.905124838,Top Right,h,0.95,0.95,correct,FALSE,0.739741,12.97809717,high,0.57621325,medium,14.39417639,14.49449471,0.702438435,high,0.722998537,high,0.300628,low,0.368617,low
13,52,"9,4",9,4,5.408326913,Bottom Left,m,0.9,0.9,correct,FALSE,0.500631,9.10596,medium,0.292824624,low,11.29495284,13.62086718,0.518292385,medium,0.712222694,high,0.279565,low,0.346036,low
13,53,"10,5",10,5,5.315072906,Bottom Left,l,did not see,did not see,incorrect,FALSE,0.137856,7.803767458,low,0.276825733,low,12.60270677,12.84937797,0.566765303,medium,0.708577117,high,0.202157,low,0.649259,medium
13,54,"6,16",6,16,7.5,Bottom Right,l,1.29,1.29,correct,FALSE,0.153924,14.03396787,high,0.28624245,low,14.23714988,16.69837,0.565897576,medium,0.797867769,high,0.246366,low,0.808382,high
13,55,"10,11",10,11,4.716990566,Bottom Right,l,1.17,1.17,correct,FALSE,0.151233,10.4232526,high,0.15361466,low,10.79656751,16.32892687,0.415566775,medium,0.720374659,high,0.277529,low,0.680981,medium
13,56,"2,12",2,12,5.315072906,Top Right,l,did not see,did not see,incorrect,FALSE,0.147122,4.198022944,low,0.139917736,low,11.81424932,8.671105795,0.651215233,medium,0.324339742,low,0.463928,low,0.210546,low
13,57,"10,12",10,12,5.315072906,Bottom Right,h,1.03,1.03,correct,FALSE,0.737677,10.73877749,high,0.391478842,low,13.88322429,13.41302586,0.642355492,medium,0.698780103,medium,0.306243,low,0.359737,low
13,58,"8,13",8,13,4.924428901,Bottom Right,h,1.14,1.14,correct,FALSE,0.733349,8.535357277,low,0.152199734,low,13.92567612,11.80376331,0.452735111,medium,0.619001128,medium,0.36034,low,0.389775,low
13,59,"5,7",5,7,1.802775638,Top Left,h,0.77,0.77,correct,FALSE,0.747937,9.302374,medium,0.146219451,low,10.57046,14.78080315,0.399254733,low,0.647512864,medium,0.69043,medium,0.785063,high
13,60,"2,12",2,12,5.315072906,Top Right,l,did not see,did not see,incorrect,FALSE,0.147122,4.198022944,low,0.139917736,low,11.81424932,8.671105795,0.651215233,medium,0.324339742,low,0.463928,low,0.210546,low
13,61,"8,9",8,9,2.061552813,Bottom Right,l,0.94,0.94,correct,FALSE,0.144569,10.02450662,medium,0.156656651,low,11.1050448,16.91112941,0.477594117,medium,0.694965002,medium,0.257502,low,0.329008,low
13,62,"3,13",3,13,5.408326913,Top Right,l,0.83,0.83,correct,FALSE,0.148752,7.830256908,low,0.087852,low,11.31387763,14.11025248,0.462885969,medium,0.559545804,medium,0.344234,low,0.327035,low
13,63,"3,4",3,4,5.408326913,Top Left,m,0.8,0.8,correct,FALSE,0.50103,8.780273627,medium,0.417624705,medium,10.29276997,18.19342967,0.625585228,medium,0.862712625,high,0.410524,low,0.395506,low
13,64,"3,3",3,3,6.264982043,Top Left,m,1.26,1.26,correct,FALSE,0.501834,9.203473626,medium,0.269606409,low,15.24917709,12.38486797,0.619907995,medium,0.670961945,medium,0.249213,low,0.374208,low
13,65,"6,13",6,13,4.5,Bottom Right,l,0.95,0.95,correct,FALSE,0.149463,8.894658798,medium,0.198630146,low,10.14233311,14.99006896,0.434059046,medium,0.656537547,medium,0.607367,medium,0.435968,low
13,66,"8,2",8,2,6.800735254,Bottom Left,m,0.94,0.94,correct,FALSE,0.503689,10.48672742,high,0.323602818,low,13.37275327,14.35221457,0.604297192,medium,0.728889203,high,0.427817,low,0.494826,low
13,67,"3,15",3,15,7.158910532,Top Right,l,1.05,1.05,correct,FALSE,0.1503,9.074487,medium,0.163994237,low,9.696648316,18.86998291,0.416280813,medium,0.762278638,high,0.394223,low,0.377542,low
13,68,"7,5",7,5,3.640054945,Bottom Left,l,1.35,1.35,correct,FALSE,0.136619,8.412961428,low,0.28125962,low,16.88384777,10.6486613,0.744452681,high,0.485269067,medium,0.423673,low,0.42576,low
13,69,"8,9",8,9,2.061552813,Bottom Right,l,0.76,0.76,correct,FALSE,0.144569,10.02450662,medium,0.156656651,low,11.1050448,16.91112941,0.477594117,medium,0.694965002,medium,0.257502,low,0.329008,low
13,70,"5,7",5,7,1.802775638,Top Left,h,0.89,0.89,correct,FALSE,0.747937,9.302374,medium,0.146219451,low,10.57046,14.78080315,0.399254733,low,0.647512864,medium,0.69043,medium,0.785063,high
13,71,"1,12",1,12,6.103277808,Top Right,h,did not see,did not see,incorrect,FALSE,0.734679,10.78471464,high,0.179079909,low,15.34391694,14.38535754,0.508477,medium,0.677180145,medium,0.33493,low,0.444266,low
13,72,"4,4",4,4,4.924428901,Top Left,h,0.89,0.89,correct,FALSE,0.771979,7.208511187,low,0.285060423,low,9.166194,16.83160892,0.500389391,medium,0.766199896,high,0.752833,high,0.835335,high
13,73,"7,1",7,1,7.566372975,Bottom Left,l,0.78,0.78,correct,FALSE,0.132252,7.582976558,low,0.345801319,low,9.144453936,17.41873825,0.541548451,medium,0.866349973,high,0.213652,low,0.392083,low
13,74,"9,10",9,10,3.354101966,Bottom Right,l,0.93,0.93,correct,FALSE,0.146642,4.842865959,low,0.178752532,low,10.02491233,10.40007359,0.543976362,medium,0.577367835,medium,0.272733,low,0.263515,low
13,75,"5,7",5,7,1.802775638,Top Left,h,0.92,0.92,correct,FALSE,0.747937,9.302374,medium,0.146219451,low,10.57046,14.78080315,0.399254733,low,0.647512864,medium,0.69043,medium,0.785063,high
13,76,"8,12",8,12,4.031128874,Bottom Right,l,0.98,0.98,correct,FALSE,0.14951,6.7113568,low,0.276203655,low,11.74177958,12.67166615,0.636724214,medium,0.630259853,medium,0.209357,low,0.607968,medium
13,77,"8,2",8,2,6.800735254,Bottom Left,m,0.72,0.72,correct,FALSE,0.503689,10.48672742,high,0.323602818,low,13.37275327,14.35221457,0.604297192,medium,0.728889203,high,0.427817,low,0.494826,low
13,78,"10,8",10,8,4.031128874,Bottom Left,l,4.52,4.52,correct,FALSE,0.14553,9.794274695,medium,0.185166605,low,14.24197055,14.41046095,0.506931,medium,0.733222414,high,0.347868,low,0.354189,low
13,79,"4,2",4,2,6.800735254,Top Left,l,0.81,0.81,correct,FALSE,0.132594,8.384166337,low,0.187199346,low,10.43115729,14.61057,0.474703557,medium,0.638381719,medium,0.659985,medium,0.502528,medium
13,80,"1,6",1,6,5.590169944,Top Left,h,0.86,0.86,correct,FALSE,0.754725,8.856830277,medium,0.309107906,low,10.27276575,14.64687878,0.52115134,medium,0.721206637,high,0.33695,low,0.405107,low
13,81,"8,11",8,11,3.201562119,Bottom Right,m,0.84,0.84,correct,FALSE,0.499336,11.60434128,high,0.365012119,low,14.52275449,13.75396207,0.621860307,medium,0.714992648,high,0.297402,low,0.377662,low
13,82,"4,14",4,14,5.852349955,Top Right,h,0.86,0.86,correct,FALSE,0.735171,11.88798567,high,0.457684982,medium,12.98160823,14.25592469,0.640851092,medium,0.74554436,high,0.620534,medium,0.690039,medium
13,83,"6,9",6,9,0.5,Bottom Right,m,1.1,1.1,correct,FALSE,0.504844,8.173941,low,0.293603408,low,11.09340575,13.34785152,0.511369419,medium,0.68037281,medium,0.357873,low,0.275719,low
13,84,"6,8",6,8,0.5,Bottom Left,h,0.74,0.74,correct,FALSE,0.747406,10.84347815,high,0.469390509,medium,13.00536534,17.24292791,0.673454494,medium,0.82402513,high,0.777596,high,0.801109,high
13,85,"7,9",7,9,1.118033989,Bottom Right,h,0.7,0.7,correct,FALSE,0.741072,10.47874979,high,0.105368632,low,13.97430586,14.12906901,0.400642002,medium,0.675553024,medium,0.215563,low,0.248952,low
13,86,"5,15",5,15,6.576473219,Top Right,h,2.95,2.95,correct,FALSE,0.734458,14.61259528,high,0.585803592,medium,16.08146739,17.26127998,0.746652017,high,0.882695024,high,0.396808,low,0.345057,low
13,87,"8,11",8,11,3.201562119,Bottom Right,m,0.71,0.71,correct,FALSE,0.499336,11.60434128,high,0.365012119,low,14.52275449,13.75396207,0.621860307,medium,0.714992648,high,0.297402,low,0.377662,low
13,88,"10,4",10,4,6.020797289,Bottom Left,h,did not see,did not see,incorrect,FALSE,0.766454,9.475999,medium,0.297819217,low,13.01867065,13.95055075,0.536236678,medium,0.749323814,high,0.468754,low,0.527345,medium
13,89,"3,4",3,4,5.408326913,Top Left,m,0.81,0.81,correct,FALSE,0.50103,8.780273627,medium,0.417624705,medium,10.29276997,18.19342967,0.625585228,medium,0.862712625,high,0.410524,low,0.395506,low
13,90,"6,2",6,2,6.5,Bottom Left,h,1.14,1.14,correct,FALSE,0.778935,15.62799797,high,0.675662359,medium,18.59302241,17.12269934,0.843946693,high,0.903996142,high,0.334572,low,0.32921,low
13,91,"8,3",8,3,5.852349955,Bottom Left,l,0.95,0.95,correct,FALSE,0.132426,8.622265,low,0.330608731,low,12.90807718,12.5445627,0.668523,medium,0.630429519,medium,0.154598,low,0.922716,high
13,92,"5,12",5,12,3.640054945,Top Right,l,0.92,0.92,correct,FALSE,0.14642,8.459853003,low,0.061378,low,11.75766421,13.21337404,0.433901126,medium,0.52457487,medium,0.292993,low,0.374829,low
13,93,"6,6",6,6,2.5,Bottom Left,m,0.86,0.86,correct,FALSE,0.50213,9.303835705,medium,0.344452753,low,12.30512571,15.10671503,0.616769859,medium,0.778462511,high,0.495231,low,0.379595,low
13,94,"4,4",4,4,4.924428901,Top Left,h,0.8,0.8,correct,FALSE,0.771979,7.208511187,low,0.285060423,low,9.166194,16.83160892,0.500389391,medium,0.766199896,high,0.752833,high,0.835335,high
13,95,"8,5",8,5,4.031128874,Bottom Left,m,0.68,0.68,correct,FALSE,0.49912,6.812006337,low,0.310318732,low,9.163600247,15.69251421,0.535395161,medium,0.817047539,high,0.535063,medium,0.876311,high
13,96,"2,5",2,5,5.315072906,Top Left,m,0.77,0.77,correct,FALSE,0.499479,9.882301288,medium,0.348527167,low,11.37682503,13.61966925,0.567416182,medium,0.6647829,medium,0.436669,low,0.593175,medium
13,97,"2,2",2,2,7.632168761,Top Left,m,did not see,did not see,incorrect,FALSE,0.503448,7.575062934,low,0.261009,low,11.01136572,13.10773724,0.527858233,medium,0.692547368,medium,0.40163,low,0.355659,low
13,98,"9,3",9,3,6.264982043,Bottom Left,m,1.22,1.22,correct,FALSE,0.500359,10.42570256,high,0.309994248,low,13.28985571,14.62567209,0.607134066,medium,0.71786737,high,0.629409,medium,0.703189,high
13,99,"7,13",7,13,4.609772229,Bottom Right,m,0.94,0.94,correct,FALSE,0.500695,8.19808684,low,0.391253477,low,10.44949291,15.81823347,0.604299494,medium,0.829366988,high,0.453987,low,0.412429,low
13,100,"9,13",9,13,5.408326913,Bottom Right,l,1.02,1.02,correct,FALSE,0.149172,8.84052,medium,0.238928625,low,11.52561954,14.22189736,0.560865373,medium,0.648101,medium,0.311128,low,0.324536,low
14,1,"11,7",11,7,5.220153254,Bottom Left,h,did not see,did not see,incorrect,FALSE,0.747791,11.71577541,high,0.618379163,medium,12.40029397,17.66404566,0.755906877,high,0.896580792,high,0.750809,high,0.883692,high
14,2,"6,11",6,11,2.5,Bottom Right,h,3.12,3.12,correct,FALSE,0.739862,10.99470967,high,0.385230702,low,14.87441399,13.37617557,0.635635585,medium,0.69913905,medium,0.441565,low,0.4804,low
14,3,"2,7",2,7,4.272001873,Top Left,h,did not see,did not see,incorrect,FALSE,0.750853,10.83670903,high,0.346841904,low,13.92310566,13.91547688,0.600680487,medium,0.745452,high,0.392602,low,0.384493,low
14,4,"4,8",4,8,2.061552813,Top Left,l,4.75,4.75,correct,FALSE,0.140752,7.796163948,low,0.243730855,low,14.63895589,10.95056531,0.657798728,medium,0.54002838,medium,0.320675,low,0.30832,low
14,5,"2,2",2,2,7.632168761,Top Left,m,did not see,did not see,incorrect,FALSE,0.503448,7.575062934,low,0.261009,low,11.01136572,13.10773724,0.527858233,medium,0.692547368,medium,0.40163,low,0.355659,low
14,6,"1,10",1,10,5.220153254,Top Right,m,1.48,1.48,correct,FALSE,0.499959,10.32626235,high,0.286714527,low,11.19447818,14.2366771,0.497438751,medium,0.649467159,medium,0.563235,medium,0.678726,medium
14,7,"11,10",11,10,5.220153254,Bottom Right,h,did not see,did not see,incorrect,FALSE,0.7424,7.486701604,low,0.319743383,low,11.55579275,12.08806228,0.593751088,medium,0.661036,medium,0.472472,low,0.497795,low
14,8,"3,11",3,11,3.905124838,Top Right,h,did not see,did not see,incorrect,FALSE,0.739741,12.97809717,high,0.57621325,medium,14.39417639,14.49449471,0.702438435,high,0.722998537,high,0.300628,low,0.368617,low
14,9,"9,8",9,8,3.041381265,Bottom Left,h,did not see,did not see,incorrect,FALSE,0.742853,10.08127017,high,0.364950618,low,12.89123284,14.9176846,0.628290595,medium,0.787643318,high,0.332404,low,0.419661,low
14,10,"9,10",9,10,3.354101966,Bottom Right,l,did not see,did not see,incorrect,FALSE,0.146642,4.842865959,low,0.178752532,low,10.02491233,10.40007359,0.543976362,medium,0.577367835,medium,0.272733,low,0.263515,low
14,11,"2,3",2,3,6.800735254,Top Left,l,did not see,did not see,incorrect,FALSE,0.133655,10.56458774,high,0.430848026,medium,14.35243978,14.45106499,0.695856139,medium,0.813388525,high,0.375356,low,0.265063,low
14,12,"7,7",7,7,1.802775638,Bottom Left,m,did not see,did not see,incorrect,FALSE,0.502215,8.656773238,low,0.422748638,medium,12.36911757,15.11340049,0.665249717,medium,0.783442259,high,0.661167,medium,0.560356,medium
14,13,"8,14",8,14,5.852349955,Bottom Right,l,did not see,did not see,incorrect,FALSE,0.149415,4.954621676,low,0.185790744,low,12.97410347,9.090461796,0.702571619,high,0.438975857,medium,0.451169,low,0.355001,low
14,14,"5,13",5,13,4.609772229,Top Right,h,1.17,1.17,correct,FALSE,0.736745,11.33257586,high,0.183858439,low,12.73454577,13.35596674,0.467911418,medium,0.584303587,medium,0.405053,low,0.448635,low
14,15,"5,5",5,5,3.640054945,Top Left,m,1.02,1.02,correct,FALSE,0.502465,11.24589236,high,0.273838784,low,14.15985759,13.58914319,0.562401451,medium,0.693121,medium,0.359365,low,0.346689,low
14,16,"5,16",5,16,7.566372975,Top Right,h,did not see,did not see,incorrect,FALSE,0.731307,10.95698507,high,0.480901337,medium,15.20775849,13.56801681,0.741333493,high,0.771739,high,0.474986,low,0.409619,low
14,17,"7,11",7,11,2.692582404,Bottom Right,l,3.16,3.16,correct,FALSE,0.147853,9.569433646,medium,0.158388029,low,14.32793183,11.50281917,0.525956898,medium,0.516750079,medium,0.351476,low,0.475164,low
14,18,"3,11",3,11,3.905124838,Top Right,h,9.07 late,9.07,correct,TRUE,0.739741,12.97809717,high,0.57621325,medium,14.39417639,14.49449471,0.702438435,high,0.722998537,high,0.300628,low,0.368617,low
14,19,"4,14",4,14,5.852349955,Top Right,h,did not see,did not see,incorrect,FALSE,0.735171,11.88798567,high,0.457684982,medium,12.98160823,14.25592469,0.640851092,medium,0.74554436,high,0.620534,medium,0.690039,medium
14,20,"4,2",4,2,6.800735254,Top Left,l,did not see,did not see,incorrect,FALSE,0.132594,8.384166337,low,0.187199346,low,10.43115729,14.61057,0.474703557,medium,0.638381719,medium,0.659985,medium,0.502528,medium
14,21,"7,1",7,1,7.566372975,Bottom Left,l,did not see,did not see,incorrect,FALSE,0.132252,7.582976558,low,0.345801319,low,9.144453936,17.41873825,0.541548451,medium,0.866349973,high,0.213652,low,0.392083,low
14,22,"3,8",3,8,3.041381265,Top Left,h,did not see,did not see,incorrect,FALSE,0.747077,8.87526057,medium,0.431442666,medium,13.31413275,13.01872619,0.685711,medium,0.762279553,high,0.356156,low,0.374724,low
14,23,"4,13",4,13,4.924428901,Top Right,m,1.32,1.32,correct,FALSE,0.501955,8.517266207,low,0.320700471,low,9.451031975,21.99689751,0.520800385,medium,0.866837749,high,0.510757,medium,0.852494,high
14,24,"4,16",4,16,7.762087348,Top Right,m,5.41,5.41,correct,FALSE,0.50125,8.299104911,low,0.286777541,low,11.34849756,14.97253819,0.558209,medium,0.772560469,high,0.41141,low,0.565303,medium
14,25,"2,7",2,7,4.272001873,Top Left,h,did not see,did not see,incorrect,FALSE,0.750853,10.83670903,high,0.346841904,low,13.92310566,13.91547688,0.600680487,medium,0.745452,high,0.392602,low,0.384493,low
14,26,"6,15",6,15,6.5,Bottom Right,l,did not see,did not see,incorrect,FALSE,0.152267,9.618126041,medium,0.19610824,low,12.4081962,13.77561861,0.522964476,medium,0.647909571,medium,0.26877,low,0.249944,low
14,27,"8,12",8,12,4.031128874,Bottom Right,l,did not see,did not see,incorrect,FALSE,0.14951,6.7113568,low,0.276203655,low,11.74177958,12.67166615,0.636724214,medium,0.630259853,medium,0.209357,low,0.607968,medium
14,28,"10,4",10,4,6.020797289,Bottom Left,h,did not see,did not see,incorrect,FALSE,0.766454,9.475999,medium,0.297819217,low,13.01867065,13.95055075,0.536236678,medium,0.749323814,high,0.468754,low,0.527345,medium
14,29,"9,13",9,13,5.408326913,Bottom Right,l,1.6,1.6,correct,FALSE,0.149172,8.84052,medium,0.238928625,low,11.52561954,14.22189736,0.560865373,medium,0.648101,medium,0.311128,low,0.324536,low
14,30,"1,9",1,9,5.024937811,Top Right,h,did not see,did not see,incorrect,FALSE,0.746658,4.614111186,low,0.149265881,low,10.49183059,9.696995934,0.512781742,medium,0.479681,medium,0.207347,low,0.183588,low
14,31,"5,10",5,10,1.802775638,Top Right,h,1.12,1.12,correct,FALSE,0.740714,9.932323,medium,0.239574697,low,12.3850021,14.83577161,0.506066175,medium,0.692409133,medium,0.753412,high,0.678145,medium
14,32,"8,7",8,7,2.5,Bottom Left,h,did not see,did not see,incorrect,FALSE,0.74669,14.17952972,high,0.45948622,medium,13.6085613,14.22007998,0.615035934,medium,0.631418009,medium,0.74661,high,0.843826,high
14,33,"2,14",2,14,6.800735254,Top Right,l,0.97,0.97,correct,FALSE,0.153089,6.198447454,low,0.126601005,low,7.534082099,16.9978782,0.269930049,low,0.786624921,high,0.208594,low,0.843005,high
14,34,"9,5",9,5,4.609772229,Bottom Left,h,0.94,0.94,correct,FALSE,0.755298,10.55875115,high,0.471726003,medium,13.03431237,13.87760958,0.724309,high,0.705077689,high,0.456023,low,0.465785,low
14,35,"10,13",10,13,6.020797289,Bottom Right,m,did not see,did not see,incorrect,FALSE,0.500591,10.06340683,high,0.298305425,low,10.13842924,19.49684594,0.474857724,medium,0.850984441,high,0.52999,medium,0.83216,high
14,36,"11,8",11,8,5.024937811,Bottom Left,m,did not see,did not see,incorrect,FALSE,0.502892,8.38158913,low,0.186747736,low,11.24587368,13.01680924,0.501628904,medium,0.585746516,medium,0.26396,low,0.427673,low
14,37,"4,6",4,6,3.201562119,Top Left,h,0.99,0.99,correct,FALSE,0.754106,9.296781572,medium,0.211521854,low,12.15512509,12.68434359,0.516418304,medium,0.57710279,medium,0.415739,low,0.422205,low
14,38,"1,11",1,11,5.590169944,Top Right,l,did not see,did not see,incorrect,FALSE,0.14591,10.34087244,high,0.174811309,low,12.78446874,16.312975,0.512083092,medium,0.738746642,high,0.319124,low,0.228091,low
14,39,"6,1",6,1,7.5,Bottom Left,h,did not see,did not see,incorrect,FALSE,0.783743,8.069105067,low,0.315587139,low,14.13795403,11.04942283,0.698799689,medium,0.520001095,medium,0.464173,low,0.492382,low
14,40,"1,5",1,5,6.103277808,Top Left,l,did not see,did not see,incorrect,FALSE,0.136468,8.949655165,medium,0.179499017,low,14.62175838,11.68992987,0.556387383,medium,0.547019886,medium,0.417885,low,0.495363,low
14,41,"8,9",8,9,2.061552813,Bottom Right,l,1.11,1.11,correct,FALSE,0.144569,10.02450662,medium,0.156656651,low,11.1050448,16.91112941,0.477594117,medium,0.694965002,medium,0.257502,low,0.329008,low
14,42,"3,16",3,16,8.077747211,Top Right,l,did not see,did not see,incorrect,FALSE,0.150855,8.534351401,low,0.321445976,low,13.35129939,12.6983491,0.641644397,medium,0.723125649,high,0.322746,low,0.454032,low
14,43,"2,3",2,3,6.800735254,Top Left,l,did not see,did not see,incorrect,FALSE,0.133655,10.56458774,high,0.430848026,medium,14.35243978,14.45106499,0.695856139,medium,0.813388525,high,0.375356,low,0.265063,low
14,44,"9,8",9,8,3.041381265,Bottom Left,h,1.04,1.04,correct,FALSE,0.742853,10.08127017,high,0.364950618,low,12.89123284,14.9176846,0.628290595,medium,0.787643318,high,0.332404,low,0.419661,low
14,45,"6,3",6,3,5.5,Bottom Left,m,1.16,1.16,correct,FALSE,0.500691,7.751437064,low,0.24050262,low,10.94020342,12.67649773,0.495544829,medium,0.642383,medium,0.596495,medium,0.735515,high
14,46,"2,4",2,4,6.020797289,Top Left,l,1.05,1.05,correct,FALSE,0.134134,11.80467834,high,0.122054988,low,12.51678937,14.30177144,0.442517027,medium,0.571714239,medium,0.682246,medium,0.26678,low
14,47,"7,12",7,12,3.640054945,Bottom Right,h,1.19,1.19,correct,FALSE,0.739467,6.976369602,low,0.340689819,low,11.06907313,12.92668959,0.625368526,medium,0.716007003,high,0.745872,high,0.889333,high
14,48,"10,13",10,13,6.020797289,Bottom Right,m,1.94,1.94,correct,FALSE,0.500591,10.06340683,high,0.298305425,low,10.13842924,19.49684594,0.474857724,medium,0.850984441,high,0.52999,medium,0.83216,high
14,49,"11,8",11,8,5.024937811,Bottom Left,m,did not see,did not see,incorrect,FALSE,0.502892,8.38158913,low,0.186747736,low,11.24587368,13.01680924,0.501628904,medium,0.585746516,medium,0.26396,low,0.427673,low
14,50,"4,13",4,13,4.924428901,Top Right,m,0.93,0.93,correct,FALSE,0.501955,8.517266207,low,0.320700471,low,9.451031975,21.99689751,0.520800385,medium,0.866837749,high,0.510757,medium,0.852494,high
14,51,"2,8",2,8,4.031128874,Top Left,m,did not see,did not see,incorrect,FALSE,0.496145,7.437528461,low,0.246270248,low,10.94292144,11.86846537,0.530839105,medium,0.515177493,medium,0.622473,medium,0.76804,high
14,52,"5,3",5,3,5.590169944,Top Left,l,2.44,2.44,correct,FALSE,0.1342,9.967776817,medium,0.331556565,low,11.66729724,18.18540653,0.585238831,medium,0.847005986,high,0.293884,low,0.236578,low
14,53,"5,13",5,13,4.609772229,Top Right,h,1.19,1.19,correct,FALSE,0.736745,11.33257586,high,0.183858439,low,12.73454577,13.35596674,0.467911418,medium,0.584303587,medium,0.405053,low,0.448635,low
14,54,"8,10",8,10,2.5,Bottom Right,h,3.21,3.21,correct,FALSE,0.741974,10.06407798,high,0.471237997,medium,12.8613049,13.91766946,0.659242311,medium,0.718854645,high,0.764273,high,0.849275,high
14,55,"11,9",11,9,5.024937811,Bottom Right,l,did not see,did not see,incorrect,FALSE,0.143952,6.961933351,low,0.204555681,low,9.489752474,13.48478868,0.472912062,medium,0.655523,medium,0.582302,medium,0.505769,medium
14,56,"8,9",8,9,2.061552813,Bottom Right,l,did not see,did not see,incorrect,FALSE,0.144569,10.02450662,medium,0.156656651,low,11.1050448,16.91112941,0.477594117,medium,0.694965002,medium,0.257502,low,0.329008,low
14,57,"6,13",6,13,4.5,Bottom Right,l,1.19,1.19,correct,FALSE,0.149463,8.894658798,medium,0.198630146,low,10.14233311,14.99006896,0.434059046,medium,0.656537547,medium,0.607367,medium,0.435968,low
14,58,"6,1",6,1,7.5,Bottom Left,h,did not see,did not see,incorrect,FALSE,0.783743,8.069105067,low,0.315587139,low,14.13795403,11.04942283,0.698799689,medium,0.520001095,medium,0.464173,low,0.492382,low
14,59,"9,3",9,3,6.264982043,Bottom Left,m,did not see,did not see,incorrect,FALSE,0.500359,10.42570256,high,0.309994248,low,13.28985571,14.62567209,0.607134066,medium,0.71786737,high,0.629409,medium,0.703189,high
14,60,"9,6",9,6,3.905124838,Bottom Left,m,1.21,1.21,correct,FALSE,0.502667,8.725985556,medium,0.416661317,medium,11.24819177,14.54266132,0.628532,medium,0.777890291,high,0.529516,medium,0.826592,high
14,61,"8,6",8,6,3.201562119,Bottom Left,l,2.19,2.19,correct,FALSE,0.137514,6.58017712,low,0.175683828,low,11.78284776,11.33352803,0.549881338,medium,0.599510892,medium,0.261824,low,0.237724,low
14,62,"1,14",1,14,7.433034374,Top Right,h,did not see,did not see,incorrect,FALSE,0.736799,10.48444,high,0.269980479,low,12.62634897,13.54333989,0.496518415,medium,0.670272006,medium,0.656448,medium,0.815978,high
14,63,"10,7",10,7,4.272001873,Bottom Left,m,did not see,did not see,incorrect,FALSE,0.508513,8.513237656,low,0.403968,medium,13.23805087,13.34985898,0.677701305,medium,0.793334185,high,0.264864,low,0.374528,low
14,64,"1,7",1,7,5.220153254,Top Left,m,0.93,0.93,correct,FALSE,0.503747,8.876649727,medium,0.210924652,low,9.93742363,17.05925232,0.451266934,medium,0.779103668,high,0.481094,low,0.822615,high
14,65,"9,9",9,9,3.041381265,Bottom Right,m,1.62,1.62,correct,FALSE,0.501961,7.549186365,low,0.261199008,low,8.747970419,18.6791846,0.440575101,medium,0.832337795,high,0.287744,low,0.277304,low
14,66,"8,6",8,6,3.201562119,Bottom Left,l,did not see,did not see,incorrect,FALSE,0.137514,6.58017712,low,0.175683828,low,11.78284776,11.33352803,0.549881338,medium,0.599510892,medium,0.261824,low,0.237724,low
14,67,"11,12",11,12,6.103277808,Bottom Right,l,did not see,did not see,incorrect,FALSE,0.149208,6.964910345,low,0.205383878,low,11.37227671,11.36056335,0.513272278,medium,0.60665,medium,0.250617,low,0.465814,low
14,68,"3,15",3,15,7.158910532,Top Right,l,1.41,1.41,correct,FALSE,0.1503,9.074487,medium,0.163994237,low,9.696648316,18.86998291,0.416280813,medium,0.762278638,high,0.394223,low,0.377542,low
14,69,"4,11",4,11,3.201562119,Top Right,l,1.21,1.21,correct,FALSE,0.147533,9.491143,medium,0.351428353,low,10.57838121,14.90992107,0.513114,medium,0.78581271,high,0.25485,low,0.475575,low
14,70,"6,7",6,7,1.5,Bottom Left,l,2.32,2.32,correct,FALSE,0.140702,9.368791299,medium,0.253334812,low,10.28533586,20.54707722,0.498136795,medium,0.82694999,high,0.31958,low,0.609008,medium
14,71,"10,9",10,9,4.031128874,Bottom Right,h,did not see,did not see,incorrect,FALSE,0.740666,7.720993015,low,0.09442,low,9.414941719,20.20555172,0.366135278,low,0.756319945,high,0.725229,high,0.872892,high
14,72,"9,8",9,8,3.041381265,Bottom Left,h,did not see,did not see,incorrect,FALSE,0.742853,10.08127017,high,0.364950618,low,12.89123284,14.9176846,0.628290595,medium,0.787643318,high,0.332404,low,0.419661,low
14,73,"7,4",7,4,4.609772229,Bottom Left,h,did not see,did not see,incorrect,FALSE,0.762415,9.644809178,medium,0.086051,low,9.657204442,16.28263827,0.258281309,low,0.722620507,high,0.387356,low,0.400922,low
14,74,"8,2",8,2,6.800735254,Bottom Left,m,1.57,1.57,correct,FALSE,0.503689,10.48672742,high,0.323602818,low,13.37275327,14.35221457,0.604297192,medium,0.728889203,high,0.427817,low,0.494826,low
14,75,"2,5",2,5,5.315072906,Top Left,m,1.22,1.22,correct,FALSE,0.499479,9.882301288,medium,0.348527167,low,11.37682503,13.61966925,0.567416182,medium,0.6647829,medium,0.436669,low,0.593175,medium
14,76,"6,2",6,2,6.5,Bottom Left,h,did not see,did not see,incorrect,FALSE,0.778935,15.62799797,high,0.675662359,medium,18.59302241,17.12269934,0.843946693,high,0.903996142,high,0.334572,low,0.32921,low
14,77,"9,11",9,11,3.905124838,Bottom Right,h,3.84,3.84,correct,FALSE,0.736154,8.760130193,medium,0.217604518,low,11.7019116,14.37227722,0.512020649,medium,0.729585118,high,0.657147,medium,0.740195,high
14,78,"10,5",10,5,5.315072906,Bottom Left,l,did not see,did not see,incorrect,FALSE,0.137856,7.803767458,low,0.276825733,low,12.60270677,12.84937797,0.566765303,medium,0.708577117,high,0.202157,low,0.649259,medium
14,79,"1,13",1,13,6.726812024,Top Right,m,did not see,did not see,incorrect,FALSE,0.49857,9.424437687,medium,0.102606722,low,10.59092374,17.55094477,0.402535668,medium,0.718065483,high,0.477183,low,0.378888,low
14,80,"8,14",8,14,5.852349955,Bottom Right,l,did not see,did not see,incorrect,FALSE,0.149415,4.954621676,low,0.185790744,low,12.97410347,9.090461796,0.702571619,high,0.438975857,medium,0.451169,low,0.355001,low
14,81,"9,11",9,11,3.905124838,Bottom Right,h,1.1,1.1,correct,FALSE,0.736154,8.760130193,medium,0.217604518,low,11.7019116,14.37227722,0.512020649,medium,0.729585118,high,0.657147,medium,0.740195,high
14,82,"5,1",5,1,7.566372975,Top Left,m,1.12,1.12,correct,FALSE,0.504358,8.963868659,medium,0.257528758,low,11.74972293,14.17658446,0.518899952,medium,0.760644914,high,0.296504,low,0.331203,low
14,83,"1,8",1,8,5.024937811,Top Left,l,2.4,2.4,correct,FALSE,0.140666,10.43548707,high,0.147774762,low,12.36143857,12.58136712,0.333545032,low,0.608577825,medium,0.198327,low,0.78928,high
14,84,"3,1",3,1,8.077747211,Top Left,h,1.03,1.03,correct,FALSE,0.78336,8.98651201,medium,0.199499889,low,11.12865666,12.92687642,0.428102361,medium,0.575487854,medium,0.336643,low,0.347331,low
14,85,"9,5",9,5,4.609772229,Bottom Left,h,1.13,1.13,correct,FALSE,0.755298,10.55875115,high,0.471726003,medium,13.03431237,13.87760958,0.724309,high,0.705077689,high,0.456023,low,0.465785,low
14,86,"2,6",2,6,4.716990566,Top Left,l,0.99,0.99,correct,FALSE,0.137677,9.56870836,medium,0.265540002,low,10.68589655,17.76339604,0.512944441,medium,0.817970532,high,0.211048,low,0.855506,high
14,87,"4,2",4,2,6.800735254,Top Left,l,1.16,1.16,correct,FALSE,0.132594,8.384166337,low,0.187199346,low,10.43115729,14.61057,0.474703557,medium,0.638381719,medium,0.659985,medium,0.502528,medium
14,88,"11,5",11,5,6.103277808,Bottom Left,m,did not see,did not see,incorrect,FALSE,0.49994,7.961968337,low,0.30969124,low,10.02452302,15.11988237,0.541161959,medium,0.78335509,high,0.437235,low,0.455353,low
14,89,"11,8",11,8,5.024937811,Bottom Left,m,did not see,did not see,incorrect,FALSE,0.502892,8.38158913,low,0.186747736,low,11.24587368,13.01680924,0.501628904,medium,0.585746516,medium,0.26396,low,0.427673,low
14,90,"2,13",2,13,6.020797289,Top Right,h,did not see,did not see,incorrect,FALSE,0.738029,10.64411116,high,0.13457586,low,12.52655438,14.81016024,0.37620482,low,0.700008516,high,0.311062,low,0.342227,low
14,91,"5,10",5,10,1.802775638,Top Right,h,1.3,1.3,correct,FALSE,0.740714,9.932323,medium,0.239574697,low,12.3850021,14.83577161,0.506066175,medium,0.692409133,medium,0.753412,high,0.678145,medium
14,92,"5,13",5,13,4.609772229,Top Right,h,0.96,0.96,correct,FALSE,0.736745,11.33257586,high,0.183858439,low,12.73454577,13.35596674,0.467911418,medium,0.584303587,medium,0.405053,low,0.448635,low
14,93,"6,15",6,15,6.5,Bottom Right,l,1.76,1.76,correct,FALSE,0.152267,9.618126041,medium,0.19610824,low,12.4081962,13.77561861,0.522964476,medium,0.647909571,medium,0.26877,low,0.249944,low
14,94,"1,5",1,5,6.103277808,Top Left,l,did not see,did not see,incorrect,FALSE,0.136468,8.949655165,medium,0.179499017,low,14.62175838,11.68992987,0.556387383,medium,0.547019886,medium,0.417885,low,0.495363,low
14,95,"7,5",7,5,3.640054945,Bottom Left,l,6.65 late,6.65,correct,TRUE,0.136619,8.412961428,low,0.28125962,low,16.88384777,10.6486613,0.744452681,high,0.485269067,medium,0.423673,low,0.42576,low
14,96,"3,4",3,4,5.408326913,Top Left,m,1.05,1.05,correct,FALSE,0.50103,8.780273627,medium,0.417624705,medium,10.29276997,18.19342967,0.625585228,medium,0.862712625,high,0.410524,low,0.395506,low
14,97,"1,14",1,14,7.433034374,Top Right,h,did not see,did not see,incorrect,FALSE,0.736799,10.48444,high,0.269980479,low,12.62634897,13.54333989,0.496518415,medium,0.670272006,medium,0.656448,medium,0.815978,high
14,98,"5,9",5,9,1.118033989,Top Right,l,1.73,1.73,correct,FALSE,0.144013,10.1573656,high,0.315364198,low,11.43292894,16.38790518,0.536672831,medium,0.808671829,high,0.262363,low,0.473711,low
14,99,"6,7",6,7,1.5,Bottom Left,l,1.16,1.16,correct,FALSE,0.140702,9.368791299,medium,0.253334812,low,10.28533586,20.54707722,0.498136795,medium,0.82694999,high,0.31958,low,0.609008,medium
14,100,"5,9",5,9,1.118033989,Top Right,l,1.76,1.76,correct,FALSE,0.144013,10.1573656,high,0.315364198,low,11.43292894,16.38790518,0.536672831,medium,0.808671829,high,0.262363,low,0.473711,low
14,101,"6,16",6,16,7.5,Bottom Right,l,did not see,did not see,incorrect,FALSE,0.153924,14.03396787,high,0.28624245,low,14.23714988,16.69837,0.565897576,medium,0.797867769,high,0.246366,low,0.808382,high
14,102,"4,4",4,4,4.924428901,Top Left,h,did not see,did not see,incorrect,FALSE,0.771979,7.208511187,low,0.285060423,low,9.166194,16.83160892,0.500389391,medium,0.766199896,high,0.752833,high,0.835335,high
15,1,"4,4",4,4,4.924428901,Top Left,h,did not see,did not see,incorrect,FALSE,0.771979,7.208511187,low,0.285060423,low,9.166194,16.83160892,0.500389391,medium,0.766199896,high,0.752833,high,0.835335,high
15,2,"3,11",3,11,3.905124838,Top Right,h,1.76,1.76,correct,FALSE,0.739741,12.97809717,high,0.57621325,medium,14.39417639,14.49449471,0.702438435,high,0.722998537,high,0.300628,low,0.368617,low
15,3,"3,16",3,16,8.077747211,Top Right,l,did not see,did not see,incorrect,FALSE,0.150855,8.534351401,low,0.321445976,low,13.35129939,12.6983491,0.641644397,medium,0.723125649,high,0.322746,low,0.454032,low
15,4,"8,4",8,4,4.924428901,Bottom Left,l,5.71,5.71,correct,FALSE,0.137801,10.82672146,high,0.271906525,low,12.32915256,18.23452335,0.555508433,medium,0.801467617,high,0.28184,low,0.487307,low
15,5,"2,4",2,4,6.020797289,Top Left,l,1.23,1.23,correct,FALSE,0.134134,11.80467834,high,0.122054988,low,12.51678937,14.30177144,0.442517027,medium,0.571714239,medium,0.682246,medium,0.26678,low
15,6,"4,4",4,4,4.924428901,Top Left,h,2.94,2.94,correct,FALSE,0.771979,7.208511187,low,0.285060423,low,9.166194,16.83160892,0.500389391,medium,0.766199896,high,0.752833,high,0.835335,high
15,7,"2,8",2,8,4.031128874,Top Left,m,0.86,0.86,correct,FALSE,0.496145,7.437528461,low,0.246270248,low,10.94292144,11.86846537,0.530839105,medium,0.515177493,medium,0.622473,medium,0.76804,high
15,8,"2,5",2,5,5.315072906,Top Left,m,1.07,1.07,correct,FALSE,0.499479,9.882301288,medium,0.348527167,low,11.37682503,13.61966925,0.567416182,medium,0.6647829,medium,0.436669,low,0.593175,medium
15,9,"8,12",8,12,4.031128874,Bottom Right,l,1.49,1.49,correct,FALSE,0.14951,6.7113568,low,0.276203655,low,11.74177958,12.67166615,0.636724214,medium,0.630259853,medium,0.209357,low,0.607968,medium
15,10,"2,12",2,12,5.315072906,Top Right,l,7.73 late,7.73,correct,TRUE,0.147122,4.198022944,low,0.139917736,low,11.81424932,8.671105795,0.651215233,medium,0.324339742,low,0.463928,low,0.210546,low
15,11,"1,14",1,14,7.433034374,Top Right,h,4.01,4.01,correct,FALSE,0.736799,10.48444,high,0.269980479,low,12.62634897,13.54333989,0.496518415,medium,0.670272006,medium,0.656448,medium,0.815978,high
15,12,"8,11",8,11,3.201562119,Bottom Right,m,1.67,1.67,correct,FALSE,0.499336,11.60434128,high,0.365012119,low,14.52275449,13.75396207,0.621860307,medium,0.714992648,high,0.297402,low,0.377662,low
15,13,"8,15",8,15,6.800735254,Bottom Right,h,1.9,1.9,correct,FALSE,0.734422,8.71238593,medium,0.197689989,low,9.394358316,14.47228739,0.326145567,low,0.696217668,medium,0.591615,medium,0.755431,high
15,14,"3,1",3,1,8.077747211,Top Left,h,1.88,1.88,correct,FALSE,0.78336,8.98651201,medium,0.199499889,low,11.12865666,12.92687642,0.428102361,medium,0.575487854,medium,0.336643,low,0.347331,low
15,15,"8,4",8,4,4.924428901,Bottom Left,l,did not see,did not see,incorrect,FALSE,0.137801,10.82672146,high,0.271906525,low,12.32915256,18.23452335,0.555508433,medium,0.801467617,high,0.28184,low,0.487307,low
15,16,"3,15",3,15,7.158910532,Top Right,l,did not see,did not see,incorrect,FALSE,0.1503,9.074487,medium,0.163994237,low,9.696648316,18.86998291,0.416280813,medium,0.762278638,high,0.394223,low,0.377542,low
15,17,"8,12",8,12,4.031128874,Bottom Right,l,1.93,1.93,correct,FALSE,0.14951,6.7113568,low,0.276203655,low,11.74177958,12.67166615,0.636724214,medium,0.630259853,medium,0.209357,low,0.607968,medium
15,18,"10,8",10,8,4.031128874,Bottom Left,l,did not see,did not see,incorrect,FALSE,0.14553,9.794274695,medium,0.185166605,low,14.24197055,14.41046095,0.506931,medium,0.733222414,high,0.347868,low,0.354189,low
15,19,"5,12",5,12,3.640054945,Top Right,l,1.27,1.27,correct,FALSE,0.14642,8.459853003,low,0.061378,low,11.75766421,13.21337404,0.433901126,medium,0.52457487,medium,0.292993,low,0.374829,low
15,20,"2,12",2,12,5.315072906,Top Right,l,7.81 late,7.81,correct,TRUE,0.147122,4.198022944,low,0.139917736,low,11.81424932,8.671105795,0.651215233,medium,0.324339742,low,0.463928,low,0.210546,low
15,21,"2,5",2,5,5.315072906,Top Left,m,1.91,1.91,correct,FALSE,0.499479,9.882301288,medium,0.348527167,low,11.37682503,13.61966925,0.567416182,medium,0.6647829,medium,0.436669,low,0.593175,medium
15,22,"9,13",9,13,5.408326913,Bottom Right,l,1.85,1.85,correct,FALSE,0.149172,8.84052,medium,0.238928625,low,11.52561954,14.22189736,0.560865373,medium,0.648101,medium,0.311128,low,0.324536,low
15,23,"2,12",2,12,5.315072906,Top Right,l,5.05,5.05,correct,FALSE,0.147122,4.198022944,low,0.139917736,low,11.81424932,8.671105795,0.651215233,medium,0.324339742,low,0.463928,low,0.210546,low
15,24,"2,7",2,7,4.272001873,Top Left,h,0.79,0.79,correct,FALSE,0.750853,10.83670903,high,0.346841904,low,13.92310566,13.91547688,0.600680487,medium,0.745452,high,0.392602,low,0.384493,low
15,25,"6,14",6,14,5.5,Bottom Right,m,0.75,0.75,correct,FALSE,0.502396,8.910480767,medium,0.361857035,low,11.6861797,15.03899099,0.5946407,medium,0.807391859,high,0.544339,medium,0.80914,high
15,26,"5,9",5,9,1.118033989,Top Right,l,0.85,0.85,correct,FALSE,0.144013,10.1573656,high,0.315364198,low,11.43292894,16.38790518,0.536672831,medium,0.808671829,high,0.262363,low,0.473711,low
15,27,"6,3",6,3,5.5,Bottom Left,m,0.92,0.92,correct,FALSE,0.500691,7.751437064,low,0.24050262,low,10.94020342,12.67649773,0.495544829,medium,0.642383,medium,0.596495,medium,0.735515,high
15,28,"1,8",1,8,5.024937811,Top Left,l,5.39,5.39,correct,FALSE,0.140666,10.43548707,high,0.147774762,low,12.36143857,12.58136712,0.333545032,low,0.608577825,medium,0.198327,low,0.78928,high
15,29,"6,12",6,12,3.5,Bottom Right,m,1.3,1.3,correct,FALSE,0.500156,7.801163073,low,0.335256932,low,10.65907573,14.97632894,0.585893888,medium,0.806898182,high,0.331647,low,0.475351,low
15,30,"1,9",1,9,5.024937811,Top Right,h,5.72,5.72,correct,FALSE,0.746658,4.614111186,low,0.149265881,low,10.49183059,9.696995934,0.512781742,medium,0.479681,medium,0.207347,low,0.183588,low
15,31,"2,12",2,12,5.315072906,Top Right,l,3.32,3.32,correct,FALSE,0.147122,4.198022944,low,0.139917736,low,11.81424932,8.671105795,0.651215233,medium,0.324339742,low,0.463928,low,0.210546,low
15,32,"4,16",4,16,7.762087348,Top Right,m,1.03,1.03,correct,FALSE,0.50125,8.299104911,low,0.286777541,low,11.34849756,14.97253819,0.558209,medium,0.772560469,high,0.41141,low,0.565303,medium
15,33,"8,5",8,5,4.031128874,Bottom Left,m,1.92,1.92,correct,FALSE,0.49912,6.812006337,low,0.310318732,low,9.163600247,15.69251421,0.535395161,medium,0.817047539,high,0.535063,medium,0.876311,high
15,34,"4,12",4,12,4.031128874,Top Right,h,did not see,did not see,incorrect,FALSE,0.73963,12.75788073,high,0.582858012,medium,14.37935683,16.55274693,0.761275298,high,0.874402618,high,0.655942,medium,0.78649,high
15,35,"3,15",3,15,7.158910532,Top Right,l,21.71 late,21.71,correct,TRUE,0.1503,9.074487,medium,0.163994237,low,9.696648316,18.86998291,0.416280813,medium,0.762278638,high,0.394223,low,0.377542,low
15,36,"5,7",5,7,1.802775638,Top Left,h,0.75,0.75,correct,FALSE,0.747937,9.302374,medium,0.146219451,low,10.57046,14.78080315,0.399254733,low,0.647512864,medium,0.69043,medium,0.785063,high
15,37,"8,13",8,13,4.924428901,Bottom Right,h,0.29,0.29,correct,FALSE,0.733349,8.535357277,low,0.152199734,low,13.92567612,11.80376331,0.452735111,medium,0.619001128,medium,0.36034,low,0.389775,low
15,38,"2,7",2,7,4.272001873,Top Left,h,1.05,1.05,correct,FALSE,0.750853,10.83670903,high,0.346841904,low,13.92310566,13.91547688,0.600680487,medium,0.745452,high,0.392602,low,0.384493,low
15,39,"8,14",8,14,5.852349955,Bottom Right,l,5.45,5.45,correct,FALSE,0.149415,4.954621676,low,0.185790744,low,12.97410347,9.090461796,0.702571619,high,0.438975857,medium,0.451169,low,0.355001,low
15,40,"2,5",2,5,5.315072906,Top Left,m,0.84,0.84,correct,FALSE,0.499479,9.882301288,medium,0.348527167,low,11.37682503,13.61966925,0.567416182,medium,0.6647829,medium,0.436669,low,0.593175,medium
15,41,"6,1",6,1,7.5,Bottom Left,h,0.89,0.89,correct,FALSE,0.783743,8.069105067,low,0.315587139,low,14.13795403,11.04942283,0.698799689,medium,0.520001095,medium,0.464173,low,0.492382,low
15,42,"4,10",4,10,2.5,Top Right,m,0.91,0.91,correct,FALSE,0.500548,9.500195729,medium,0.379485994,low,11.42713543,15.01084666,0.587086094,medium,0.82090987,high,0.378461,low,0.409957,low
15,43,"6,2",6,2,6.5,Bottom Left,h,did not see,did not see,incorrect,FALSE,0.778935,15.62799797,high,0.675662359,medium,18.59302241,17.12269934,0.843946693,high,0.903996142,high,0.334572,low,0.32921,low
15,44,"3,3",3,3,6.264982043,Top Left,m,4.99,4.99,correct,FALSE,0.501834,9.203473626,medium,0.269606409,low,15.24917709,12.38486797,0.619907995,medium,0.670961945,medium,0.249213,low,0.374208,low
15,45,"7,1",7,1,7.566372975,Bottom Left,l,0.99,0.99,correct,FALSE,0.132252,7.582976558,low,0.345801319,low,9.144453936,17.41873825,0.541548451,medium,0.866349973,high,0.213652,low,0.392083,low
15,46,"9,5",9,5,4.609772229,Bottom Left,h,0.92,0.92,correct,FALSE,0.755298,10.55875115,high,0.471726003,medium,13.03431237,13.87760958,0.724309,high,0.705077689,high,0.456023,low,0.465785,low
15,47,"4,15",4,15,6.800735254,Top Right,m,0.93,0.93,correct,FALSE,0.498275,7.867547353,low,0.335434947,low,11.27061811,13.98475212,0.633041731,medium,0.737636419,high,0.49275,low,0.860712,high
15,48,"7,15",7,15,6.576473219,Bottom Right,m,1.19,1.19,correct,FALSE,0.502179,7.377111724,low,0.375648,low,8.733071518,20.23847609,0.546844158,medium,0.885705169,high,0.509461,medium,0.880015,high
15,49,"6,12",6,12,3.5,Bottom Right,m,1.39,1.39,correct,FALSE,0.500156,7.801163073,low,0.335256932,low,10.65907573,14.97632894,0.585893888,medium,0.806898182,high,0.331647,low,0.475351,low
15,50,"11,11",11,11,5.590169944,Bottom Right,m,did not see,did not see,incorrect,FALSE,0.500313,7.72330069,low,0.243319301,low,14.53998244,10.58344222,0.636649044,medium,0.48022524,medium,0.609538,medium,0.67236,medium
15,51,"4,5",4,5,4.031128874,Top Left,l,did not see,did not see,incorrect,FALSE,0.136479,8.881531158,medium,0.267210825,low,12.51184051,13.03479379,0.572692737,medium,0.696187913,medium,0.289533,low,0.554078,medium
15,52,"8,13",8,13,4.924428901,Bottom Right,h,6.97 late,6.97,correct,TRUE,0.733349,8.535357277,low,0.152199734,low,13.92567612,11.80376331,0.452735111,medium,0.619001128,medium,0.36034,low,0.389775,low
15,53,"8,7",8,7,2.5,Bottom Left,h,did not see,did not see,incorrect,FALSE,0.74669,14.17952972,high,0.45948622,medium,13.6085613,14.22007998,0.615035934,medium,0.631418009,medium,0.74661,high,0.843826,high
15,54,"8,2",8,2,6.800735254,Bottom Left,m,1.36,1.36,correct,FALSE,0.503689,10.48672742,high,0.323602818,low,13.37275327,14.35221457,0.604297192,medium,0.728889203,high,0.427817,low,0.494826,low
15,55,"7,3",7,3,5.590169944,Bottom Left,h,9.07 late,9.07,correct,TRUE,0.774946,9.724362425,medium,0.197498191,low,14.74645657,13.75065309,0.475417485,medium,0.734164,high,0.791478,high,0.899087,high
15,56,"8,3",8,3,5.852349955,Bottom Left,l,1.77,1.77,correct,FALSE,0.132426,8.622265,low,0.330608731,low,12.90807718,12.5445627,0.668523,medium,0.630429519,medium,0.154598,low,0.922716,high
15,57,"11,8",11,8,5.024937811,Bottom Left,m,1.45,1.45,correct,FALSE,0.502892,8.38158913,low,0.186747736,low,11.24587368,13.01680924,0.501628904,medium,0.585746516,medium,0.26396,low,0.427673,low
15,58,"5,14",5,14,5.590169944,Top Right,l,0.77,0.77,correct,FALSE,0.148361,7.042300446,low,0.248229732,low,10.42296033,12.87568645,0.51788006,medium,0.693103962,medium,0.383289,low,0.622011,medium
15,59,"11,11",11,11,5.590169944,Bottom Right,m,5.38,5.38,correct,FALSE,0.500313,7.72330069,low,0.243319301,low,14.53998244,10.58344222,0.636649044,medium,0.48022524,medium,0.609538,medium,0.67236,medium
15,60,"6,14",6,14,5.5,Bottom Right,m,1,1,correct,FALSE,0.502396,8.910480767,medium,0.361857035,low,11.6861797,15.03899099,0.5946407,medium,0.807391859,high,0.544339,medium,0.80914,high
15,61,"4,12",4,12,4.031128874,Top Right,h,0.89,0.89,correct,FALSE,0.73963,12.75788073,high,0.582858012,medium,14.37935683,16.55274693,0.761275298,high,0.874402618,high,0.655942,medium,0.78649,high
15,62,"7,16",7,16,7.566372975,Bottom Right,m,1.4,1.4,correct,FALSE,0.500357,8.320421817,low,0.28431279,low,12.83948864,11.43907949,0.658612976,medium,0.498369677,medium,0.369187,low,0.296237,low
15,63,"7,11",7,11,2.692582404,Bottom Right,l,1.12,1.12,correct,FALSE,0.147853,9.569433646,medium,0.158388029,low,14.32793183,11.50281917,0.525956898,medium,0.516750079,medium,0.351476,low,0.475164,low
15,64,"5,10",5,10,1.802775638,Top Right,h,1.36,1.36,correct,FALSE,0.740714,9.932323,medium,0.239574697,low,12.3850021,14.83577161,0.506066175,medium,0.692409133,medium,0.753412,high,0.678145,medium
15,65,"3,15",3,15,7.158910532,Top Right,l,1.55,1.55,correct,FALSE,0.1503,9.074487,medium,0.163994237,low,9.696648316,18.86998291,0.416280813,medium,0.762278638,high,0.394223,low,0.377542,low
15,66,"4,6",4,6,3.201562119,Top Left,h,1.05,1.05,correct,FALSE,0.754106,9.296781572,medium,0.211521854,low,12.15512509,12.68434359,0.516418304,medium,0.57710279,medium,0.415739,low,0.422205,low
15,67,"1,7",1,7,5.220153254,Top Left,m,1.24,1.24,correct,FALSE,0.503747,8.876649727,medium,0.210924652,low,9.93742363,17.05925232,0.451266934,medium,0.779103668,high,0.481094,low,0.822615,high
15,68,"11,12",11,12,6.103277808,Bottom Right,l,8.50 late,8.5,correct,TRUE,0.149208,6.964910345,low,0.205383878,low,11.37227671,11.36056335,0.513272278,medium,0.60665,medium,0.250617,low,0.465814,low
15,69,"2,4",2,4,6.020797289,Top Left,l,2.95,2.95,correct,FALSE,0.134134,11.80467834,high,0.122054988,low,12.51678937,14.30177144,0.442517027,medium,0.571714239,medium,0.682246,medium,0.26678,low
15,70,"9,3",9,3,6.264982043,Bottom Left,m,1.49,1.49,correct,FALSE,0.500359,10.42570256,high,0.309994248,low,13.28985571,14.62567209,0.607134066,medium,0.71786737,high,0.629409,medium,0.703189,high
15,71,"8,12",8,12,4.031128874,Bottom Right,l,0.98,0.98,correct,FALSE,0.14951,6.7113568,low,0.276203655,low,11.74177958,12.67166615,0.636724214,medium,0.630259853,medium,0.209357,low,0.607968,medium
15,72,"4,12",4,12,4.031128874,Top Right,h,1.02,1.02,correct,FALSE,0.73963,12.75788073,high,0.582858012,medium,14.37935683,16.55274693,0.761275298,high,0.874402618,high,0.655942,medium,0.78649,high
15,73,"8,6",8,6,3.201562119,Bottom Left,l,1.18,1.18,correct,FALSE,0.137514,6.58017712,low,0.175683828,low,11.78284776,11.33352803,0.549881338,medium,0.599510892,medium,0.261824,low,0.237724,low
15,74,"3,15",3,15,7.158910532,Top Right,l,1.21,1.21,correct,FALSE,0.1503,9.074487,medium,0.163994237,low,9.696648316,18.86998291,0.416280813,medium,0.762278638,high,0.394223,low,0.377542,low
15,75,"2,4",2,4,6.020797289,Top Left,l,did not see,did not see,incorrect,FALSE,0.134134,11.80467834,high,0.122054988,low,12.51678937,14.30177144,0.442517027,medium,0.571714239,medium,0.682246,medium,0.26678,low
15,76,"4,16",4,16,7.762087348,Top Right,m,1.02,1.02,correct,FALSE,0.50125,8.299104911,low,0.286777541,low,11.34849756,14.97253819,0.558209,medium,0.772560469,high,0.41141,low,0.565303,medium
15,77,"4,15",4,15,6.800735254,Top Right,m,0.99,0.99,correct,FALSE,0.498275,7.867547353,low,0.335434947,low,11.27061811,13.98475212,0.633041731,medium,0.737636419,high,0.49275,low,0.860712,high
15,78,"7,15",7,15,6.576473219,Bottom Right,m,0.97,0.97,correct,FALSE,0.502179,7.377111724,low,0.375648,low,8.733071518,20.23847609,0.546844158,medium,0.885705169,high,0.509461,medium,0.880015,high
15,79,"2,5",2,5,5.315072906,Top Left,m,0.88,0.88,correct,FALSE,0.499479,9.882301288,medium,0.348527167,low,11.37682503,13.61966925,0.567416182,medium,0.6647829,medium,0.436669,low,0.593175,medium
15,80,"1,7",1,7,5.220153254,Top Left,m,6.69 late,6.69,correct,TRUE,0.503747,8.876649727,medium,0.210924652,low,9.93742363,17.05925232,0.451266934,medium,0.779103668,high,0.481094,low,0.822615,high
15,81,"1,9",1,9,5.024937811,Top Right,h,did not see,did not see,incorrect,FALSE,0.746658,4.614111186,low,0.149265881,low,10.49183059,9.696995934,0.512781742,medium,0.479681,medium,0.207347,low,0.183588,low
15,82,"3,3",3,3,6.264982043,Top Left,m,2.19,2.19,correct,FALSE,0.501834,9.203473626,medium,0.269606409,low,15.24917709,12.38486797,0.619907995,medium,0.670961945,medium,0.249213,low,0.374208,low
15,83,"7,15",7,15,6.576473219,Bottom Right,m,0.9,0.9,correct,FALSE,0.502179,7.377111724,low,0.375648,low,8.733071518,20.23847609,0.546844158,medium,0.885705169,high,0.509461,medium,0.880015,high
15,84,"2,10",2,10,4.272001873,Top Right,h,0.92,0.92,correct,FALSE,0.742032,10.62671603,high,0.172589076,low,12.72105262,13.472514,0.479026913,medium,0.597659753,medium,0.409177,low,0.337879,low
15,85,"7,6",7,6,2.692582404,Bottom Left,h,0.91,0.91,correct,FALSE,0.756419,11.65619691,high,0.275797555,low,14.48470332,13.39998735,0.527994,medium,0.712493068,high,0.280259,low,0.343404,low
15,86,"1,13",1,13,6.726812024,Top Right,m,did not see,did not see,incorrect,FALSE,0.49857,9.424437687,medium,0.102606722,low,10.59092374,17.55094477,0.402535668,medium,0.718065483,high,0.477183,low,0.378888,low
15,87,"8,8",8,8,2.061552813,Bottom Left,m,1.04,1.04,correct,FALSE,0.493819,7.823545292,low,0.214039562,low,10.49018996,13.59269788,0.461056536,medium,0.690899417,medium,0.416045,low,0.720582,high
15,88,"8,14",8,14,5.852349955,Bottom Right,l,6.32 late,6.32,correct,TRUE,0.149415,4.954621676,low,0.185790744,low,12.97410347,9.090461796,0.702571619,high,0.438975857,medium,0.451169,low,0.355001,low
15,89,"5,13",5,13,4.609772229,Top Right,h,4.29,4.29,correct,FALSE,0.736745,11.33257586,high,0.183858439,low,12.73454577,13.35596674,0.467911418,medium,0.584303587,medium,0.405053,low,0.448635,low
15,90,"9,12",9,12,4.609772229,Bottom Right,m,1.84,1.84,correct,FALSE,0.499084,10.24915996,high,0.436772256,medium,11.75493408,16.89304023,0.653406285,medium,0.859242589,high,0.256873,low,0.324843,low
15,91,"10,13",10,13,6.020797289,Bottom Right,m,did not see,did not see,incorrect,FALSE,0.500591,10.06340683,high,0.298305425,low,10.13842924,19.49684594,0.474857724,medium,0.850984441,high,0.52999,medium,0.83216,high
15,92,"6,13",6,13,4.5,Bottom Right,l,1.07,1.07,correct,FALSE,0.149463,8.894658798,medium,0.198630146,low,10.14233311,14.99006896,0.434059046,medium,0.656537547,medium,0.607367,medium,0.435968,low
15,93,"6,9",6,9,0.5,Bottom Right,m,1.07,1.07,correct,FALSE,0.504844,8.173941,low,0.293603408,low,11.09340575,13.34785152,0.511369419,medium,0.68037281,medium,0.357873,low,0.275719,low
15,94,"4,10",4,10,2.5,Top Right,m,1.17,1.17,correct,FALSE,0.500548,9.500195729,medium,0.379485994,low,11.42713543,15.01084666,0.587086094,medium,0.82090987,high,0.378461,low,0.409957,low
15,95,"5,11",5,11,2.692582404,Top Right,m,5.33,5.33,correct,FALSE,0.505388,9.302464,medium,0.346448019,low,13.10872389,13.56997065,0.600633214,medium,0.709233661,high,0.456761,low,0.489285,low
15,96,"1,8",1,8,5.024937811,Top Left,l,did not see,did not see,incorrect,FALSE,0.140666,10.43548707,high,0.147774762,low,12.36143857,12.58136712,0.333545032,low,0.608577825,medium,0.198327,low,0.78928,high
15,97,"9,9",9,9,3.041381265,Bottom Right,m,3.99,3.99,correct,FALSE,0.501961,7.549186365,low,0.261199008,low,8.747970419,18.6791846,0.440575101,medium,0.832337795,high,0.287744,low,0.277304,low
15,98,"8,15",8,15,6.800735254,Bottom Right,h,did not see,did not see,incorrect,FALSE,0.734422,8.71238593,medium,0.197689989,low,9.394358316,14.47228739,0.326145567,low,0.696217668,medium,0.591615,medium,0.755431,high
15,99,"7,9",7,9,1.118033989,Bottom Right,h,did not see,did not see,incorrect,FALSE,0.741072,10.47874979,high,0.105368632,low,13.97430586,14.12906901,0.400642002,medium,0.675553024,medium,0.215563,low,0.248952,low
15,100,"4,8",4,8,2.061552813,Top Left,l,2.52,2.52,correct,FALSE,0.140752,7.796163948,low,0.243730855,low,14.63895589,10.95056531,0.657798728,medium,0.54002838,medium,0.320675,low,0.30832,low
16,1,"9,13",9,13,5.408326913,Bottom Right,l,did not see,did not see,incorrect,FALSE,0.149172,8.84052,medium,0.238928625,low,11.52561954,14.22189736,0.560865373,medium,0.648101,medium,0.311128,low,0.324536,low
16,2,"2,8",2,8,4.031128874,Top Left,m,did not see,did not see,incorrect,FALSE,0.496145,7.437528461,low,0.246270248,low,10.94292144,11.86846537,0.530839105,medium,0.515177493,medium,0.622473,medium,0.76804,high
16,3,"5,2",5,2,6.576473219,Top Left,m,did not see,did not see,incorrect,FALSE,0.502767,12.18970349,high,0.370590399,low,12.53660953,16.26785348,0.578909406,medium,0.817709103,high,0.508171,medium,0.842493,high
16,4,"11,9",11,9,5.024937811,Bottom Right,l,did not see,did not see,incorrect,FALSE,0.143952,6.961933351,low,0.204555681,low,9.489752474,13.48478868,0.472912062,medium,0.655523,medium,0.582302,medium,0.505769,medium
16,5,"2,14",2,14,6.800735254,Top Right,l,1.63,1.63,correct,FALSE,0.153089,6.198447454,low,0.126601005,low,7.534082099,16.9978782,0.269930049,low,0.786624921,high,0.208594,low,0.843005,high
16,6,"1,9",1,9,5.024937811,Top Right,h,did not see,did not see,incorrect,FALSE,0.746658,4.614111186,low,0.149265881,low,10.49183059,9.696995934,0.512781742,medium,0.479681,medium,0.207347,low,0.183588,low
16,7,"6,10",6,10,1.5,Bottom Right,l,3.46,3.46,correct,FALSE,0.146857,11.94292328,high,0.210823548,low,11.88992384,18.3679121,0.506691517,medium,0.761694893,high,0.266352,low,0.499291,low
16,8,"1,10",1,10,5.220153254,Top Right,m,1.12,1.12,correct,FALSE,0.499959,10.32626235,high,0.286714527,low,11.19447818,14.2366771,0.497438751,medium,0.649467159,medium,0.563235,medium,0.678726,medium
16,9,"3,15",3,15,7.158910532,Top Right,l,0.77,0.77,correct,FALSE,0.1503,9.074487,medium,0.163994237,low,9.696648316,18.86998291,0.416280813,medium,0.762278638,high,0.394223,low,0.377542,low
16,10,"7,12",7,12,3.640054945,Bottom Right,h,1.77,1.77,correct,FALSE,0.739467,6.976369602,low,0.340689819,low,11.06907313,12.92668959,0.625368526,medium,0.716007003,high,0.745872,high,0.889333,high
16,11,"5,14",5,14,5.590169944,Top Right,l,0.79,0.79,correct,FALSE,0.148361,7.042300446,low,0.248229732,low,10.42296033,12.87568645,0.51788006,medium,0.693103962,medium,0.383289,low,0.622011,medium
16,12,"8,12",8,12,4.031128874,Bottom Right,l,1.26,1.26,correct,FALSE,0.14951,6.7113568,low,0.276203655,low,11.74177958,12.67166615,0.636724214,medium,0.630259853,medium,0.209357,low,0.607968,medium
16,13,"5,2",5,2,6.576473219,Top Left,m,0.86,0.86,correct,FALSE,0.502767,12.18970349,high,0.370590399,low,12.53660953,16.26785348,0.578909406,medium,0.817709103,high,0.508171,medium,0.842493,high
16,14,"7,9",7,9,1.118033989,Bottom Right,h,8.39 late,8.39,correct,TRUE,0.741072,10.47874979,high,0.105368632,low,13.97430586,14.12906901,0.400642002,medium,0.675553024,medium,0.215563,low,0.248952,low
16,15,"2,12",2,12,5.315072906,Top Right,l,6.47 late,6.47,correct,TRUE,0.147122,4.198022944,low,0.139917736,low,11.81424932,8.671105795,0.651215233,medium,0.324339742,low,0.463928,low,0.210546,low
16,16,"8,13",8,13,4.924428901,Bottom Right,h,6.33 late,6.33,correct,TRUE,0.733349,8.535357277,low,0.152199734,low,13.92567612,11.80376331,0.452735111,medium,0.619001128,medium,0.36034,low,0.389775,low
16,17,"10,10",10,10,4.272001873,Bottom Right,m,0.98,0.98,correct,FALSE,0.499534,9.648563,medium,0.261810297,low,11.97052117,14.50783338,0.54347749,medium,0.736437882,high,0.248511,low,0.310609,low
16,18,"2,5",2,5,5.315072906,Top Left,m,1.35,1.35,correct,FALSE,0.499479,9.882301288,medium,0.348527167,low,11.37682503,13.61966925,0.567416182,medium,0.6647829,medium,0.436669,low,0.593175,medium
16,19,"2,13",2,13,6.020797289,Top Right,h,did not see,did not see,incorrect,FALSE,0.738029,10.64411116,high,0.13457586,low,12.52655438,14.81016024,0.37620482,low,0.700008516,high,0.311062,low,0.342227,low
16,20,"4,14",4,14,5.852349955,Top Right,h,0.91,0.91,correct,FALSE,0.735171,11.88798567,high,0.457684982,medium,12.98160823,14.25592469,0.640851092,medium,0.74554436,high,0.620534,medium,0.690039,medium
16,21,"11,9",11,9,5.024937811,Bottom Right,l,1.95,1.95,correct,FALSE,0.143952,6.961933351,low,0.204555681,low,9.489752474,13.48478868,0.472912062,medium,0.655523,medium,0.582302,medium,0.505769,medium
16,22,"7,5",7,5,3.640054945,Bottom Left,l,1.59,1.59,correct,FALSE,0.136619,8.412961428,low,0.28125962,low,16.88384777,10.6486613,0.744452681,high,0.485269067,medium,0.423673,low,0.42576,low
16,23,"9,5",9,5,4.609772229,Bottom Left,h,1.09,1.09,correct,FALSE,0.755298,10.55875115,high,0.471726003,medium,13.03431237,13.87760958,0.724309,high,0.705077689,high,0.456023,low,0.465785,low
16,24,"11,8",11,8,5.024937811,Bottom Left,m,did not see,did not see,incorrect,FALSE,0.502892,8.38158913,low,0.186747736,low,11.24587368,13.01680924,0.501628904,medium,0.585746516,medium,0.26396,low,0.427673,low
16,25,"2,7",2,7,4.272001873,Top Left,h,4.74,4.74,correct,FALSE,0.750853,10.83670903,high,0.346841904,low,13.92310566,13.91547688,0.600680487,medium,0.745452,high,0.392602,low,0.384493,low
16,26,"10,8",10,8,4.031128874,Bottom Left,l,did not see,did not see,incorrect,FALSE,0.14553,9.794274695,medium,0.185166605,low,14.24197055,14.41046095,0.506931,medium,0.733222414,high,0.347868,low,0.354189,low
16,27,"3,6",3,6,3.905124838,Top Left,m,early,early,incorrect,FALSE,0.503727,7.764464,low,0.226812087,low,8.927291831,16.85548215,0.434222,medium,0.769897502,high,0.430121,low,0.489793,low
16,28,"6,8",6,8,0.5,Bottom Left,h,1.49,1.49,correct,FALSE,0.747406,10.84347815,high,0.469390509,medium,13.00536534,17.24292791,0.673454494,medium,0.82402513,high,0.777596,high,0.801109,high
16,29,"9,12",9,12,4.609772229,Bottom Right,m,3.13,3.13,correct,FALSE,0.499084,10.24915996,high,0.436772256,medium,11.75493408,16.89304023,0.653406285,medium,0.859242589,high,0.256873,low,0.324843,low
16,30,"7,8",7,8,1.118033989,Bottom Left,l,1.9,1.9,correct,FALSE,0.141446,8.907897251,medium,0.196729243,low,11.71109844,15.33970314,0.519486562,medium,0.678647,medium,0.510532,medium,0.30426,low
16,31,"5,1",5,1,7.566372975,Top Left,m,6.45 late,6.45,correct,TRUE,0.504358,8.963868659,medium,0.257528758,low,11.74972293,14.17658446,0.518899952,medium,0.760644914,high,0.296504,low,0.331203,low
16,32,"9,14",9,14,6.264982043,Bottom Right,m,did not see,did not see,incorrect,FALSE,0.501958,8.100082281,low,0.232398,low,10.25427901,14.93116493,0.483564504,medium,0.751513,high,0.331301,low,0.404129,low
16,33,"7,1",7,1,7.566372975,Bottom Left,l,2.24,2.24,correct,FALSE,0.132252,7.582976558,low,0.345801319,low,9.144453936,17.41873825,0.541548451,medium,0.866349973,high,0.213652,low,0.392083,low
16,34,"7,16",7,16,7.566372975,Bottom Right,m,did not see,did not see,incorrect,FALSE,0.500357,8.320421817,low,0.28431279,low,12.83948864,11.43907949,0.658612976,medium,0.498369677,medium,0.369187,low,0.296237,low
16,35,"2,2",2,2,7.632168761,Top Left,m,2.93,2.93,correct,FALSE,0.503448,7.575062934,low,0.261009,low,11.01136572,13.10773724,0.527858233,medium,0.692547368,medium,0.40163,low,0.355659,low
16,36,"3,5",3,5,4.609772229,Top Left,h,1.84,1.84,correct,FALSE,0.757983,10.13658799,high,0.1985744,low,11.71430297,13.95804308,0.426211827,medium,0.650370153,medium,0.287501,low,0.371619,low
16,37,"5,5",5,5,3.640054945,Top Left,m,1.15,1.15,correct,FALSE,0.502465,11.24589236,high,0.273838784,low,14.15985759,13.58914319,0.562401451,medium,0.693121,medium,0.359365,low,0.346689,low
16,38,"2,14",2,14,6.800735254,Top Right,l,1.06,1.06,correct,FALSE,0.153089,6.198447454,low,0.126601005,low,7.534082099,16.9978782,0.269930049,low,0.786624921,high,0.208594,low,0.843005,high
16,39,"6,7",6,7,1.5,Bottom Left,l,1.23,1.23,correct,FALSE,0.140702,9.368791299,medium,0.253334812,low,10.28533586,20.54707722,0.498136795,medium,0.82694999,high,0.31958,low,0.609008,medium
16,40,"3,15",3,15,7.158910532,Top Right,l,0.84,0.84,correct,FALSE,0.1503,9.074487,medium,0.163994237,low,9.696648316,18.86998291,0.416280813,medium,0.762278638,high,0.394223,low,0.377542,low
16,41,"3,15",3,15,7.158910532,Top Right,l,0.97,0.97,correct,FALSE,0.1503,9.074487,medium,0.163994237,low,9.696648316,18.86998291,0.416280813,medium,0.762278638,high,0.394223,low,0.377542,low
16,42,"3,4",3,4,5.408326913,Top Left,m,1.88,1.88,correct,FALSE,0.50103,8.780273627,medium,0.417624705,medium,10.29276997,18.19342967,0.625585228,medium,0.862712625,high,0.410524,low,0.395506,low
16,43,"6,6",6,6,2.5,Bottom Left,m,1.5,1.5,correct,FALSE,0.50213,9.303835705,medium,0.344452753,low,12.30512571,15.10671503,0.616769859,medium,0.778462511,high,0.495231,low,0.379595,low
16,44,"3,8",3,8,3.041381265,Top Left,h,1.55,1.55,correct,FALSE,0.747077,8.87526057,medium,0.431442666,medium,13.31413275,13.01872619,0.685711,medium,0.762279553,high,0.356156,low,0.374724,low
16,45,"8,12",8,12,4.031128874,Bottom Right,l,1.35,1.35,correct,FALSE,0.14951,6.7113568,low,0.276203655,low,11.74177958,12.67166615,0.636724214,medium,0.630259853,medium,0.209357,low,0.607968,medium
16,46,"9,4",9,4,5.408326913,Bottom Left,m,did not see,did not see,incorrect,FALSE,0.500631,9.10596,medium,0.292824624,low,11.29495284,13.62086718,0.518292385,medium,0.712222694,high,0.279565,low,0.346036,low
16,47,"3,7",3,7,3.354101966,Top Left,l,3.12,3.12,correct,FALSE,0.138609,7.915379776,low,0.135603743,low,15.00597891,11.34854427,0.536714869,medium,0.567697923,medium,0.350456,low,0.343107,low
16,48,"8,3",8,3,5.852349955,Bottom Left,l,did not see,did not see,incorrect,FALSE,0.132426,8.622265,low,0.330608731,low,12.90807718,12.5445627,0.668523,medium,0.630429519,medium,0.154598,low,0.922716,high
16,49,"4,2",4,2,6.800735254,Top Left,l,0.95,0.95,correct,FALSE,0.132594,8.384166337,low,0.187199346,low,10.43115729,14.61057,0.474703557,medium,0.638381719,medium,0.659985,medium,0.502528,medium
16,50,"1,5",1,5,6.103277808,Top Left,l,did not see,did not see,incorrect,FALSE,0.136468,8.949655165,medium,0.179499017,low,14.62175838,11.68992987,0.556387383,medium,0.547019886,medium,0.417885,low,0.495363,low
16,51,"5,8",5,8,1.118033989,Top Left,m,0.94,0.94,correct,FALSE,0.497437,11.394567,high,0.45873101,medium,13.99918661,15.82898247,0.691293555,medium,0.842318768,high,0.388635,low,0.537615,medium
16,52,"4,5",4,5,4.031128874,Top Left,l,2.16,2.16,correct,FALSE,0.136479,8.881531158,medium,0.267210825,low,12.51184051,13.03479379,0.572692737,medium,0.696187913,medium,0.289533,low,0.554078,medium
16,53,"6,13",6,13,4.5,Bottom Right,l,3.55,3.55,correct,FALSE,0.149463,8.894658798,medium,0.198630146,low,10.14233311,14.99006896,0.434059046,medium,0.656537547,medium,0.607367,medium,0.435968,low
16,54,"5,12",5,12,3.640054945,Top Right,l,1.47,1.47,correct,FALSE,0.14642,8.459853003,low,0.061378,low,11.75766421,13.21337404,0.433901126,medium,0.52457487,medium,0.292993,low,0.374829,low
16,55,"3,9",3,9,3.041381265,Top Right,m,1.9,1.9,correct,FALSE,0.504792,10.31849384,high,0.271206972,low,13.96853889,12.48458473,0.58159587,medium,0.615691469,medium,0.32786,low,0.308924,low
16,56,"1,11",1,11,5.590169944,Top Right,l,11.76 late,11.76,correct,TRUE,0.14591,10.34087244,high,0.174811309,low,12.78446874,16.312975,0.512083092,medium,0.738746642,high,0.319124,low,0.228091,low
16,57,"11,12",11,12,6.103277808,Bottom Right,l,did not see,did not see,incorrect,FALSE,0.149208,6.964910345,low,0.205383878,low,11.37227671,11.36056335,0.513272278,medium,0.60665,medium,0.250617,low,0.465814,low
16,58,"2,3",2,3,6.800735254,Top Left,l,0.15,0.15,correct,FALSE,0.133655,10.56458774,high,0.430848026,medium,14.35243978,14.45106499,0.695856139,medium,0.813388525,high,0.375356,low,0.265063,low
16,59,"4,6",4,6,3.201562119,Top Left,h,1.28,1.28,correct,FALSE,0.754106,9.296781572,medium,0.211521854,low,12.15512509,12.68434359,0.516418304,medium,0.57710279,medium,0.415739,low,0.422205,low
16,60,"4,13",4,13,4.924428901,Top Right,m,0.85,0.85,correct,FALSE,0.501955,8.517266207,low,0.320700471,low,9.451031975,21.99689751,0.520800385,medium,0.866837749,high,0.510757,medium,0.852494,high
16,61,"6,14",6,14,5.5,Bottom Right,m,1.32,1.32,correct,FALSE,0.502396,8.910480767,medium,0.361857035,low,11.6861797,15.03899099,0.5946407,medium,0.807391859,high,0.544339,medium,0.80914,high
16,62,"2,9",2,9,4.031128874,Top Right,l,1.72,1.72,correct,FALSE,0.141383,5.259092283,low,0.191067006,low,7.472157105,15.11903036,0.407429085,medium,0.794420219,high,0.422637,low,0.339625,low
16,63,"6,15",6,15,6.5,Bottom Right,l,1.23,1.23,correct,FALSE,0.152267,9.618126041,medium,0.19610824,low,12.4081962,13.77561861,0.522964476,medium,0.647909571,medium,0.26877,low,0.249944,low
16,64,"4,11",4,11,3.201562119,Top Right,l,4.54,4.54,correct,FALSE,0.147533,9.491143,medium,0.351428353,low,10.57838121,14.90992107,0.513114,medium,0.78581271,high,0.25485,low,0.475575,low
16,65,"10,11",10,11,4.716990566,Bottom Right,l,3.13,3.13,correct,FALSE,0.151233,10.4232526,high,0.15361466,low,10.79656751,16.32892687,0.415566775,medium,0.720374659,high,0.277529,low,0.680981,medium
16,66,"3,4",3,4,5.408326913,Top Left,m,2.07,2.07,correct,FALSE,0.50103,8.780273627,medium,0.417624705,medium,10.29276997,18.19342967,0.625585228,medium,0.862712625,high,0.410524,low,0.395506,low
16,67,"3,14",3,14,6.264982043,Top Right,m,1.4,1.4,correct,FALSE,0.499892,8.937116676,medium,0.307539235,low,11.82424497,12.43097484,0.52331,medium,0.615030286,medium,0.6662,medium,0.656165,medium
16,68,"10,12",10,12,5.315072906,Bottom Right,h,did not see,did not see,incorrect,FALSE,0.737677,10.73877749,high,0.391478842,low,13.88322429,13.41302586,0.642355492,medium,0.698780103,medium,0.306243,low,0.359737,low
16,69,"7,8",7,8,1.118033989,Bottom Left,l,2.51,2.51,correct,FALSE,0.141446,8.907897251,medium,0.196729243,low,11.71109844,15.33970314,0.519486562,medium,0.678647,medium,0.510532,medium,0.30426,low
16,70,"3,8",3,8,3.041381265,Top Left,h,1.87,1.87,correct,FALSE,0.747077,8.87526057,medium,0.431442666,medium,13.31413275,13.01872619,0.685711,medium,0.762279553,high,0.356156,low,0.374724,low
16,71,"2,9",2,9,4.031128874,Top Right,l,1.18,1.18,correct,FALSE,0.141383,5.259092283,low,0.191067006,low,7.472157105,15.11903036,0.407429085,medium,0.794420219,high,0.422637,low,0.339625,low
16,72,"1,8",1,8,5.024937811,Top Left,l,did not see,did not see,incorrect,FALSE,0.140666,10.43548707,high,0.147774762,low,12.36143857,12.58136712,0.333545032,low,0.608577825,medium,0.198327,low,0.78928,high
16,73,"5,9",5,9,1.118033989,Top Right,l,1.75,1.75,correct,FALSE,0.144013,10.1573656,high,0.315364198,low,11.43292894,16.38790518,0.536672831,medium,0.808671829,high,0.262363,low,0.473711,low
16,74,"7,9",7,9,1.118033989,Bottom Right,h,1.92,1.92,correct,FALSE,0.741072,10.47874979,high,0.105368632,low,13.97430586,14.12906901,0.400642002,medium,0.675553024,medium,0.215563,low,0.248952,low
16,75,"10,11",10,11,4.716990566,Bottom Right,l,2.33,2.33,correct,FALSE,0.151233,10.4232526,high,0.15361466,low,10.79656751,16.32892687,0.415566775,medium,0.720374659,high,0.277529,low,0.680981,medium
16,76,"2,12",2,12,5.315072906,Top Right,l,did not see,did not see,incorrect,FALSE,0.147122,4.198022944,low,0.139917736,low,11.81424932,8.671105795,0.651215233,medium,0.324339742,low,0.463928,low,0.210546,low
16,77,"2,11",2,11,4.716990566,Top Right,m,1.83,1.83,correct,FALSE,0.507319,8.711511,medium,0.265492587,low,11.94884922,13.84177221,0.56425953,medium,0.697536209,medium,0.315344,low,0.50332,medium
16,78,"3,16",3,16,8.077747211,Top Right,l,did not see,did not see,incorrect,FALSE,0.150855,8.534351401,low,0.321445976,low,13.35129939,12.6983491,0.641644397,medium,0.723125649,high,0.322746,low,0.454032,low
16,79,"3,5",3,5,4.609772229,Top Left,h,1.31,1.31,correct,FALSE,0.757983,10.13658799,high,0.1985744,low,11.71430297,13.95804308,0.426211827,medium,0.650370153,medium,0.287501,low,0.371619,low
16,80,"10,8",10,8,4.031128874,Bottom Left,l,did not see,did not see,incorrect,FALSE,0.14553,9.794274695,medium,0.185166605,low,14.24197055,14.41046095,0.506931,medium,0.733222414,high,0.347868,low,0.354189,low
16,81,"7,16",7,16,7.566372975,Bottom Right,m,did not see,did not see,incorrect,FALSE,0.500357,8.320421817,low,0.28431279,low,12.83948864,11.43907949,0.658612976,medium,0.498369677,medium,0.369187,low,0.296237,low
16,82,"2,3",2,3,6.800735254,Top Left,l,did not see,did not see,incorrect,FALSE,0.133655,10.56458774,high,0.430848026,medium,14.35243978,14.45106499,0.695856139,medium,0.813388525,high,0.375356,low,0.265063,low
16,83,"7,14",7,14,5.590169944,Bottom Right,h,1.42,1.42,correct,FALSE,0.730382,10.20810724,high,0.368456249,low,10.20322957,18.98257046,0.520062077,medium,0.858920336,high,0.657745,medium,0.844669,high
16,84,"2,12",2,12,5.315072906,Top Right,l,did not see,did not see,incorrect,FALSE,0.147122,4.198022944,low,0.139917736,low,11.81424932,8.671105795,0.651215233,medium,0.324339742,low,0.463928,low,0.210546,low
16,85,"2,2",2,2,7.632168761,Top Left,m,2.01,2.01,correct,FALSE,0.503448,7.575062934,low,0.261009,low,11.01136572,13.10773724,0.527858233,medium,0.692547368,medium,0.40163,low,0.355659,low
16,86,"2,15",2,15,7.632168761,Top Right,h,did not see,did not see,incorrect,FALSE,0.733042,7.190191084,low,0.362656063,low,9.38279328,13.76564234,0.551752233,medium,0.766353542,high,0.411468,low,0.391219,low
16,87,"9,9",9,9,3.041381265,Bottom Right,m,2.38,2.38,correct,FALSE,0.501961,7.549186365,low,0.261199008,low,8.747970419,18.6791846,0.440575101,medium,0.832337795,high,0.287744,low,0.277304,low
16,88,"6,8",6,8,0.5,Bottom Left,h,1.92,1.92,correct,FALSE,0.747406,10.84347815,high,0.469390509,medium,13.00536534,17.24292791,0.673454494,medium,0.82402513,high,0.777596,high,0.801109,high
16,89,"10,5",10,5,5.315072906,Bottom Left,l,did not see,did not see,incorrect,FALSE,0.137856,7.803767458,low,0.276825733,low,12.60270677,12.84937797,0.566765303,medium,0.708577117,high,0.202157,low,0.649259,medium
16,90,"7,15",7,15,6.576473219,Bottom Right,m,2.15,2.15,correct,FALSE,0.502179,7.377111724,low,0.375648,low,8.733071518,20.23847609,0.546844158,medium,0.885705169,high,0.509461,medium,0.880015,high
16,91,"6,1",6,1,7.5,Bottom Left,h,7.30 late,7.3,correct,TRUE,0.783743,8.069105067,low,0.315587139,low,14.13795403,11.04942283,0.698799689,medium,0.520001095,medium,0.464173,low,0.492382,low
16,92,"6,8",6,8,0.5,Bottom Left,h,1.54,1.54,correct,FALSE,0.747406,10.84347815,high,0.469390509,medium,13.00536534,17.24292791,0.673454494,medium,0.82402513,high,0.777596,high,0.801109,high
16,93,"6,4",6,4,4.5,Bottom Left,m,0.91,0.91,correct,FALSE,0.498255,7.890527632,low,0.404747746,medium,11.55185821,12.99825815,0.686819458,medium,0.702595454,high,0.551387,medium,0.71188,high
16,94,"2,9",2,9,4.031128874,Top Right,l,1.5,1.5,correct,FALSE,0.141383,5.259092283,low,0.191067006,low,7.472157105,15.11903036,0.407429085,medium,0.794420219,high,0.422637,low,0.339625,low
16,95,"7,14",7,14,5.590169944,Bottom Right,h,1.25,1.25,correct,FALSE,0.730382,10.20810724,high,0.368456249,low,10.20322957,18.98257046,0.520062077,medium,0.858920336,high,0.657745,medium,0.844669,high
16,96,"10,11",10,11,4.716990566,Bottom Right,l,1.7,1.7,correct,FALSE,0.151233,10.4232526,high,0.15361466,low,10.79656751,16.32892687,0.415566775,medium,0.720374659,high,0.277529,low,0.680981,medium
16,97,"8,7",8,7,2.5,Bottom Left,h,1.35,1.35,correct,FALSE,0.74669,14.17952972,high,0.45948622,medium,13.6085613,14.22007998,0.615035934,medium,0.631418009,medium,0.74661,high,0.843826,high
16,98,"6,11",6,11,2.5,Bottom Right,h,1.35,1.35,correct,FALSE,0.739862,10.99470967,high,0.385230702,low,14.87441399,13.37617557,0.635635585,medium,0.69913905,medium,0.441565,low,0.4804,low
16,99,"6,6",6,6,2.5,Bottom Left,m,1.03,1.03,correct,FALSE,0.50213,9.303835705,medium,0.344452753,low,12.30512571,15.10671503,0.616769859,medium,0.778462511,high,0.495231,low,0.379595,low
16,100,"9,12",9,12,4.609772229,Bottom Right,m,1.67,1.67,correct,FALSE,0.499084,10.24915996,high,0.436772256,medium,11.75493408,16.89304023,0.653406285,medium,0.859242589,high,0.256873,low,0.324843,low
17,1,"5,8",5,8,1.118033989,Top Left,m,1.51,1.51,correct,FALSE,0.497437,11.394567,high,0.45873101,medium,13.99918661,15.82898247,0.691293555,medium,0.842318768,high,0.388635,low,0.537615,medium
17,2,"5,11",5,11,2.692582404,Top Right,m,1.15,1.15,correct,FALSE,0.505388,9.302464,medium,0.346448019,low,13.10872389,13.56997065,0.600633214,medium,0.709233661,high,0.456761,low,0.489285,low
17,3,"6,8",6,8,0.5,Bottom Left,h,1.06,1.06,correct,FALSE,0.747406,10.84347815,high,0.469390509,medium,13.00536534,17.24292791,0.673454494,medium,0.82402513,high,0.777596,high,0.801109,high
17,4,"9,4",9,4,5.408326913,Bottom Left,m,did not see,did not see,incorrect,FALSE,0.500631,9.10596,medium,0.292824624,low,11.29495284,13.62086718,0.518292385,medium,0.712222694,high,0.279565,low,0.346036,low
17,5,"5,4",5,4,4.609772229,Top Left,l,0.95,0.95,correct,FALSE,0.136391,8.757408692,medium,0.090708,low,16.68725905,10.80687347,0.520577217,medium,0.421863859,medium,0.539504,medium,0.356104,low
17,6,"6,11",6,11,2.5,Bottom Right,h,0.96,0.96,correct,FALSE,0.739862,10.99470967,high,0.385230702,low,14.87441399,13.37617557,0.635635585,medium,0.69913905,medium,0.441565,low,0.4804,low
17,7,"2,6",2,6,4.716990566,Top Left,l,1.01,1.01,correct,FALSE,0.137677,9.56870836,medium,0.265540002,low,10.68589655,17.76339604,0.512944441,medium,0.817970532,high,0.211048,low,0.855506,high
17,8,"4,11",4,11,3.201562119,Top Right,l,6.69 late,6.69,correct,TRUE,0.147533,9.491143,medium,0.351428353,low,10.57838121,14.90992107,0.513114,medium,0.78581271,high,0.25485,low,0.475575,low
17,9,"9,12",9,12,4.609772229,Bottom Right,m,0.94,0.94,correct,FALSE,0.499084,10.24915996,high,0.436772256,medium,11.75493408,16.89304023,0.653406285,medium,0.859242589,high,0.256873,low,0.324843,low
17,10,"7,16",7,16,7.566372975,Bottom Right,m,1.23,1.23,correct,FALSE,0.500357,8.320421817,low,0.28431279,low,12.83948864,11.43907949,0.658612976,medium,0.498369677,medium,0.369187,low,0.296237,low
17,11,"6,15",6,15,6.5,Bottom Right,l,1.12,1.12,correct,FALSE,0.152267,9.618126041,medium,0.19610824,low,12.4081962,13.77561861,0.522964476,medium,0.647909571,medium,0.26877,low,0.249944,low
17,12,"8,15",8,15,6.800735254,Bottom Right,h,1.08,1.08,correct,FALSE,0.734422,8.71238593,medium,0.197689989,low,9.394358316,14.47228739,0.326145567,low,0.696217668,medium,0.591615,medium,0.755431,high
17,13,"5,6",5,6,2.692582404,Top Left,l,1.05,1.05,correct,FALSE,0.137007,11.85409478,high,0.301373005,low,13.55548575,15.32652697,0.575947742,medium,0.785880368,high,0.230773,low,0.809041,high
17,14,"1,11",1,11,5.590169944,Top Right,l,did not see,did not see,incorrect,FALSE,0.14591,10.34087244,high,0.174811309,low,12.78446874,16.312975,0.512083092,medium,0.738746642,high,0.319124,low,0.228091,low
17,15,"9,7",9,7,3.354101966,Bottom Left,l,did not see,did not see,incorrect,FALSE,0.139933,10.0626,high,0.16400719,low,14.65662339,13.56802904,0.536818127,medium,0.669926803,medium,0.341348,low,0.279165,low
17,16,"11,5",11,5,6.103277808,Bottom Left,m,did not see,did not see,incorrect,FALSE,0.49994,7.961968337,low,0.30969124,low,10.02452302,15.11988237,0.541161959,medium,0.78335509,high,0.437235,low,0.455353,low
17,17,"6,9",6,9,0.5,Bottom Right,m,1.34,1.34,correct,FALSE,0.504844,8.173941,low,0.293603408,low,11.09340575,13.34785152,0.511369419,medium,0.68037281,medium,0.357873,low,0.275719,low
17,18,"6,10",6,10,1.5,Bottom Right,l,1,1,correct,FALSE,0.146857,11.94292328,high,0.210823548,low,11.88992384,18.3679121,0.506691517,medium,0.761694893,high,0.266352,low,0.499291,low
17,19,"1,7",1,7,5.220153254,Top Left,m,0.94,0.94,correct,FALSE,0.503747,8.876649727,medium,0.210924652,low,9.93742363,17.05925232,0.451266934,medium,0.779103668,high,0.481094,low,0.822615,high
17,20,"1,4",1,4,6.726812024,Top Left,h,did not see,did not see,incorrect,FALSE,0.775971,9.826318,medium,0.18007873,low,12.10056338,13.42246571,0.422549622,medium,0.648673698,medium,0.358936,low,0.397134,low
17,21,"11,10",11,10,5.220153254,Bottom Right,h,did not see,did not see,incorrect,FALSE,0.7424,7.486701604,low,0.319743383,low,11.55579275,12.08806228,0.593751088,medium,0.661036,medium,0.472472,low,0.497795,low
17,22,"1,12",1,12,6.103277808,Top Right,h,did not see,did not see,incorrect,FALSE,0.734679,10.78471464,high,0.179079909,low,15.34391694,14.38535754,0.508477,medium,0.677180145,medium,0.33493,low,0.444266,low
17,23,"1,10",1,10,5.220153254,Top Right,m,1.42,1.42,correct,FALSE,0.499959,10.32626235,high,0.286714527,low,11.19447818,14.2366771,0.497438751,medium,0.649467159,medium,0.563235,medium,0.678726,medium
17,24,"1,14",1,14,7.433034374,Top Right,h,did not see,did not see,incorrect,FALSE,0.736799,10.48444,high,0.269980479,low,12.62634897,13.54333989,0.496518415,medium,0.670272006,medium,0.656448,medium,0.815978,high
17,25,"10,8",10,8,4.031128874,Bottom Left,l,did not see,did not see,incorrect,FALSE,0.14553,9.794274695,medium,0.185166605,low,14.24197055,14.41046095,0.506931,medium,0.733222414,high,0.347868,low,0.354189,low
17,26,"2,11",2,11,4.716990566,Top Right,m,1.24,1.24,correct,FALSE,0.507319,8.711511,medium,0.265492587,low,11.94884922,13.84177221,0.56425953,medium,0.697536209,medium,0.315344,low,0.50332,medium
17,27,"4,12",4,12,4.031128874,Top Right,h,did not see,did not see,incorrect,FALSE,0.73963,12.75788073,high,0.582858012,medium,14.37935683,16.55274693,0.761275298,high,0.874402618,high,0.655942,medium,0.78649,high
17,28,"3,11",3,11,3.905124838,Top Right,h,1.29,1.29,correct,FALSE,0.739741,12.97809717,high,0.57621325,medium,14.39417639,14.49449471,0.702438435,high,0.722998537,high,0.300628,low,0.368617,low
17,29,"10,13",10,13,6.020797289,Bottom Right,m,1.06,1.06,correct,FALSE,0.500591,10.06340683,high,0.298305425,low,10.13842924,19.49684594,0.474857724,medium,0.850984441,high,0.52999,medium,0.83216,high
17,30,"10,7",10,7,4.272001873,Bottom Left,m,2.05,2.05,correct,FALSE,0.508513,8.513237656,low,0.403968,medium,13.23805087,13.34985898,0.677701305,medium,0.793334185,high,0.264864,low,0.374528,low
17,31,"8,15",8,15,6.800735254,Bottom Right,h,2.41,2.41,correct,FALSE,0.734422,8.71238593,medium,0.197689989,low,9.394358316,14.47228739,0.326145567,low,0.696217668,medium,0.591615,medium,0.755431,high
17,32,"8,5",8,5,4.031128874,Bottom Left,m,1.17,1.17,correct,FALSE,0.49912,6.812006337,low,0.310318732,low,9.163600247,15.69251421,0.535395161,medium,0.817047539,high,0.535063,medium,0.876311,high
17,33,"1,13",1,13,6.726812024,Top Right,m,did not see,did not see,incorrect,FALSE,0.49857,9.424437687,medium,0.102606722,low,10.59092374,17.55094477,0.402535668,medium,0.718065483,high,0.477183,low,0.378888,low
17,34,"7,13",7,13,4.609772229,Bottom Right,m,1.08,1.08,correct,FALSE,0.500695,8.19808684,low,0.391253477,low,10.44949291,15.81823347,0.604299494,medium,0.829366988,high,0.453987,low,0.412429,low
17,35,"8,12",8,12,4.031128874,Bottom Right,l,1.04,1.04,correct,FALSE,0.14951,6.7113568,low,0.276203655,low,11.74177958,12.67166615,0.636724214,medium,0.630259853,medium,0.209357,low,0.607968,medium
17,36,"4,12",4,12,4.031128874,Top Right,h,2.96,2.96,correct,FALSE,0.73963,12.75788073,high,0.582858012,medium,14.37935683,16.55274693,0.761275298,high,0.874402618,high,0.655942,medium,0.78649,high
17,37,"2,4",2,4,6.020797289,Top Left,l,1.23,1.23,correct,FALSE,0.134134,11.80467834,high,0.122054988,low,12.51678937,14.30177144,0.442517027,medium,0.571714239,medium,0.682246,medium,0.26678,low
17,38,"6,7",6,7,1.5,Bottom Left,l,1.08,1.08,correct,FALSE,0.140702,9.368791299,medium,0.253334812,low,10.28533586,20.54707722,0.498136795,medium,0.82694999,high,0.31958,low,0.609008,medium
17,39,"7,16",7,16,7.566372975,Bottom Right,m,did not see,did not see,incorrect,FALSE,0.500357,8.320421817,low,0.28431279,low,12.83948864,11.43907949,0.658612976,medium,0.498369677,medium,0.369187,low,0.296237,low
17,40,"3,16",3,16,8.077747211,Top Right,l,did not see,did not see,incorrect,FALSE,0.150855,8.534351401,low,0.321445976,low,13.35129939,12.6983491,0.641644397,medium,0.723125649,high,0.322746,low,0.454032,low
17,41,"10,12",10,12,5.315072906,Bottom Right,h,2.33,2.33,correct,FALSE,0.737677,10.73877749,high,0.391478842,low,13.88322429,13.41302586,0.642355492,medium,0.698780103,medium,0.306243,low,0.359737,low
17,42,"3,16",3,16,8.077747211,Top Right,l,did not see,did not see,incorrect,FALSE,0.150855,8.534351401,low,0.321445976,low,13.35129939,12.6983491,0.641644397,medium,0.723125649,high,0.322746,low,0.454032,low
17,43,"8,6",8,6,3.201562119,Bottom Left,l,0.95,0.95,correct,FALSE,0.137514,6.58017712,low,0.175683828,low,11.78284776,11.33352803,0.549881338,medium,0.599510892,medium,0.261824,low,0.237724,low
17,44,"6,2",6,2,6.5,Bottom Left,h,did not see,did not see,incorrect,FALSE,0.778935,15.62799797,high,0.675662359,medium,18.59302241,17.12269934,0.843946693,high,0.903996142,high,0.334572,low,0.32921,low
17,45,"3,5",3,5,4.609772229,Top Left,h,0.99,0.99,correct,FALSE,0.757983,10.13658799,high,0.1985744,low,11.71430297,13.95804308,0.426211827,medium,0.650370153,medium,0.287501,low,0.371619,low
17,46,"1,4",1,4,6.726812024,Top Left,h,0.15,0.15,correct,FALSE,0.775971,9.826318,medium,0.18007873,low,12.10056338,13.42246571,0.422549622,medium,0.648673698,medium,0.358936,low,0.397134,low
17,47,"4,6",4,6,3.201562119,Top Left,h,0.82,0.82,correct,FALSE,0.754106,9.296781572,medium,0.211521854,low,12.15512509,12.68434359,0.516418304,medium,0.57710279,medium,0.415739,low,0.422205,low
17,48,"7,5",7,5,3.640054945,Bottom Left,l,1.26,1.26,correct,FALSE,0.136619,8.412961428,low,0.28125962,low,16.88384777,10.6486613,0.744452681,high,0.485269067,medium,0.423673,low,0.42576,low
17,49,"3,7",3,7,3.354101966,Top Left,l,2.03,2.03,correct,FALSE,0.138609,7.915379776,low,0.135603743,low,15.00597891,11.34854427,0.536714869,medium,0.567697923,medium,0.350456,low,0.343107,low
17,50,"3,15",3,15,7.158910532,Top Right,l,0.91,0.91,correct,FALSE,0.1503,9.074487,medium,0.163994237,low,9.696648316,18.86998291,0.416280813,medium,0.762278638,high,0.394223,low,0.377542,low
17,51,"8,11",8,11,3.201562119,Bottom Right,m,0.85,0.85,correct,FALSE,0.499336,11.60434128,high,0.365012119,low,14.52275449,13.75396207,0.621860307,medium,0.714992648,high,0.297402,low,0.377662,low
17,52,"3,8",3,8,3.041381265,Top Left,h,did not see,did not see,incorrect,FALSE,0.747077,8.87526057,medium,0.431442666,medium,13.31413275,13.01872619,0.685711,medium,0.762279553,high,0.356156,low,0.374724,low
17,53,"1,12",1,12,6.103277808,Top Right,h,did not see,did not see,incorrect,FALSE,0.734679,10.78471464,high,0.179079909,low,15.34391694,14.38535754,0.508477,medium,0.677180145,medium,0.33493,low,0.444266,low
17,54,"8,13",8,13,4.924428901,Bottom Right,h,4.96,4.96,correct,FALSE,0.733349,8.535357277,low,0.152199734,low,13.92567612,11.80376331,0.452735111,medium,0.619001128,medium,0.36034,low,0.389775,low
17,55,"1,14",1,14,7.433034374,Top Right,h,7.48 late,7.48,correct,TRUE,0.736799,10.48444,high,0.269980479,low,12.62634897,13.54333989,0.496518415,medium,0.670272006,medium,0.656448,medium,0.815978,high
17,56,"9,10",9,10,3.354101966,Bottom Right,l,4.11,4.11,correct,FALSE,0.146642,4.842865959,low,0.178752532,low,10.02491233,10.40007359,0.543976362,medium,0.577367835,medium,0.272733,low,0.263515,low
17,57,"7,9",7,9,1.118033989,Bottom Right,h,1.64,1.64,correct,FALSE,0.741072,10.47874979,high,0.105368632,low,13.97430586,14.12906901,0.400642002,medium,0.675553024,medium,0.215563,low,0.248952,low
17,58,"8,11",8,11,3.201562119,Bottom Right,m,3.86,3.86,correct,FALSE,0.499336,11.60434128,high,0.365012119,low,14.52275449,13.75396207,0.621860307,medium,0.714992648,high,0.297402,low,0.377662,low
17,59,"11,10",11,10,5.220153254,Bottom Right,h,2.74,2.74,correct,FALSE,0.7424,7.486701604,low,0.319743383,low,11.55579275,12.08806228,0.593751088,medium,0.661036,medium,0.472472,low,0.497795,low
17,60,"11,8",11,8,5.024937811,Bottom Left,m,4.48,4.48,correct,FALSE,0.502892,8.38158913,low,0.186747736,low,11.24587368,13.01680924,0.501628904,medium,0.585746516,medium,0.26396,low,0.427673,low
17,61,"9,13",9,13,5.408326913,Bottom Right,l,2.45,2.45,correct,FALSE,0.149172,8.84052,medium,0.238928625,low,11.52561954,14.22189736,0.560865373,medium,0.648101,medium,0.311128,low,0.324536,low
17,62,"10,6",10,6,4.716990566,Bottom Left,h,did not see,did not see,incorrect,FALSE,0.749555,9.93544233,medium,0.334959898,low,16.19531718,11.9445738,0.673408807,medium,0.601764,medium,0.230714,low,0.194986,low
17,63,"6,10",6,10,1.5,Bottom Right,l,2.47,2.47,correct,FALSE,0.146857,11.94292328,high,0.210823548,low,11.88992384,18.3679121,0.506691517,medium,0.761694893,high,0.266352,low,0.499291,low
17,64,"10,9",10,9,4.031128874,Bottom Right,h,3.79,3.79,correct,FALSE,0.740666,7.720993015,low,0.09442,low,9.414941719,20.20555172,0.366135278,low,0.756319945,high,0.725229,high,0.872892,high
17,65,"11,6",11,6,5.590169944,Bottom Left,l,did not see,did not see,incorrect,FALSE,0.138655,10.11144153,high,0.280991005,low,12.95081191,13.53206151,0.560805841,medium,0.59694758,medium,0.295198,low,0.276641,low
17,66,"10,5",10,5,5.315072906,Bottom Left,l,did not see,did not see,incorrect,FALSE,0.137856,7.803767458,low,0.276825733,low,12.60270677,12.84937797,0.566765303,medium,0.708577117,high,0.202157,low,0.649259,medium
17,67,"9,13",9,13,5.408326913,Bottom Right,l,3.41,3.41,correct,FALSE,0.149172,8.84052,medium,0.238928625,low,11.52561954,14.22189736,0.560865373,medium,0.648101,medium,0.311128,low,0.324536,low
17,68,"10,9",10,9,4.031128874,Bottom Right,h,2.48,2.48,correct,FALSE,0.740666,7.720993015,low,0.09442,low,9.414941719,20.20555172,0.366135278,low,0.756319945,high,0.725229,high,0.872892,high
17,69,"6,9",6,9,0.5,Bottom Right,m,1.34,1.34,correct,FALSE,0.504844,8.173941,low,0.293603408,low,11.09340575,13.34785152,0.511369419,medium,0.68037281,medium,0.357873,low,0.275719,low
17,70,"9,13",9,13,5.408326913,Bottom Right,l,2.3,2.3,correct,FALSE,0.149172,8.84052,medium,0.238928625,low,11.52561954,14.22189736,0.560865373,medium,0.648101,medium,0.311128,low,0.324536,low
17,71,"6,10",6,10,1.5,Bottom Right,l,0.91,0.91,correct,FALSE,0.146857,11.94292328,high,0.210823548,low,11.88992384,18.3679121,0.506691517,medium,0.761694893,high,0.266352,low,0.499291,low
17,72,"6,16",6,16,7.5,Bottom Right,l,did not see,did not see,incorrect,FALSE,0.153924,14.03396787,high,0.28624245,low,14.23714988,16.69837,0.565897576,medium,0.797867769,high,0.246366,low,0.808382,high
17,73,"8,12",8,12,4.031128874,Bottom Right,l,1.37,1.37,correct,FALSE,0.14951,6.7113568,low,0.276203655,low,11.74177958,12.67166615,0.636724214,medium,0.630259853,medium,0.209357,low,0.607968,medium
17,74,"2,6",2,6,4.716990566,Top Left,l,0.77,0.77,correct,FALSE,0.137677,9.56870836,medium,0.265540002,low,10.68589655,17.76339604,0.512944441,medium,0.817970532,high,0.211048,low,0.855506,high
17,75,"1,5",1,5,6.103277808,Top Left,l,2.62,2.62,correct,FALSE,0.136468,8.949655165,medium,0.179499017,low,14.62175838,11.68992987,0.556387383,medium,0.547019886,medium,0.417885,low,0.495363,low
17,76,"4,4",4,4,4.924428901,Top Left,h,0.8,0.8,correct,FALSE,0.771979,7.208511187,low,0.285060423,low,9.166194,16.83160892,0.500389391,medium,0.766199896,high,0.752833,high,0.835335,high
17,77,"5,4",5,4,4.609772229,Top Left,l,1.43,1.43,correct,FALSE,0.136391,8.757408692,medium,0.090708,low,16.68725905,10.80687347,0.520577217,medium,0.421863859,medium,0.539504,medium,0.356104,low
17,78,"8,2",8,2,6.800735254,Bottom Left,m,1.38,1.38,correct,FALSE,0.503689,10.48672742,high,0.323602818,low,13.37275327,14.35221457,0.604297192,medium,0.728889203,high,0.427817,low,0.494826,low
17,79,"6,6",6,6,2.5,Bottom Left,m,1.4,1.4,correct,FALSE,0.50213,9.303835705,medium,0.344452753,low,12.30512571,15.10671503,0.616769859,medium,0.778462511,high,0.495231,low,0.379595,low
17,80,"10,10",10,10,4.272001873,Bottom Right,m,1.43,1.43,correct,FALSE,0.499534,9.648563,medium,0.261810297,low,11.97052117,14.50783338,0.54347749,medium,0.736437882,high,0.248511,low,0.310609,low
17,81,"1,9",1,9,5.024937811,Top Right,h,did not see,did not see,incorrect,FALSE,0.746658,4.614111186,low,0.149265881,low,10.49183059,9.696995934,0.512781742,medium,0.479681,medium,0.207347,low,0.183588,low
17,82,"10,8",10,8,4.031128874,Bottom Left,l,2.5,2.5,correct,FALSE,0.14553,9.794274695,medium,0.185166605,low,14.24197055,14.41046095,0.506931,medium,0.733222414,high,0.347868,low,0.354189,low
17,83,"9,7",9,7,3.354101966,Bottom Left,l,3.83,3.83,correct,FALSE,0.139933,10.0626,high,0.16400719,low,14.65662339,13.56802904,0.536818127,medium,0.669926803,medium,0.341348,low,0.279165,low
17,84,"11,11",11,11,5.590169944,Bottom Right,m,2.18,2.18,correct,FALSE,0.500313,7.72330069,low,0.243319301,low,14.53998244,10.58344222,0.636649044,medium,0.48022524,medium,0.609538,medium,0.67236,medium
17,85,"4,1",4,1,7.762087348,Top Left,l,1.01,1.01,correct,FALSE,0.131703,10.19838024,high,0.218051144,low,10.22316355,15.72851359,0.427485508,medium,0.691529169,medium,0.220884,low,0.553676,medium
17,86,"7,8",7,8,1.118033989,Bottom Left,l,1.93,1.93,correct,FALSE,0.141446,8.907897251,medium,0.196729243,low,11.71109844,15.33970314,0.519486562,medium,0.678647,medium,0.510532,medium,0.30426,low
17,87,"6,15",6,15,6.5,Bottom Right,l,did not see,did not see,incorrect,FALSE,0.152267,9.618126041,medium,0.19610824,low,12.4081962,13.77561861,0.522964476,medium,0.647909571,medium,0.26877,low,0.249944,low
17,88,"2,3",2,3,6.800735254,Top Left,l,did not see,did not see,incorrect,FALSE,0.133655,10.56458774,high,0.430848026,medium,14.35243978,14.45106499,0.695856139,medium,0.813388525,high,0.375356,low,0.265063,low
17,89,"9,10",9,10,3.354101966,Bottom Right,l,1.28,1.28,correct,FALSE,0.146642,4.842865959,low,0.178752532,low,10.02491233,10.40007359,0.543976362,medium,0.577367835,medium,0.272733,low,0.263515,low
17,90,"1,13",1,13,6.726812024,Top Right,m,did not see,did not see,incorrect,FALSE,0.49857,9.424437687,medium,0.102606722,low,10.59092374,17.55094477,0.402535668,medium,0.718065483,high,0.477183,low,0.378888,low
17,91,"7,7",7,7,1.802775638,Bottom Left,m,1.18,1.18,correct,FALSE,0.502215,8.656773238,low,0.422748638,medium,12.36911757,15.11340049,0.665249717,medium,0.783442259,high,0.661167,medium,0.560356,medium
17,92,"8,3",8,3,5.852349955,Bottom Left,l,1.06,1.06,correct,FALSE,0.132426,8.622265,low,0.330608731,low,12.90807718,12.5445627,0.668523,medium,0.630429519,medium,0.154598,low,0.922716,high
17,93,"2,6",2,6,4.716990566,Top Left,l,1.2,1.2,correct,FALSE,0.137677,9.56870836,medium,0.265540002,low,10.68589655,17.76339604,0.512944441,medium,0.817970532,high,0.211048,low,0.855506,high
17,94,"7,16",7,16,7.566372975,Bottom Right,m,1.06,1.06,correct,FALSE,0.500357,8.320421817,low,0.28431279,low,12.83948864,11.43907949,0.658612976,medium,0.498369677,medium,0.369187,low,0.296237,low
17,95,"7,11",7,11,2.692582404,Bottom Right,l,1.03,1.03,correct,FALSE,0.147853,9.569433646,medium,0.158388029,low,14.32793183,11.50281917,0.525956898,medium,0.516750079,medium,0.351476,low,0.475164,low
17,96,"10,12",10,12,5.315072906,Bottom Right,h,1.15,1.15,correct,FALSE,0.737677,10.73877749,high,0.391478842,low,13.88322429,13.41302586,0.642355492,medium,0.698780103,medium,0.306243,low,0.359737,low
17,97,"4,12",4,12,4.031128874,Top Right,h,1.18,1.18,correct,FALSE,0.73963,12.75788073,high,0.582858012,medium,14.37935683,16.55274693,0.761275298,high,0.874402618,high,0.655942,medium,0.78649,high
17,98,"6,14",6,14,5.5,Bottom Right,m,1.76,1.76,correct,FALSE,0.502396,8.910480767,medium,0.361857035,low,11.6861797,15.03899099,0.5946407,medium,0.807391859,high,0.544339,medium,0.80914,high
17,99,"5,14",5,14,5.590169944,Top Right,l,did not see,did not see,incorrect,FALSE,0.148361,7.042300446,low,0.248229732,low,10.42296033,12.87568645,0.51788006,medium,0.693103962,medium,0.383289,low,0.622011,medium
17,100,"2,12",2,12,5.315072906,Top Right,l,7.45 late,7.45,correct,TRUE,0.147122,4.198022944,low,0.139917736,low,11.81424932,8.671105795,0.651215233,medium,0.324339742,low,0.463928,low,0.210546,low
18,1,"1,4",1,4,6.726812024,Top Left,h,14.70 late,14.7,correct,TRUE,0.775971,9.826318,medium,0.18007873,low,12.10056338,13.42246571,0.422549622,medium,0.648673698,medium,0.358936,low,0.397134,low
18,2,"1,7",1,7,5.220153254,Top Left,m,did not see,did not see,incorrect,FALSE,0.503747,8.876649727,medium,0.210924652,low,9.93742363,17.05925232,0.451266934,medium,0.779103668,high,0.481094,low,0.822615,high
18,3,"9,4",9,4,5.408326913,Bottom Left,m,did not see,did not see,incorrect,FALSE,0.500631,9.10596,medium,0.292824624,low,11.29495284,13.62086718,0.518292385,medium,0.712222694,high,0.279565,low,0.346036,low
18,4,"9,4",9,4,5.408326913,Bottom Left,m,did not see,did not see,incorrect,FALSE,0.500631,9.10596,medium,0.292824624,low,11.29495284,13.62086718,0.518292385,medium,0.712222694,high,0.279565,low,0.346036,low
18,5,"11,8",11,8,5.024937811,Bottom Left,m,did not see,did not see,incorrect,FALSE,0.502892,8.38158913,low,0.186747736,low,11.24587368,13.01680924,0.501628904,medium,0.585746516,medium,0.26396,low,0.427673,low
18,6,"3,14",3,14,6.264982043,Top Right,m,did not see,did not see,incorrect,FALSE,0.499892,8.937116676,medium,0.307539235,low,11.82424497,12.43097484,0.52331,medium,0.615030286,medium,0.6662,medium,0.656165,medium
18,7,"10,8",10,8,4.031128874,Bottom Left,l,did not see,did not see,incorrect,FALSE,0.14553,9.794274695,medium,0.185166605,low,14.24197055,14.41046095,0.506931,medium,0.733222414,high,0.347868,low,0.354189,low
18,8,"8,11",8,11,3.201562119,Bottom Right,m,did not see,did not see,incorrect,FALSE,0.499336,11.60434128,high,0.365012119,low,14.52275449,13.75396207,0.621860307,medium,0.714992648,high,0.297402,low,0.377662,low
18,9,"4,5",4,5,4.031128874,Top Left,l,did not see,did not see,incorrect,FALSE,0.136479,8.881531158,medium,0.267210825,low,12.51184051,13.03479379,0.572692737,medium,0.696187913,medium,0.289533,low,0.554078,medium
18,10,"2,7",2,7,4.272001873,Top Left,h,did not see,did not see,incorrect,FALSE,0.750853,10.83670903,high,0.346841904,low,13.92310566,13.91547688,0.600680487,medium,0.745452,high,0.392602,low,0.384493,low
18,11,"11,12",11,12,6.103277808,Bottom Right,l,did not see,did not see,incorrect,FALSE,0.149208,6.964910345,low,0.205383878,low,11.37227671,11.36056335,0.513272278,medium,0.60665,medium,0.250617,low,0.465814,low
18,12,"7,15",7,15,6.576473219,Bottom Right,m,did not see,did not see,incorrect,FALSE,0.502179,7.377111724,low,0.375648,low,8.733071518,20.23847609,0.546844158,medium,0.885705169,high,0.509461,medium,0.880015,high
18,13,"8,6",8,6,3.201562119,Bottom Left,l,did not see,did not see,incorrect,FALSE,0.137514,6.58017712,low,0.175683828,low,11.78284776,11.33352803,0.549881338,medium,0.599510892,medium,0.261824,low,0.237724,low
18,14,"2,15",2,15,7.632168761,Top Right,h,5.57,5.57,correct,FALSE,0.733042,7.190191084,low,0.362656063,low,9.38279328,13.76564234,0.551752233,medium,0.766353542,high,0.411468,low,0.391219,low
18,15,"1,11",1,11,5.590169944,Top Right,l,did not see,did not see,incorrect,FALSE,0.14591,10.34087244,high,0.174811309,low,12.78446874,16.312975,0.512083092,medium,0.738746642,high,0.319124,low,0.228091,low
18,16,"6,15",6,15,6.5,Bottom Right,l,did not see,did not see,incorrect,FALSE,0.152267,9.618126041,medium,0.19610824,low,12.4081962,13.77561861,0.522964476,medium,0.647909571,medium,0.26877,low,0.249944,low
18,17,"5,14",5,14,5.590169944,Top Right,l,8.17 late,8.17,correct,TRUE,0.148361,7.042300446,low,0.248229732,low,10.42296033,12.87568645,0.51788006,medium,0.693103962,medium,0.383289,low,0.622011,medium
18,18,"3,16",3,16,8.077747211,Top Right,l,did not see,did not see,incorrect,FALSE,0.150855,8.534351401,low,0.321445976,low,13.35129939,12.6983491,0.641644397,medium,0.723125649,high,0.322746,low,0.454032,low
18,19,"10,13",10,13,6.020797289,Bottom Right,m,did not see,did not see,incorrect,FALSE,0.500591,10.06340683,high,0.298305425,low,10.13842924,19.49684594,0.474857724,medium,0.850984441,high,0.52999,medium,0.83216,high
18,20,"9,10",9,10,3.354101966,Bottom Right,l,did not see,did not see,incorrect,FALSE,0.146642,4.842865959,low,0.178752532,low,10.02491233,10.40007359,0.543976362,medium,0.577367835,medium,0.272733,low,0.263515,low
18,21,"10,4",10,4,6.020797289,Bottom Left,h,did not see,did not see,incorrect,FALSE,0.766454,9.475999,medium,0.297819217,low,13.01867065,13.95055075,0.536236678,medium,0.749323814,high,0.468754,low,0.527345,medium
18,22,"10,6",10,6,4.716990566,Bottom Left,h,did not see,did not see,incorrect,FALSE,0.749555,9.93544233,medium,0.334959898,low,16.19531718,11.9445738,0.673408807,medium,0.601764,medium,0.230714,low,0.194986,low
18,23,"1,8",1,8,5.024937811,Top Left,l,did not see,did not see,incorrect,FALSE,0.140666,10.43548707,high,0.147774762,low,12.36143857,12.58136712,0.333545032,low,0.608577825,medium,0.198327,low,0.78928,high
18,24,"1,4",1,4,6.726812024,Top Left,h,did not see,did not see,incorrect,FALSE,0.775971,9.826318,medium,0.18007873,low,12.10056338,13.42246571,0.422549622,medium,0.648673698,medium,0.358936,low,0.397134,low
18,25,"3,12",3,12,4.609772229,Top Right,m,11.12 late,11.12,correct,TRUE,0.503271,11.01952866,high,0.486262059,medium,12.98841629,16.65209115,0.682977,medium,0.854956468,high,0.324602,low,0.423311,low
18,26,"5,1",5,1,7.566372975,Top Left,m,2.38,2.38,correct,FALSE,0.504358,8.963868659,medium,0.257528758,low,11.74972293,14.17658446,0.518899952,medium,0.760644914,high,0.296504,low,0.331203,low
18,27,"9,6",9,6,3.905124838,Bottom Left,m,2.01,2.01,correct,FALSE,0.502667,8.725985556,medium,0.416661317,medium,11.24819177,14.54266132,0.628532,medium,0.777890291,high,0.529516,medium,0.826592,high
18,28,"1,8",1,8,5.024937811,Top Left,l,did not see,did not see,incorrect,FALSE,0.140666,10.43548707,high,0.147774762,low,12.36143857,12.58136712,0.333545032,low,0.608577825,medium,0.198327,low,0.78928,high
18,29,"2,13",2,13,6.020797289,Top Right,h,did not see,did not see,incorrect,FALSE,0.738029,10.64411116,high,0.13457586,low,12.52655438,14.81016024,0.37620482,low,0.700008516,high,0.311062,low,0.342227,low
18,30,"6,1",6,1,7.5,Bottom Left,h,early,early,incorrect,FALSE,0.783743,8.069105067,low,0.315587139,low,14.13795403,11.04942283,0.698799689,medium,0.520001095,medium,0.464173,low,0.492382,low
18,31,"8,5",8,5,4.031128874,Bottom Left,m,did not see,did not see,incorrect,FALSE,0.49912,6.812006337,low,0.310318732,low,9.163600247,15.69251421,0.535395161,medium,0.817047539,high,0.535063,medium,0.876311,high
18,32,"1,13",1,13,6.726812024,Top Right,m,3.65,3.65,correct,FALSE,0.49857,9.424437687,medium,0.102606722,low,10.59092374,17.55094477,0.402535668,medium,0.718065483,high,0.477183,low,0.378888,low
18,33,"1,9",1,9,5.024937811,Top Right,h,did not see,did not see,incorrect,FALSE,0.746658,4.614111186,low,0.149265881,low,10.49183059,9.696995934,0.512781742,medium,0.479681,medium,0.207347,low,0.183588,low
18,34,"1,10",1,10,5.220153254,Top Right,m,1.47,1.47,correct,FALSE,0.499959,10.32626235,high,0.286714527,low,11.19447818,14.2366771,0.497438751,medium,0.649467159,medium,0.563235,medium,0.678726,medium
18,35,"1,12",1,12,6.103277808,Top Right,h,did not see,did not see,incorrect,FALSE,0.734679,10.78471464,high,0.179079909,low,15.34391694,14.38535754,0.508477,medium,0.677180145,medium,0.33493,low,0.444266,low
18,36,"4,4",4,4,4.924428901,Top Left,h,2.06,2.06,correct,FALSE,0.771979,7.208511187,low,0.285060423,low,9.166194,16.83160892,0.500389391,medium,0.766199896,high,0.752833,high,0.835335,high
18,37,"6,11",6,11,2.5,Bottom Right,h,2.41,2.41,correct,FALSE,0.739862,10.99470967,high,0.385230702,low,14.87441399,13.37617557,0.635635585,medium,0.69913905,medium,0.441565,low,0.4804,low
18,38,"6,5",6,5,3.5,Bottom Left,h,1.27,1.27,correct,FALSE,0.758518,9.521109396,medium,0.375644685,low,10.9699314,19.57951928,0.61443564,medium,0.85735487,high,0.27523,low,0.468925,low
18,39,"9,8",9,8,3.041381265,Bottom Left,h,3.36,3.36,correct,FALSE,0.742853,10.08127017,high,0.364950618,low,12.89123284,14.9176846,0.628290595,medium,0.787643318,high,0.332404,low,0.419661,low
18,40,"2,3",2,3,6.800735254,Top Left,l,did not see,did not see,incorrect,FALSE,0.133655,10.56458774,high,0.430848026,medium,14.35243978,14.45106499,0.695856139,medium,0.813388525,high,0.375356,low,0.265063,low
18,41,"1,14",1,14,7.433034374,Top Right,h,did not see,did not see,incorrect,FALSE,0.736799,10.48444,high,0.269980479,low,12.62634897,13.54333989,0.496518415,medium,0.670272006,medium,0.656448,medium,0.815978,high
18,42,"7,13",7,13,4.609772229,Bottom Right,m,1.71,1.71,correct,FALSE,0.500695,8.19808684,low,0.391253477,low,10.44949291,15.81823347,0.604299494,medium,0.829366988,high,0.453987,low,0.412429,low
18,43,"6,15",6,15,6.5,Bottom Right,l,1.27,1.27,correct,FALSE,0.152267,9.618126041,medium,0.19610824,low,12.4081962,13.77561861,0.522964476,medium,0.647909571,medium,0.26877,low,0.249944,low
18,44,"1,12",1,12,6.103277808,Top Right,h,did not see,did not see,incorrect,FALSE,0.734679,10.78471464,high,0.179079909,low,15.34391694,14.38535754,0.508477,medium,0.677180145,medium,0.33493,low,0.444266,low
18,45,"7,1",7,1,7.566372975,Bottom Left,l,did not see,did not see,incorrect,FALSE,0.132252,7.582976558,low,0.345801319,low,9.144453936,17.41873825,0.541548451,medium,0.866349973,high,0.213652,low,0.392083,low
18,46,"8,12",8,12,4.031128874,Bottom Right,l,3.52,3.52,correct,FALSE,0.14951,6.7113568,low,0.276203655,low,11.74177958,12.67166615,0.636724214,medium,0.630259853,medium,0.209357,low,0.607968,medium
18,47,"1,5",1,5,6.103277808,Top Left,l,did not see,did not see,incorrect,FALSE,0.136468,8.949655165,medium,0.179499017,low,14.62175838,11.68992987,0.556387383,medium,0.547019886,medium,0.417885,low,0.495363,low
18,48,"11,11",11,11,5.590169944,Bottom Right,m,early,early,incorrect,FALSE,0.500313,7.72330069,low,0.243319301,low,14.53998244,10.58344222,0.636649044,medium,0.48022524,medium,0.609538,medium,0.67236,medium
18,49,"2,5",2,5,5.315072906,Top Left,m,did not see,did not see,incorrect,FALSE,0.499479,9.882301288,medium,0.348527167,low,11.37682503,13.61966925,0.567416182,medium,0.6647829,medium,0.436669,low,0.593175,medium
18,50,"10,11",10,11,4.716990566,Bottom Right,l,1.21,1.21,correct,FALSE,0.151233,10.4232526,high,0.15361466,low,10.79656751,16.32892687,0.415566775,medium,0.720374659,high,0.277529,low,0.680981,medium
18,51,"5,9",5,9,1.118033989,Top Right,l,1.94,1.94,correct,FALSE,0.144013,10.1573656,high,0.315364198,low,11.43292894,16.38790518,0.536672831,medium,0.808671829,high,0.262363,low,0.473711,low
18,52,"9,11",9,11,3.905124838,Bottom Right,h,1.35,1.35,correct,FALSE,0.736154,8.760130193,medium,0.217604518,low,11.7019116,14.37227722,0.512020649,medium,0.729585118,high,0.657147,medium,0.740195,high
18,53,"8,7",8,7,2.5,Bottom Left,h,1.02,1.02,correct,FALSE,0.74669,14.17952972,high,0.45948622,medium,13.6085613,14.22007998,0.615035934,medium,0.631418009,medium,0.74661,high,0.843826,high
18,54,"8,4",8,4,4.924428901,Bottom Left,l,1.49,1.49,correct,FALSE,0.137801,10.82672146,high,0.271906525,low,12.32915256,18.23452335,0.555508433,medium,0.801467617,high,0.28184,low,0.487307,low
18,55,"8,2",8,2,6.800735254,Bottom Left,m,1.89,1.89,correct,FALSE,0.503689,10.48672742,high,0.323602818,low,13.37275327,14.35221457,0.604297192,medium,0.728889203,high,0.427817,low,0.494826,low
18,56,"5,9",5,9,1.118033989,Top Right,l,1.03,1.03,correct,FALSE,0.144013,10.1573656,high,0.315364198,low,11.43292894,16.38790518,0.536672831,medium,0.808671829,high,0.262363,low,0.473711,low
18,57,"7,16",7,16,7.566372975,Bottom Right,m,1.03,1.03,correct,FALSE,0.500357,8.320421817,low,0.28431279,low,12.83948864,11.43907949,0.658612976,medium,0.498369677,medium,0.369187,low,0.296237,low
18,58,"4,12",4,12,4.031128874,Top Right,h,1.26,1.26,correct,FALSE,0.73963,12.75788073,high,0.582858012,medium,14.37935683,16.55274693,0.761275298,high,0.874402618,high,0.655942,medium,0.78649,high
18,59,"9,14",9,14,6.264982043,Bottom Right,m,1.74,1.74,correct,FALSE,0.501958,8.100082281,low,0.232398,low,10.25427901,14.93116493,0.483564504,medium,0.751513,high,0.331301,low,0.404129,low
18,60,"11,11",11,11,5.590169944,Bottom Right,m,did not see,did not see,incorrect,FALSE,0.500313,7.72330069,low,0.243319301,low,14.53998244,10.58344222,0.636649044,medium,0.48022524,medium,0.609538,medium,0.67236,medium
18,61,"7,8",7,8,1.118033989,Bottom Left,l,1.29,1.29,correct,FALSE,0.141446,8.907897251,medium,0.196729243,low,11.71109844,15.33970314,0.519486562,medium,0.678647,medium,0.510532,medium,0.30426,low
18,62,"3,8",3,8,3.041381265,Top Left,h,did not see,did not see,incorrect,FALSE,0.747077,8.87526057,medium,0.431442666,medium,13.31413275,13.01872619,0.685711,medium,0.762279553,high,0.356156,low,0.374724,low
18,63,"5,2",5,2,6.576473219,Top Left,m,did not see,did not see,incorrect,FALSE,0.502767,12.18970349,high,0.370590399,low,12.53660953,16.26785348,0.578909406,medium,0.817709103,high,0.508171,medium,0.842493,high
18,64,"2,9",2,9,4.031128874,Top Right,l,1.34,1.34,correct,FALSE,0.141383,5.259092283,low,0.191067006,low,7.472157105,15.11903036,0.407429085,medium,0.794420219,high,0.422637,low,0.339625,low
18,65,"4,8",4,8,2.061552813,Top Left,l,1.04,1.04,correct,FALSE,0.140752,7.796163948,low,0.243730855,low,14.63895589,10.95056531,0.657798728,medium,0.54002838,medium,0.320675,low,0.30832,low
18,66,"7,11",7,11,2.692582404,Bottom Right,l,0.97,0.97,correct,FALSE,0.147853,9.569433646,medium,0.158388029,low,14.32793183,11.50281917,0.525956898,medium,0.516750079,medium,0.351476,low,0.475164,low
18,67,"10,8",10,8,4.031128874,Bottom Left,l,3.15,3.15,correct,FALSE,0.14553,9.794274695,medium,0.185166605,low,14.24197055,14.41046095,0.506931,medium,0.733222414,high,0.347868,low,0.354189,low
18,68,"1,14",1,14,7.433034374,Top Right,h,did not see,did not see,incorrect,FALSE,0.736799,10.48444,high,0.269980479,low,12.62634897,13.54333989,0.496518415,medium,0.670272006,medium,0.656448,medium,0.815978,high
18,69,"3,5",3,5,4.609772229,Top Left,h,1.16,1.16,correct,FALSE,0.757983,10.13658799,high,0.1985744,low,11.71430297,13.95804308,0.426211827,medium,0.650370153,medium,0.287501,low,0.371619,low
18,70,"7,9",7,9,1.118033989,Bottom Right,h,1.91,1.91,correct,FALSE,0.741072,10.47874979,high,0.105368632,low,13.97430586,14.12906901,0.400642002,medium,0.675553024,medium,0.215563,low,0.248952,low
18,71,"4,5",4,5,4.031128874,Top Left,l,1.39,1.39,correct,FALSE,0.136479,8.881531158,medium,0.267210825,low,12.51184051,13.03479379,0.572692737,medium,0.696187913,medium,0.289533,low,0.554078,medium
18,72,"3,14",3,14,6.264982043,Top Right,m,1.32,1.32,correct,FALSE,0.499892,8.937116676,medium,0.307539235,low,11.82424497,12.43097484,0.52331,medium,0.615030286,medium,0.6662,medium,0.656165,medium
18,73,"6,8",6,8,0.5,Bottom Left,h,1.23,1.23,correct,FALSE,0.747406,10.84347815,high,0.469390509,medium,13.00536534,17.24292791,0.673454494,medium,0.82402513,high,0.777596,high,0.801109,high
18,74,"9,14",9,14,6.264982043,Bottom Right,m,1.65,1.65,correct,FALSE,0.501958,8.100082281,low,0.232398,low,10.25427901,14.93116493,0.483564504,medium,0.751513,high,0.331301,low,0.404129,low
18,75,"7,10",7,10,1.802775638,Bottom Right,m,1.53,1.53,correct,FALSE,0.504616,8.846064443,medium,0.264185511,low,10.39642952,15.29320027,0.498121412,medium,0.767084075,high,0.482822,low,0.627348,medium
18,76,"8,14",8,14,5.852349955,Bottom Right,l,6.38 late,6.38,correct,TRUE,0.149415,4.954621676,low,0.185790744,low,12.97410347,9.090461796,0.702571619,high,0.438975857,medium,0.451169,low,0.355001,low
18,77,"6,3",6,3,5.5,Bottom Left,m,1.08,1.08,correct,FALSE,0.500691,7.751437064,low,0.24050262,low,10.94020342,12.67649773,0.495544829,medium,0.642383,medium,0.596495,medium,0.735515,high
18,78,"2,5",2,5,5.315072906,Top Left,m,0.93,0.93,correct,FALSE,0.499479,9.882301288,medium,0.348527167,low,11.37682503,13.61966925,0.567416182,medium,0.6647829,medium,0.436669,low,0.593175,medium
18,79,"3,6",3,6,3.905124838,Top Left,m,1.24,1.24,correct,FALSE,0.503727,7.764464,low,0.226812087,low,8.927291831,16.85548215,0.434222,medium,0.769897502,high,0.430121,low,0.489793,low
18,80,"7,8",7,8,1.118033989,Bottom Left,l,1.62,1.62,correct,FALSE,0.141446,8.907897251,medium,0.196729243,low,11.71109844,15.33970314,0.519486562,medium,0.678647,medium,0.510532,medium,0.30426,low
18,81,"5,6",5,6,2.692582404,Top Left,l,1.2,1.2,correct,FALSE,0.137007,11.85409478,high,0.301373005,low,13.55548575,15.32652697,0.575947742,medium,0.785880368,high,0.230773,low,0.809041,high
18,82,"7,14",7,14,5.590169944,Bottom Right,h,2.15,2.15,correct,FALSE,0.730382,10.20810724,high,0.368456249,low,10.20322957,18.98257046,0.520062077,medium,0.858920336,high,0.657745,medium,0.844669,high
18,83,"7,14",7,14,5.590169944,Bottom Right,h,1.27,1.27,correct,FALSE,0.730382,10.20810724,high,0.368456249,low,10.20322957,18.98257046,0.520062077,medium,0.858920336,high,0.657745,medium,0.844669,high
18,84,"7,11",7,11,2.692582404,Bottom Right,l,0.95,0.95,correct,FALSE,0.147853,9.569433646,medium,0.158388029,low,14.32793183,11.50281917,0.525956898,medium,0.516750079,medium,0.351476,low,0.475164,low
18,85,"8,9",8,9,2.061552813,Bottom Right,l,early,early,incorrect,FALSE,0.144569,10.02450662,medium,0.156656651,low,11.1050448,16.91112941,0.477594117,medium,0.694965002,medium,0.257502,low,0.329008,low
18,86,"11,9",11,9,5.024937811,Bottom Right,l,2.24,2.24,correct,FALSE,0.143952,6.961933351,low,0.204555681,low,9.489752474,13.48478868,0.472912062,medium,0.655523,medium,0.582302,medium,0.505769,medium
18,87,"1,6",1,6,5.590169944,Top Left,h,4.66,4.66,correct,FALSE,0.754725,8.856830277,medium,0.309107906,low,10.27276575,14.64687878,0.52115134,medium,0.721206637,high,0.33695,low,0.405107,low
18,88,"3,9",3,9,3.041381265,Top Right,m,0.85,0.85,correct,FALSE,0.504792,10.31849384,high,0.271206972,low,13.96853889,12.48458473,0.58159587,medium,0.615691469,medium,0.32786,low,0.308924,low
18,89,"6,4",6,4,4.5,Bottom Left,m,0.85,0.85,correct,FALSE,0.498255,7.890527632,low,0.404747746,medium,11.55185821,12.99825815,0.686819458,medium,0.702595454,high,0.551387,medium,0.71188,high
18,90,"4,5",4,5,4.031128874,Top Left,l,1.39,1.39,correct,FALSE,0.136479,8.881531158,medium,0.267210825,low,12.51184051,13.03479379,0.572692737,medium,0.696187913,medium,0.289533,low,0.554078,medium
18,91,"4,10",4,10,2.5,Top Right,m,0.95,0.95,correct,FALSE,0.500548,9.500195729,medium,0.379485994,low,11.42713543,15.01084666,0.587086094,medium,0.82090987,high,0.378461,low,0.409957,low
18,92,"1,12",1,12,6.103277808,Top Right,h,did not see,did not see,incorrect,FALSE,0.734679,10.78471464,high,0.179079909,low,15.34391694,14.38535754,0.508477,medium,0.677180145,medium,0.33493,low,0.444266,low
18,93,"6,6",6,6,2.5,Bottom Left,m,1.22,1.22,correct,FALSE,0.50213,9.303835705,medium,0.344452753,low,12.30512571,15.10671503,0.616769859,medium,0.778462511,high,0.495231,low,0.379595,low
18,94,"6,3",6,3,5.5,Bottom Left,m,0.94,0.94,correct,FALSE,0.500691,7.751437064,low,0.24050262,low,10.94020342,12.67649773,0.495544829,medium,0.642383,medium,0.596495,medium,0.735515,high
18,95,"11,12",11,12,6.103277808,Bottom Right,l,did not see,did not see,incorrect,FALSE,0.149208,6.964910345,low,0.205383878,low,11.37227671,11.36056335,0.513272278,medium,0.60665,medium,0.250617,low,0.465814,low
18,96,"2,5",2,5,5.315072906,Top Left,m,0.85,0.85,correct,FALSE,0.499479,9.882301288,medium,0.348527167,low,11.37682503,13.61966925,0.567416182,medium,0.6647829,medium,0.436669,low,0.593175,medium
18,97,"3,15",3,15,7.158910532,Top Right,l,1.25,1.25,correct,FALSE,0.1503,9.074487,medium,0.163994237,low,9.696648316,18.86998291,0.416280813,medium,0.762278638,high,0.394223,low,0.377542,low
18,98,"1,9",1,9,5.024937811,Top Right,h,did not see,did not see,incorrect,FALSE,0.746658,4.614111186,low,0.149265881,low,10.49183059,9.696995934,0.512781742,medium,0.479681,medium,0.207347,low,0.183588,low
18,99,"11,5",11,5,6.103277808,Bottom Left,m,2.47,2.47,correct,FALSE,0.49994,7.961968337,low,0.30969124,low,10.02452302,15.11988237,0.541161959,medium,0.78335509,high,0.437235,low,0.455353,low
18,100,"7,11",7,11,2.692582404,Bottom Right,l,2.91,2.91,correct,FALSE,0.147853,9.569433646,medium,0.158388029,low,14.32793183,11.50281917,0.525956898,medium,0.516750079,medium,0.351476,low,0.475164,low
19,1,"9,9",9,9,3.041381265,Bottom Right,m,did not see,did not see,incorrect,FALSE,0.501961,7.549186365,low,0.261199008,low,8.747970419,18.6791846,0.440575101,medium,0.832337795,high,0.287744,low,0.277304,low
19,2,"6,5",6,5,3.5,Bottom Left,h,4.05,4.05,correct,FALSE,0.758518,9.521109396,medium,0.375644685,low,10.9699314,19.57951928,0.61443564,medium,0.85735487,high,0.27523,low,0.468925,low
19,3,"8,3",8,3,5.852349955,Bottom Left,l,1.27,1.27,correct,FALSE,0.132426,8.622265,low,0.330608731,low,12.90807718,12.5445627,0.668523,medium,0.630429519,medium,0.154598,low,0.922716,high
19,4,"3,6",3,6,3.905124838,Top Left,m,0.89,0.89,correct,FALSE,0.503727,7.764464,low,0.226812087,low,8.927291831,16.85548215,0.434222,medium,0.769897502,high,0.430121,low,0.489793,low
19,5,"9,13",9,13,5.408326913,Bottom Right,l,did not see,did not see,incorrect,FALSE,0.149172,8.84052,medium,0.238928625,low,11.52561954,14.22189736,0.560865373,medium,0.648101,medium,0.311128,low,0.324536,low
19,6,"7,16",7,16,7.566372975,Bottom Right,m,did not see,did not see,incorrect,FALSE,0.500357,8.320421817,low,0.28431279,low,12.83948864,11.43907949,0.658612976,medium,0.498369677,medium,0.369187,low,0.296237,low
19,7,"4,10",4,10,2.5,Top Right,m,1.37,1.37,correct,FALSE,0.500548,9.500195729,medium,0.379485994,low,11.42713543,15.01084666,0.587086094,medium,0.82090987,high,0.378461,low,0.409957,low
19,8,"8,7",8,7,2.5,Bottom Left,h,0.82,0.82,correct,FALSE,0.74669,14.17952972,high,0.45948622,medium,13.6085613,14.22007998,0.615035934,medium,0.631418009,medium,0.74661,high,0.843826,high
19,9,"7,16",7,16,7.566372975,Bottom Right,m,2.02,2.02,correct,FALSE,0.500357,8.320421817,low,0.28431279,low,12.83948864,11.43907949,0.658612976,medium,0.498369677,medium,0.369187,low,0.296237,low
19,10,"3,9",3,9,3.041381265,Top Right,m,4.7,4.7,correct,FALSE,0.504792,10.31849384,high,0.271206972,low,13.96853889,12.48458473,0.58159587,medium,0.615691469,medium,0.32786,low,0.308924,low
19,11,"6,12",6,12,3.5,Bottom Right,m,0.76,0.76,correct,FALSE,0.500156,7.801163073,low,0.335256932,low,10.65907573,14.97632894,0.585893888,medium,0.806898182,high,0.331647,low,0.475351,low
19,12,"8,14",8,14,5.852349955,Bottom Right,l,did not see,did not see,incorrect,FALSE,0.149415,4.954621676,low,0.185790744,low,12.97410347,9.090461796,0.702571619,high,0.438975857,medium,0.451169,low,0.355001,low
19,13,"9,10",9,10,3.354101966,Bottom Right,l,4.53,4.53,correct,FALSE,0.146642,4.842865959,low,0.178752532,low,10.02491233,10.40007359,0.543976362,medium,0.577367835,medium,0.272733,low,0.263515,low
19,14,"3,7",3,7,3.354101966,Top Left,l,did not see,did not see,incorrect,FALSE,0.138609,7.915379776,low,0.135603743,low,15.00597891,11.34854427,0.536714869,medium,0.567697923,medium,0.350456,low,0.343107,low
19,15,"2,12",2,12,5.315072906,Top Right,l,1.59,1.59,correct,FALSE,0.147122,4.198022944,low,0.139917736,low,11.81424932,8.671105795,0.651215233,medium,0.324339742,low,0.463928,low,0.210546,low
19,16,"2,14",2,14,6.800735254,Top Right,l,0.92,0.92,correct,FALSE,0.153089,6.198447454,low,0.126601005,low,7.534082099,16.9978782,0.269930049,low,0.786624921,high,0.208594,low,0.843005,high
19,17,"6,2",6,2,6.5,Bottom Left,h,did not see,did not see,incorrect,FALSE,0.778935,15.62799797,high,0.675662359,medium,18.59302241,17.12269934,0.843946693,high,0.903996142,high,0.334572,low,0.32921,low
19,18,"7,5",7,5,3.640054945,Bottom Left,l,2.2,2.2,correct,FALSE,0.136619,8.412961428,low,0.28125962,low,16.88384777,10.6486613,0.744452681,high,0.485269067,medium,0.423673,low,0.42576,low
19,19,"6,4",6,4,4.5,Bottom Left,m,0.76,0.76,correct,FALSE,0.498255,7.890527632,low,0.404747746,medium,11.55185821,12.99825815,0.686819458,medium,0.702595454,high,0.551387,medium,0.71188,high
19,20,"7,12",7,12,3.640054945,Bottom Right,h,did not see,did not see,incorrect,FALSE,0.739467,6.976369602,low,0.340689819,low,11.06907313,12.92668959,0.625368526,medium,0.716007003,high,0.745872,high,0.889333,high
19,21,"11,7",11,7,5.220153254,Bottom Left,h,3.57,3.57,correct,FALSE,0.747791,11.71577541,high,0.618379163,medium,12.40029397,17.66404566,0.755906877,high,0.896580792,high,0.750809,high,0.883692,high
19,22,"11,5",11,5,6.103277808,Bottom Left,m,did not see,did not see,incorrect,FALSE,0.49994,7.961968337,low,0.30969124,low,10.02452302,15.11988237,0.541161959,medium,0.78335509,high,0.437235,low,0.455353,low
19,23,"9,12",9,12,4.609772229,Bottom Right,m,did not see,did not see,incorrect,FALSE,0.499084,10.24915996,high,0.436772256,medium,11.75493408,16.89304023,0.653406285,medium,0.859242589,high,0.256873,low,0.324843,low
19,24,"7,13",7,13,4.609772229,Bottom Right,m,0.92,0.92,correct,FALSE,0.500695,8.19808684,low,0.391253477,low,10.44949291,15.81823347,0.604299494,medium,0.829366988,high,0.453987,low,0.412429,low
19,25,"5,2",5,2,6.576473219,Top Left,m,0.81,0.81,correct,FALSE,0.502767,12.18970349,high,0.370590399,low,12.53660953,16.26785348,0.578909406,medium,0.817709103,high,0.508171,medium,0.842493,high
19,26,"8,7",8,7,2.5,Bottom Left,h,did not see,did not see,incorrect,FALSE,0.74669,14.17952972,high,0.45948622,medium,13.6085613,14.22007998,0.615035934,medium,0.631418009,medium,0.74661,high,0.843826,high
19,27,"8,7",8,7,2.5,Bottom Left,h,0.74,0.74,correct,FALSE,0.74669,14.17952972,high,0.45948622,medium,13.6085613,14.22007998,0.615035934,medium,0.631418009,medium,0.74661,high,0.843826,high
19,28,"9,4",9,4,5.408326913,Bottom Left,m,4.8,4.8,correct,FALSE,0.500631,9.10596,medium,0.292824624,low,11.29495284,13.62086718,0.518292385,medium,0.712222694,high,0.279565,low,0.346036,low
19,29,"8,4",8,4,4.924428901,Bottom Left,l,0.11,0.11,correct,FALSE,0.137801,10.82672146,high,0.271906525,low,12.32915256,18.23452335,0.555508433,medium,0.801467617,high,0.28184,low,0.487307,low
19,30,"3,13",3,13,5.408326913,Top Right,l,did not see,did not see,incorrect,FALSE,0.148752,7.830256908,low,0.087852,low,11.31387763,14.11025248,0.462885969,medium,0.559545804,medium,0.344234,low,0.327035,low
19,31,"2,3",2,3,6.800735254,Top Left,l,6.85 late,6.85,correct,TRUE,0.133655,10.56458774,high,0.430848026,medium,14.35243978,14.45106499,0.695856139,medium,0.813388525,high,0.375356,low,0.265063,low
19,32,"8,4",8,4,4.924428901,Bottom Left,l,did not see,did not see,incorrect,FALSE,0.137801,10.82672146,high,0.271906525,low,12.32915256,18.23452335,0.555508433,medium,0.801467617,high,0.28184,low,0.487307,low
19,33,"11,9",11,9,5.024937811,Bottom Right,l,5.26,5.26,correct,FALSE,0.143952,6.961933351,low,0.204555681,low,9.489752474,13.48478868,0.472912062,medium,0.655523,medium,0.582302,medium,0.505769,medium
19,34,"7,11",7,11,2.692582404,Bottom Right,l,5.87,5.87,correct,FALSE,0.147853,9.569433646,medium,0.158388029,low,14.32793183,11.50281917,0.525956898,medium,0.516750079,medium,0.351476,low,0.475164,low
19,35,"4,1",4,1,7.762087348,Top Left,l,2.19,2.19,correct,FALSE,0.131703,10.19838024,high,0.218051144,low,10.22316355,15.72851359,0.427485508,medium,0.691529169,medium,0.220884,low,0.553676,medium
19,36,"5,4",5,4,4.609772229,Top Left,l,1.1,1.1,correct,FALSE,0.136391,8.757408692,medium,0.090708,low,16.68725905,10.80687347,0.520577217,medium,0.421863859,medium,0.539504,medium,0.356104,low
19,37,"4,5",4,5,4.031128874,Top Left,l,0.86,0.86,correct,FALSE,0.136479,8.881531158,medium,0.267210825,low,12.51184051,13.03479379,0.572692737,medium,0.696187913,medium,0.289533,low,0.554078,medium
19,38,"3,11",3,11,3.905124838,Top Right,h,3.24,3.24,correct,FALSE,0.739741,12.97809717,high,0.57621325,medium,14.39417639,14.49449471,0.702438435,high,0.722998537,high,0.300628,low,0.368617,low
19,39,"7,1",7,1,7.566372975,Bottom Left,l,0.91,0.91,correct,FALSE,0.132252,7.582976558,low,0.345801319,low,9.144453936,17.41873825,0.541548451,medium,0.866349973,high,0.213652,low,0.392083,low
19,40,"10,10",10,10,4.272001873,Bottom Right,m,did not see,did not see,incorrect,FALSE,0.499534,9.648563,medium,0.261810297,low,11.97052117,14.50783338,0.54347749,medium,0.736437882,high,0.248511,low,0.310609,low
19,41,"3,13",3,13,5.408326913,Top Right,l,1.08,1.08,correct,FALSE,0.148752,7.830256908,low,0.087852,low,11.31387763,14.11025248,0.462885969,medium,0.559545804,medium,0.344234,low,0.327035,low
19,42,"3,11",3,11,3.905124838,Top Right,h,0.72,0.72,correct,FALSE,0.739741,12.97809717,high,0.57621325,medium,14.39417639,14.49449471,0.702438435,high,0.722998537,high,0.300628,low,0.368617,low
19,43,"7,12",7,12,3.640054945,Bottom Right,h,1.39,1.39,correct,FALSE,0.739467,6.976369602,low,0.340689819,low,11.06907313,12.92668959,0.625368526,medium,0.716007003,high,0.745872,high,0.889333,high
19,44,"3,2",3,2,7.158910532,Top Left,h,2.27,2.27,correct,FALSE,0.782826,9.207862,medium,0.068957,low,12.8432402,12.83890738,0.405530723,medium,0.554326117,medium,0.766983,high,0.868293,high
19,45,"9,6",9,6,3.905124838,Bottom Left,m,1.56,1.56,correct,FALSE,0.502667,8.725985556,medium,0.416661317,medium,11.24819177,14.54266132,0.628532,medium,0.777890291,high,0.529516,medium,0.826592,high
19,46,"5,8",5,8,1.118033989,Top Left,m,0.78,0.78,correct,FALSE,0.497437,11.394567,high,0.45873101,medium,13.99918661,15.82898247,0.691293555,medium,0.842318768,high,0.388635,low,0.537615,medium
19,47,"2,3",2,3,6.800735254,Top Left,l,did not see,did not see,incorrect,FALSE,0.133655,10.56458774,high,0.430848026,medium,14.35243978,14.45106499,0.695856139,medium,0.813388525,high,0.375356,low,0.265063,low
19,48,"3,11",3,11,3.905124838,Top Right,h,0.64,0.64,correct,FALSE,0.739741,12.97809717,high,0.57621325,medium,14.39417639,14.49449471,0.702438435,high,0.722998537,high,0.300628,low,0.368617,low
19,49,"5,15",5,15,6.576473219,Top Right,h,5.84,5.84,correct,FALSE,0.734458,14.61259528,high,0.585803592,medium,16.08146739,17.26127998,0.746652017,high,0.882695024,high,0.396808,low,0.345057,low
19,50,"4,8",4,8,2.061552813,Top Left,l,4.52,4.52,correct,FALSE,0.140752,7.796163948,low,0.243730855,low,14.63895589,10.95056531,0.657798728,medium,0.54002838,medium,0.320675,low,0.30832,low
19,51,"10,10",10,10,4.272001873,Bottom Right,m,did not see,did not see,incorrect,FALSE,0.499534,9.648563,medium,0.261810297,low,11.97052117,14.50783338,0.54347749,medium,0.736437882,high,0.248511,low,0.310609,low
19,52,"6,4",6,4,4.5,Bottom Left,m,0.87,0.87,correct,FALSE,0.498255,7.890527632,low,0.404747746,medium,11.55185821,12.99825815,0.686819458,medium,0.702595454,high,0.551387,medium,0.71188,high
19,53,"8,3",8,3,5.852349955,Bottom Left,l,2.13,2.13,correct,FALSE,0.132426,8.622265,low,0.330608731,low,12.90807718,12.5445627,0.668523,medium,0.630429519,medium,0.154598,low,0.922716,high
19,54,"11,7",11,7,5.220153254,Bottom Left,h,2.27,2.27,correct,FALSE,0.747791,11.71577541,high,0.618379163,medium,12.40029397,17.66404566,0.755906877,high,0.896580792,high,0.750809,high,0.883692,high
19,55,"8,6",8,6,3.201562119,Bottom Left,l,3.97,3.97,correct,FALSE,0.137514,6.58017712,low,0.175683828,low,11.78284776,11.33352803,0.549881338,medium,0.599510892,medium,0.261824,low,0.237724,low
19,56,"11,6",11,6,5.590169944,Bottom Left,l,did not see,did not see,incorrect,FALSE,0.138655,10.11144153,high,0.280991005,low,12.95081191,13.53206151,0.560805841,medium,0.59694758,medium,0.295198,low,0.276641,low
19,57,"5,3",5,3,5.590169944,Top Left,l,1.04,1.04,correct,FALSE,0.1342,9.967776817,medium,0.331556565,low,11.66729724,18.18540653,0.585238831,medium,0.847005986,high,0.293884,low,0.236578,low
19,58,"7,4",7,4,4.609772229,Bottom Left,h,2.25,2.25,correct,FALSE,0.762415,9.644809178,medium,0.086051,low,9.657204442,16.28263827,0.258281309,low,0.722620507,high,0.387356,low,0.400922,low
19,59,"7,12",7,12,3.640054945,Bottom Right,h,1.84,1.84,correct,FALSE,0.739467,6.976369602,low,0.340689819,low,11.06907313,12.92668959,0.625368526,medium,0.716007003,high,0.745872,high,0.889333,high
19,60,"7,12",7,12,3.640054945,Bottom Right,h,did not see,did not see,incorrect,FALSE,0.739467,6.976369602,low,0.340689819,low,11.06907313,12.92668959,0.625368526,medium,0.716007003,high,0.745872,high,0.889333,high
19,61,"2,11",2,11,4.716990566,Top Right,m,5.92,5.92,correct,FALSE,0.507319,8.711511,medium,0.265492587,low,11.94884922,13.84177221,0.56425953,medium,0.697536209,medium,0.315344,low,0.50332,medium
19,62,"3,15",3,15,7.158910532,Top Right,l,1.53,1.53,correct,FALSE,0.1503,9.074487,medium,0.163994237,low,9.696648316,18.86998291,0.416280813,medium,0.762278638,high,0.394223,low,0.377542,low
19,63,"2,3",2,3,6.800735254,Top Left,l,did not see,did not see,incorrect,FALSE,0.133655,10.56458774,high,0.430848026,medium,14.35243978,14.45106499,0.695856139,medium,0.813388525,high,0.375356,low,0.265063,low
19,64,"9,6",9,6,3.905124838,Bottom Left,m,1.52,1.52,correct,FALSE,0.502667,8.725985556,medium,0.416661317,medium,11.24819177,14.54266132,0.628532,medium,0.777890291,high,0.529516,medium,0.826592,high
19,65,"9,3",9,3,6.264982043,Bottom Left,m,1,1,correct,FALSE,0.500359,10.42570256,high,0.309994248,low,13.28985571,14.62567209,0.607134066,medium,0.71786737,high,0.629409,medium,0.703189,high
19,66,"9,8",9,8,3.041381265,Bottom Left,h,4.11,4.11,correct,FALSE,0.742853,10.08127017,high,0.364950618,low,12.89123284,14.9176846,0.628290595,medium,0.787643318,high,0.332404,low,0.419661,low
19,67,"1,12",1,12,6.103277808,Top Right,h,did not see,did not see,incorrect,FALSE,0.734679,10.78471464,high,0.179079909,low,15.34391694,14.38535754,0.508477,medium,0.677180145,medium,0.33493,low,0.444266,low
19,68,"6,12",6,12,3.5,Bottom Right,m,early,early,incorrect,FALSE,0.500156,7.801163073,low,0.335256932,low,10.65907573,14.97632894,0.585893888,medium,0.806898182,high,0.331647,low,0.475351,low
19,69,"2,2",2,2,7.632168761,Top Left,m,0.03,0.03,correct,FALSE,0.503448,7.575062934,low,0.261009,low,11.01136572,13.10773724,0.527858233,medium,0.692547368,medium,0.40163,low,0.355659,low
19,70,"1,13",1,13,6.726812024,Top Right,m,1.22,1.22,correct,FALSE,0.49857,9.424437687,medium,0.102606722,low,10.59092374,17.55094477,0.402535668,medium,0.718065483,high,0.477183,low,0.378888,low
19,71,"4,3",4,3,5.852349955,Top Left,h,0.78,0.78,correct,FALSE,0.772261,9.899753,medium,0.08748,low,11.70435798,13.81879873,0.328804827,low,0.628036947,medium,0.232922,low,0.327436,low
19,72,"10,7",10,7,4.272001873,Bottom Left,m,did not see,did not see,incorrect,FALSE,0.508513,8.513237656,low,0.403968,medium,13.23805087,13.34985898,0.677701305,medium,0.793334185,high,0.264864,low,0.374528,low
19,73,"8,7",8,7,2.5,Bottom Left,h,0.8,0.8,correct,FALSE,0.74669,14.17952972,high,0.45948622,medium,13.6085613,14.22007998,0.615035934,medium,0.631418009,medium,0.74661,high,0.843826,high
19,74,"9,14",9,14,6.264982043,Bottom Right,m,did not see,did not see,incorrect,FALSE,0.501958,8.100082281,low,0.232398,low,10.25427901,14.93116493,0.483564504,medium,0.751513,high,0.331301,low,0.404129,low
19,75,"9,8",9,8,3.041381265,Bottom Left,h,2.47,2.47,correct,FALSE,0.742853,10.08127017,high,0.364950618,low,12.89123284,14.9176846,0.628290595,medium,0.787643318,high,0.332404,low,0.419661,low
19,76,"5,1",5,1,7.566372975,Top Left,m,early,early,incorrect,FALSE,0.504358,8.963868659,medium,0.257528758,low,11.74972293,14.17658446,0.518899952,medium,0.760644914,high,0.296504,low,0.331203,low
19,77,"3,3",3,3,6.264982043,Top Left,m,6.51 late,6.51,correct,TRUE,0.501834,9.203473626,medium,0.269606409,low,15.24917709,12.38486797,0.619907995,medium,0.670961945,medium,0.249213,low,0.374208,low
19,78,"6,9",6,9,0.5,Bottom Right,m,0.6,0.6,correct,FALSE,0.504844,8.173941,low,0.293603408,low,11.09340575,13.34785152,0.511369419,medium,0.68037281,medium,0.357873,low,0.275719,low
19,79,"2,4",2,4,6.020797289,Top Left,l,0.73,0.73,correct,FALSE,0.134134,11.80467834,high,0.122054988,low,12.51678937,14.30177144,0.442517027,medium,0.571714239,medium,0.682246,medium,0.26678,low
19,80,"2,8",2,8,4.031128874,Top Left,m,did not see,did not see,incorrect,FALSE,0.496145,7.437528461,low,0.246270248,low,10.94292144,11.86846537,0.530839105,medium,0.515177493,medium,0.622473,medium,0.76804,high
19,81,"1,6",1,6,5.590169944,Top Left,h,did not see,did not see,incorrect,FALSE,0.754725,8.856830277,medium,0.309107906,low,10.27276575,14.64687878,0.52115134,medium,0.721206637,high,0.33695,low,0.405107,low
19,82,"5,2",5,2,6.576473219,Top Left,m,4.49,4.49,correct,FALSE,0.502767,12.18970349,high,0.370590399,low,12.53660953,16.26785348,0.578909406,medium,0.817709103,high,0.508171,medium,0.842493,high
19,83,"6,1",6,1,7.5,Bottom Left,h,7.44 late,7.44,correct,TRUE,0.783743,8.069105067,low,0.315587139,low,14.13795403,11.04942283,0.698799689,medium,0.520001095,medium,0.464173,low,0.492382,low
19,84,"11,11",11,11,5.590169944,Bottom Right,m,did not see,did not see,incorrect,FALSE,0.500313,7.72330069,low,0.243319301,low,14.53998244,10.58344222,0.636649044,medium,0.48022524,medium,0.609538,medium,0.67236,medium
19,85,"4,14",4,14,5.852349955,Top Right,h,1.32,1.32,correct,FALSE,0.735171,11.88798567,high,0.457684982,medium,12.98160823,14.25592469,0.640851092,medium,0.74554436,high,0.620534,medium,0.690039,medium
19,86,"9,12",9,12,4.609772229,Bottom Right,m,0.8,0.8,correct,FALSE,0.499084,10.24915996,high,0.436772256,medium,11.75493408,16.89304023,0.653406285,medium,0.859242589,high,0.256873,low,0.324843,low
19,87,"3,13",3,13,5.408326913,Top Right,l,1.43,1.43,correct,FALSE,0.148752,7.830256908,low,0.087852,low,11.31387763,14.11025248,0.462885969,medium,0.559545804,medium,0.344234,low,0.327035,low
19,88,"11,10",11,10,5.220153254,Bottom Right,h,did not see,did not see,incorrect,FALSE,0.7424,7.486701604,low,0.319743383,low,11.55579275,12.08806228,0.593751088,medium,0.661036,medium,0.472472,low,0.497795,low
19,89,"7,13",7,13,4.609772229,Bottom Right,m,1.9,1.9,correct,FALSE,0.500695,8.19808684,low,0.391253477,low,10.44949291,15.81823347,0.604299494,medium,0.829366988,high,0.453987,low,0.412429,low
19,90,"5,7",5,7,1.802775638,Top Left,h,0.64,0.64,correct,FALSE,0.747937,9.302374,medium,0.146219451,low,10.57046,14.78080315,0.399254733,low,0.647512864,medium,0.69043,medium,0.785063,high
19,91,"4,12",4,12,4.031128874,Top Right,h,1.01,1.01,correct,FALSE,0.73963,12.75788073,high,0.582858012,medium,14.37935683,16.55274693,0.761275298,high,0.874402618,high,0.655942,medium,0.78649,high
19,92,"6,5",6,5,3.5,Bottom Left,h,0.62,0.62,correct,FALSE,0.758518,9.521109396,medium,0.375644685,low,10.9699314,19.57951928,0.61443564,medium,0.85735487,high,0.27523,low,0.468925,low
19,93,"3,11",3,11,3.905124838,Top Right,h,early,early,incorrect,FALSE,0.739741,12.97809717,high,0.57621325,medium,14.39417639,14.49449471,0.702438435,high,0.722998537,high,0.300628,low,0.368617,low
19,94,"4,10",4,10,2.5,Top Right,m,0.7,0.7,correct,FALSE,0.500548,9.500195729,medium,0.379485994,low,11.42713543,15.01084666,0.587086094,medium,0.82090987,high,0.378461,low,0.409957,low
19,95,"6,15",6,15,6.5,Bottom Right,l,7.12 late,7.12,correct,TRUE,0.152267,9.618126041,medium,0.19610824,low,12.4081962,13.77561861,0.522964476,medium,0.647909571,medium,0.26877,low,0.249944,low
19,96,"4,13",4,13,4.924428901,Top Right,m,0.77,0.77,correct,FALSE,0.501955,8.517266207,low,0.320700471,low,9.451031975,21.99689751,0.520800385,medium,0.866837749,high,0.510757,medium,0.852494,high
19,97,"8,15",8,15,6.800735254,Bottom Right,h,1.27,1.27,correct,FALSE,0.734422,8.71238593,medium,0.197689989,low,9.394358316,14.47228739,0.326145567,low,0.696217668,medium,0.591615,medium,0.755431,high
19,98,"2,13",2,13,6.020797289,Top Right,h,0.85,0.85,correct,FALSE,0.738029,10.64411116,high,0.13457586,low,12.52655438,14.81016024,0.37620482,low,0.700008516,high,0.311062,low,0.342227,low
19,99,"5,12",5,12,3.640054945,Top Right,l,1.69,1.69,correct,FALSE,0.14642,8.459853003,low,0.061378,low,11.75766421,13.21337404,0.433901126,medium,0.52457487,medium,0.292993,low,0.374829,low
19,100,"2,7",2,7,4.272001873,Top Left,h,2.42,2.42,correct,FALSE,0.750853,10.83670903,high,0.346841904,low,13.92310566,13.91547688,0.600680487,medium,0.745452,high,0.392602,low,0.384493,low
19,101,"8,13",8,13,4.924428901,Bottom Right,h,6.74 late,6.74,correct,TRUE,0.733349,8.535357277,low,0.152199734,low,13.92567612,11.80376331,0.452735111,medium,0.619001128,medium,0.36034,low,0.389775,low
20,1,"1,8",1,8,5.024937811,Top Left,l,did not see,did not see,incorrect,FALSE,0.140666,10.43548707,high,0.147774762,low,12.36143857,12.58136712,0.333545032,low,0.608577825,medium,0.198327,low,0.78928,high
20,2,"6,12",6,12,3.5,Bottom Right,m,1.28,1.28,correct,FALSE,0.500156,7.801163073,low,0.335256932,low,10.65907573,14.97632894,0.585893888,medium,0.806898182,high,0.331647,low,0.475351,low
20,3,"5,7",5,7,1.802775638,Top Left,h,0.87,0.87,correct,FALSE,0.747937,9.302374,medium,0.146219451,low,10.57046,14.78080315,0.399254733,low,0.647512864,medium,0.69043,medium,0.785063,high
20,4,"2,5",2,5,5.315072906,Top Left,m,0.76,0.76,correct,FALSE,0.499479,9.882301288,medium,0.348527167,low,11.37682503,13.61966925,0.567416182,medium,0.6647829,medium,0.436669,low,0.593175,medium
20,5,"6,7",6,7,1.5,Bottom Left,l,0.82,0.82,correct,FALSE,0.140702,9.368791299,medium,0.253334812,low,10.28533586,20.54707722,0.498136795,medium,0.82694999,high,0.31958,low,0.609008,medium
20,6,"6,1",6,1,7.5,Bottom Left,h,0.89,0.89,correct,FALSE,0.783743,8.069105067,low,0.315587139,low,14.13795403,11.04942283,0.698799689,medium,0.520001095,medium,0.464173,low,0.492382,low
20,7,"2,5",2,5,5.315072906,Top Left,m,0.8,0.8,correct,FALSE,0.499479,9.882301288,medium,0.348527167,low,11.37682503,13.61966925,0.567416182,medium,0.6647829,medium,0.436669,low,0.593175,medium
20,8,"5,9",5,9,1.118033989,Top Right,l,0.87,0.87,correct,FALSE,0.144013,10.1573656,high,0.315364198,low,11.43292894,16.38790518,0.536672831,medium,0.808671829,high,0.262363,low,0.473711,low
20,9,"1,4",1,4,6.726812024,Top Left,h,1,1,correct,FALSE,0.775971,9.826318,medium,0.18007873,low,12.10056338,13.42246571,0.422549622,medium,0.648673698,medium,0.358936,low,0.397134,low
20,10,"11,12",11,12,6.103277808,Bottom Right,l,did not see,did not see,incorrect,FALSE,0.149208,6.964910345,low,0.205383878,low,11.37227671,11.36056335,0.513272278,medium,0.60665,medium,0.250617,low,0.465814,low
20,11,"7,6",7,6,2.692582404,Bottom Left,h,0.85,0.85,correct,FALSE,0.756419,11.65619691,high,0.275797555,low,14.48470332,13.39998735,0.527994,medium,0.712493068,high,0.280259,low,0.343404,low
20,12,"2,6",2,6,4.716990566,Top Left,l,early,early,incorrect,FALSE,0.137677,9.56870836,medium,0.265540002,low,10.68589655,17.76339604,0.512944441,medium,0.817970532,high,0.211048,low,0.855506,high
20,13,"8,8",8,8,2.061552813,Bottom Left,m,1.4,1.4,correct,FALSE,0.493819,7.823545292,low,0.214039562,low,10.49018996,13.59269788,0.461056536,medium,0.690899417,medium,0.416045,low,0.720582,high
20,14,"6,12",6,12,3.5,Bottom Right,m,early,early,incorrect,FALSE,0.500156,7.801163073,low,0.335256932,low,10.65907573,14.97632894,0.585893888,medium,0.806898182,high,0.331647,low,0.475351,low
20,15,"10,9",10,9,4.031128874,Bottom Right,h,did not see,did not see,incorrect,FALSE,0.740666,7.720993015,low,0.09442,low,9.414941719,20.20555172,0.366135278,low,0.756319945,high,0.725229,high,0.872892,high
20,16,"6,11",6,11,2.5,Bottom Right,h,0.87,0.87,correct,FALSE,0.739862,10.99470967,high,0.385230702,low,14.87441399,13.37617557,0.635635585,medium,0.69913905,medium,0.441565,low,0.4804,low
20,17,"1,14",1,14,7.433034374,Top Right,h,1.07,1.07,correct,FALSE,0.736799,10.48444,high,0.269980479,low,12.62634897,13.54333989,0.496518415,medium,0.670272006,medium,0.656448,medium,0.815978,high
20,18,"6,5",6,5,3.5,Bottom Left,h,0.98,0.98,correct,FALSE,0.758518,9.521109396,medium,0.375644685,low,10.9699314,19.57951928,0.61443564,medium,0.85735487,high,0.27523,low,0.468925,low
20,19,"5,2",5,2,6.576473219,Top Left,m,0.9,0.9,correct,FALSE,0.502767,12.18970349,high,0.370590399,low,12.53660953,16.26785348,0.578909406,medium,0.817709103,high,0.508171,medium,0.842493,high
20,20,"3,10",3,10,3.354101966,Top Right,l,0.72,0.72,correct,FALSE,0.144849,6.369818919,low,0.232284989,low,7.812647392,17.3506997,0.415176996,medium,0.834617823,high,0.243589,low,0.628278,medium
20,21,"3,10",3,10,3.354101966,Top Right,l,0.77,0.77,correct,FALSE,0.144849,6.369818919,low,0.232284989,low,7.812647392,17.3506997,0.415176996,medium,0.834617823,high,0.243589,low,0.628278,medium
20,22,"1,11",1,11,5.590169944,Top Right,l,2.45,2.45,correct,FALSE,0.14591,10.34087244,high,0.174811309,low,12.78446874,16.312975,0.512083092,medium,0.738746642,high,0.319124,low,0.228091,low
20,23,"3,7",3,7,3.354101966,Top Left,l,1.36,1.36,correct,FALSE,0.138609,7.915379776,low,0.135603743,low,15.00597891,11.34854427,0.536714869,medium,0.567697923,medium,0.350456,low,0.343107,low
20,24,"2,2",2,2,7.632168761,Top Left,m,1.19,1.19,correct,FALSE,0.503448,7.575062934,low,0.261009,low,11.01136572,13.10773724,0.527858233,medium,0.692547368,medium,0.40163,low,0.355659,low
20,25,"10,7",10,7,4.272001873,Bottom Left,m,0.82,0.82,correct,FALSE,0.508513,8.513237656,low,0.403968,medium,13.23805087,13.34985898,0.677701305,medium,0.793334185,high,0.264864,low,0.374528,low
20,26,"1,14",1,14,7.433034374,Top Right,h,0.18,0.18,correct,FALSE,0.736799,10.48444,high,0.269980479,low,12.62634897,13.54333989,0.496518415,medium,0.670272006,medium,0.656448,medium,0.815978,high
20,27,"8,5",8,5,4.031128874,Bottom Left,m,0.91,0.91,correct,FALSE,0.49912,6.812006337,low,0.310318732,low,9.163600247,15.69251421,0.535395161,medium,0.817047539,high,0.535063,medium,0.876311,high
20,28,"4,7",4,7,2.5,Top Left,m,0.69,0.69,correct,FALSE,0.501152,10.45108603,high,0.369602246,low,13.5879752,13.63761844,0.633729766,medium,0.711391657,high,0.578822,medium,0.878454,high
20,29,"2,7",2,7,4.272001873,Top Left,h,1.18,1.18,correct,FALSE,0.750853,10.83670903,high,0.346841904,low,13.92310566,13.91547688,0.600680487,medium,0.745452,high,0.392602,low,0.384493,low
20,30,"1,13",1,13,6.726812024,Top Right,m,0.72,0.72,correct,FALSE,0.49857,9.424437687,medium,0.102606722,low,10.59092374,17.55094477,0.402535668,medium,0.718065483,high,0.477183,low,0.378888,low
20,31,"6,7",6,7,1.5,Bottom Left,l,0.78,0.78,correct,FALSE,0.140702,9.368791299,medium,0.253334812,low,10.28533586,20.54707722,0.498136795,medium,0.82694999,high,0.31958,low,0.609008,medium
20,32,"7,7",7,7,1.802775638,Bottom Left,m,0.76,0.76,correct,FALSE,0.502215,8.656773238,low,0.422748638,medium,12.36911757,15.11340049,0.665249717,medium,0.783442259,high,0.661167,medium,0.560356,medium
20,33,"2,6",2,6,4.716990566,Top Left,l,0.74,0.74,correct,FALSE,0.137677,9.56870836,medium,0.265540002,low,10.68589655,17.76339604,0.512944441,medium,0.817970532,high,0.211048,low,0.855506,high
20,34,"8,15",8,15,6.800735254,Bottom Right,h,1.02,1.02,correct,FALSE,0.734422,8.71238593,medium,0.197689989,low,9.394358316,14.47228739,0.326145567,low,0.696217668,medium,0.591615,medium,0.755431,high
20,35,"8,7",8,7,2.5,Bottom Left,h,0.76,0.76,correct,FALSE,0.74669,14.17952972,high,0.45948622,medium,13.6085613,14.22007998,0.615035934,medium,0.631418009,medium,0.74661,high,0.843826,high
20,36,"9,7",9,7,3.354101966,Bottom Left,l,0.98,0.98,correct,FALSE,0.139933,10.0626,high,0.16400719,low,14.65662339,13.56802904,0.536818127,medium,0.669926803,medium,0.341348,low,0.279165,low
20,37,"6,12",6,12,3.5,Bottom Right,m,1.05,1.05,correct,FALSE,0.500156,7.801163073,low,0.335256932,low,10.65907573,14.97632894,0.585893888,medium,0.806898182,high,0.331647,low,0.475351,low
20,38,"7,3",7,3,5.590169944,Bottom Left,h,did not see,did not see,incorrect,FALSE,0.774946,9.724362425,medium,0.197498191,low,14.74645657,13.75065309,0.475417485,medium,0.734164,high,0.791478,high,0.899087,high
20,39,"1,6",1,6,5.590169944,Top Left,h,1.07,1.07,correct,FALSE,0.754725,8.856830277,medium,0.309107906,low,10.27276575,14.64687878,0.52115134,medium,0.721206637,high,0.33695,low,0.405107,low
20,40,"6,5",6,5,3.5,Bottom Left,h,0.66,0.66,correct,FALSE,0.758518,9.521109396,medium,0.375644685,low,10.9699314,19.57951928,0.61443564,medium,0.85735487,high,0.27523,low,0.468925,low
20,41,"11,6",11,6,5.590169944,Bottom Left,l,0.93,0.93,correct,FALSE,0.138655,10.11144153,high,0.280991005,low,12.95081191,13.53206151,0.560805841,medium,0.59694758,medium,0.295198,low,0.276641,low
20,42,"2,9",2,9,4.031128874,Top Right,l,0.64,0.64,correct,FALSE,0.141383,5.259092283,low,0.191067006,low,7.472157105,15.11903036,0.407429085,medium,0.794420219,high,0.422637,low,0.339625,low
20,43,"2,2",2,2,7.632168761,Top Left,m,2.79,2.79,correct,FALSE,0.503448,7.575062934,low,0.261009,low,11.01136572,13.10773724,0.527858233,medium,0.692547368,medium,0.40163,low,0.355659,low
20,44,"9,12",9,12,4.609772229,Bottom Right,m,0.7,0.7,correct,FALSE,0.499084,10.24915996,high,0.436772256,medium,11.75493408,16.89304023,0.653406285,medium,0.859242589,high,0.256873,low,0.324843,low
20,45,"7,4",7,4,4.609772229,Bottom Left,h,0.58,0.58,correct,FALSE,0.762415,9.644809178,medium,0.086051,low,9.657204442,16.28263827,0.258281309,low,0.722620507,high,0.387356,low,0.400922,low
20,46,"7,10",7,10,1.802775638,Bottom Right,m,0.61,0.61,correct,FALSE,0.504616,8.846064443,medium,0.264185511,low,10.39642952,15.29320027,0.498121412,medium,0.767084075,high,0.482822,low,0.627348,medium
20,47,"5,8",5,8,1.118033989,Top Left,m,0.87,0.87,correct,FALSE,0.497437,11.394567,high,0.45873101,medium,13.99918661,15.82898247,0.691293555,medium,0.842318768,high,0.388635,low,0.537615,medium
20,48,"2,8",2,8,4.031128874,Top Left,m,0.71,0.71,correct,FALSE,0.496145,7.437528461,low,0.246270248,low,10.94292144,11.86846537,0.530839105,medium,0.515177493,medium,0.622473,medium,0.76804,high
20,49,"2,6",2,6,4.716990566,Top Left,l,0.75,0.75,correct,FALSE,0.137677,9.56870836,medium,0.265540002,low,10.68589655,17.76339604,0.512944441,medium,0.817970532,high,0.211048,low,0.855506,high
20,50,"11,12",11,12,6.103277808,Bottom Right,l,did not see,did not see,incorrect,FALSE,0.149208,6.964910345,low,0.205383878,low,11.37227671,11.36056335,0.513272278,medium,0.60665,medium,0.250617,low,0.465814,low
20,51,"5,12",5,12,3.640054945,Top Right,l,1.27,1.27,correct,FALSE,0.14642,8.459853003,low,0.061378,low,11.75766421,13.21337404,0.433901126,medium,0.52457487,medium,0.292993,low,0.374829,low
20,52,"4,2",4,2,6.800735254,Top Left,l,0.81,0.81,correct,FALSE,0.132594,8.384166337,low,0.187199346,low,10.43115729,14.61057,0.474703557,medium,0.638381719,medium,0.659985,medium,0.502528,medium
20,53,"4,4",4,4,4.924428901,Top Left,h,0.71,0.71,correct,FALSE,0.771979,7.208511187,low,0.285060423,low,9.166194,16.83160892,0.500389391,medium,0.766199896,high,0.752833,high,0.835335,high
20,54,"6,11",6,11,2.5,Bottom Right,h,0.91,0.91,correct,FALSE,0.739862,10.99470967,high,0.385230702,low,14.87441399,13.37617557,0.635635585,medium,0.69913905,medium,0.441565,low,0.4804,low
20,55,"8,14",8,14,5.852349955,Bottom Right,l,5.82,5.82,correct,FALSE,0.149415,4.954621676,low,0.185790744,low,12.97410347,9.090461796,0.702571619,high,0.438975857,medium,0.451169,low,0.355001,low
20,56,"8,3",8,3,5.852349955,Bottom Left,l,0.78,0.78,correct,FALSE,0.132426,8.622265,low,0.330608731,low,12.90807718,12.5445627,0.668523,medium,0.630429519,medium,0.154598,low,0.922716,high
20,57,"7,12",7,12,3.640054945,Bottom Right,h,0.81,0.81,correct,FALSE,0.739467,6.976369602,low,0.340689819,low,11.06907313,12.92668959,0.625368526,medium,0.716007003,high,0.745872,high,0.889333,high
20,58,"6,9",6,9,0.5,Bottom Right,m,1,1,correct,FALSE,0.504844,8.173941,low,0.293603408,low,11.09340575,13.34785152,0.511369419,medium,0.68037281,medium,0.357873,low,0.275719,low
20,59,"1,4",1,4,6.726812024,Top Left,h,early,early,incorrect,FALSE,0.775971,9.826318,medium,0.18007873,low,12.10056338,13.42246571,0.422549622,medium,0.648673698,medium,0.358936,low,0.397134,low
20,60,"9,11",9,11,3.905124838,Bottom Right,h,1.01,1.01,correct,FALSE,0.736154,8.760130193,medium,0.217604518,low,11.7019116,14.37227722,0.512020649,medium,0.729585118,high,0.657147,medium,0.740195,high
20,61,"5,15",5,15,6.576473219,Top Right,h,1.6,1.6,correct,FALSE,0.734458,14.61259528,high,0.585803592,medium,16.08146739,17.26127998,0.746652017,high,0.882695024,high,0.396808,low,0.345057,low
20,62,"10,7",10,7,4.272001873,Bottom Left,m,0.87,0.87,correct,FALSE,0.508513,8.513237656,low,0.403968,medium,13.23805087,13.34985898,0.677701305,medium,0.793334185,high,0.264864,low,0.374528,low
20,63,"7,11",7,11,2.692582404,Bottom Right,l,0.77,0.77,correct,FALSE,0.147853,9.569433646,medium,0.158388029,low,14.32793183,11.50281917,0.525956898,medium,0.516750079,medium,0.351476,low,0.475164,low
20,64,"2,10",2,10,4.272001873,Top Right,h,0.64,0.64,correct,FALSE,0.742032,10.62671603,high,0.172589076,low,12.72105262,13.472514,0.479026913,medium,0.597659753,medium,0.409177,low,0.337879,low
20,65,"2,5",2,5,5.315072906,Top Left,m,0.57,0.57,correct,FALSE,0.499479,9.882301288,medium,0.348527167,low,11.37682503,13.61966925,0.567416182,medium,0.6647829,medium,0.436669,low,0.593175,medium
20,66,"5,3",5,3,5.590169944,Top Left,l,0.74,0.74,correct,FALSE,0.1342,9.967776817,medium,0.331556565,low,11.66729724,18.18540653,0.585238831,medium,0.847005986,high,0.293884,low,0.236578,low
20,67,"8,7",8,7,2.5,Bottom Left,h,1.11,1.11,correct,FALSE,0.74669,14.17952972,high,0.45948622,medium,13.6085613,14.22007998,0.615035934,medium,0.631418009,medium,0.74661,high,0.843826,high
20,68,"2,4",2,4,6.020797289,Top Left,l,0.94,0.94,correct,FALSE,0.134134,11.80467834,high,0.122054988,low,12.51678937,14.30177144,0.442517027,medium,0.571714239,medium,0.682246,medium,0.26678,low
20,69,"8,14",8,14,5.852349955,Bottom Right,l,5.48,5.48,correct,FALSE,0.149415,4.954621676,low,0.185790744,low,12.97410347,9.090461796,0.702571619,high,0.438975857,medium,0.451169,low,0.355001,low
20,70,"11,7",11,7,5.220153254,Bottom Left,h,0.88,0.88,correct,FALSE,0.747791,11.71577541,high,0.618379163,medium,12.40029397,17.66404566,0.755906877,high,0.896580792,high,0.750809,high,0.883692,high
20,71,"10,11",10,11,4.716990566,Bottom Right,l,0.71,0.71,correct,FALSE,0.151233,10.4232526,high,0.15361466,low,10.79656751,16.32892687,0.415566775,medium,0.720374659,high,0.277529,low,0.680981,medium
20,72,"3,2",3,2,7.158910532,Top Left,h,1.03,1.03,correct,FALSE,0.782826,9.207862,medium,0.068957,low,12.8432402,12.83890738,0.405530723,medium,0.554326117,medium,0.766983,high,0.868293,high
20,73,"4,2",4,2,6.800735254,Top Left,l,0.67,0.67,correct,FALSE,0.132594,8.384166337,low,0.187199346,low,10.43115729,14.61057,0.474703557,medium,0.638381719,medium,0.659985,medium,0.502528,medium
20,74,"10,11",10,11,4.716990566,Bottom Right,l,0.62,0.62,correct,FALSE,0.151233,10.4232526,high,0.15361466,low,10.79656751,16.32892687,0.415566775,medium,0.720374659,high,0.277529,low,0.680981,medium
20,75,"7,14",7,14,5.590169944,Bottom Right,h,0.61,0.61,correct,FALSE,0.730382,10.20810724,high,0.368456249,low,10.20322957,18.98257046,0.520062077,medium,0.858920336,high,0.657745,medium,0.844669,high
20,76,"5,16",5,16,7.566372975,Top Right,h,0.9,0.9,correct,FALSE,0.731307,10.95698507,high,0.480901337,medium,15.20775849,13.56801681,0.741333493,high,0.771739,high,0.474986,low,0.409619,low
20,77,"10,5",10,5,5.315072906,Bottom Left,l,7.45 late,7.45,correct,TRUE,0.137856,7.803767458,low,0.276825733,low,12.60270677,12.84937797,0.566765303,medium,0.708577117,high,0.202157,low,0.649259,medium
20,78,"10,7",10,7,4.272001873,Bottom Left,m,0.94,0.94,correct,FALSE,0.508513,8.513237656,low,0.403968,medium,13.23805087,13.34985898,0.677701305,medium,0.793334185,high,0.264864,low,0.374528,low
20,79,"3,10",3,10,3.354101966,Top Right,l,0.73,0.73,correct,FALSE,0.144849,6.369818919,low,0.232284989,low,7.812647392,17.3506997,0.415176996,medium,0.834617823,high,0.243589,low,0.628278,medium
20,80,"6,6",6,6,2.5,Bottom Left,m,0.85,0.85,correct,FALSE,0.50213,9.303835705,medium,0.344452753,low,12.30512571,15.10671503,0.616769859,medium,0.778462511,high,0.495231,low,0.379595,low
20,81,"3,11",3,11,3.905124838,Top Right,h,0.79,0.79,correct,FALSE,0.739741,12.97809717,high,0.57621325,medium,14.39417639,14.49449471,0.702438435,high,0.722998537,high,0.300628,low,0.368617,low
20,82,"6,1",6,1,7.5,Bottom Left,h,0.83,0.83,correct,FALSE,0.783743,8.069105067,low,0.315587139,low,14.13795403,11.04942283,0.698799689,medium,0.520001095,medium,0.464173,low,0.492382,low
20,83,"4,9",4,9,2.061552813,Top Right,h,0.72,0.72,correct,FALSE,0.74565,9.568562195,medium,0.394468384,low,13.91901641,13.32669257,0.663254697,medium,0.759413784,high,0.406466,low,0.418488,low
20,84,"4,12",4,12,4.031128874,Top Right,h,0.82,0.82,correct,FALSE,0.73963,12.75788073,high,0.582858012,medium,14.37935683,16.55274693,0.761275298,high,0.874402618,high,0.655942,medium,0.78649,high
20,85,"5,7",5,7,1.802775638,Top Left,h,0.71,0.71,correct,FALSE,0.747937,9.302374,medium,0.146219451,low,10.57046,14.78080315,0.399254733,low,0.647512864,medium,0.69043,medium,0.785063,high
20,86,"7,16",7,16,7.566372975,Bottom Right,m,0.87,0.87,correct,FALSE,0.500357,8.320421817,low,0.28431279,low,12.83948864,11.43907949,0.658612976,medium,0.498369677,medium,0.369187,low,0.296237,low
20,87,"3,14",3,14,6.264982043,Top Right,m,0.6,0.6,correct,FALSE,0.499892,8.937116676,medium,0.307539235,low,11.82424497,12.43097484,0.52331,medium,0.615030286,medium,0.6662,medium,0.656165,medium
20,88,"10,5",10,5,5.315072906,Bottom Left,l,2.64,2.64,correct,FALSE,0.137856,7.803767458,low,0.276825733,low,12.60270677,12.84937797,0.566765303,medium,0.708577117,high,0.202157,low,0.649259,medium
20,89,"9,12",9,12,4.609772229,Bottom Right,m,0.82,0.82,correct,FALSE,0.499084,10.24915996,high,0.436772256,medium,11.75493408,16.89304023,0.653406285,medium,0.859242589,high,0.256873,low,0.324843,low
20,90,"5,15",5,15,6.576473219,Top Right,h,0.93,0.93,correct,FALSE,0.734458,14.61259528,high,0.585803592,medium,16.08146739,17.26127998,0.746652017,high,0.882695024,high,0.396808,low,0.345057,low
20,91,"5,5",5,5,3.640054945,Top Left,m,0.78,0.78,correct,FALSE,0.502465,11.24589236,high,0.273838784,low,14.15985759,13.58914319,0.562401451,medium,0.693121,medium,0.359365,low,0.346689,low
20,92,"5,4",5,4,4.609772229,Top Left,l,0.8,0.8,correct,FALSE,0.136391,8.757408692,medium,0.090708,low,16.68725905,10.80687347,0.520577217,medium,0.421863859,medium,0.539504,medium,0.356104,low
20,93,"8,13",8,13,4.924428901,Bottom Right,h,0.74,0.74,correct,FALSE,0.733349,8.535357277,low,0.152199734,low,13.92567612,11.80376331,0.452735111,medium,0.619001128,medium,0.36034,low,0.389775,low
20,94,"6,10",6,10,1.5,Bottom Right,l,0.86,0.86,correct,FALSE,0.146857,11.94292328,high,0.210823548,low,11.88992384,18.3679121,0.506691517,medium,0.761694893,high,0.266352,low,0.499291,low
20,95,"4,10",4,10,2.5,Top Right,m,0.66,0.66,correct,FALSE,0.500548,9.500195729,medium,0.379485994,low,11.42713543,15.01084666,0.587086094,medium,0.82090987,high,0.378461,low,0.409957,low
20,96,"4,3",4,3,5.852349955,Top Left,h,0.54,0.54,correct,FALSE,0.772261,9.899753,medium,0.08748,low,11.70435798,13.81879873,0.328804827,low,0.628036947,medium,0.232922,low,0.327436,low
20,97,"5,3",5,3,5.590169944,Top Left,l,0.72,0.72,correct,FALSE,0.1342,9.967776817,medium,0.331556565,low,11.66729724,18.18540653,0.585238831,medium,0.847005986,high,0.293884,low,0.236578,low
20,98,"4,4",4,4,4.924428901,Top Left,h,0.61,0.61,correct,FALSE,0.771979,7.208511187,low,0.285060423,low,9.166194,16.83160892,0.500389391,medium,0.766199896,high,0.752833,high,0.835335,high
20,99,"6,15",6,15,6.5,Bottom Right,l,0.84,0.84,correct,FALSE,0.152267,9.618126041,medium,0.19610824,low,12.4081962,13.77561861,0.522964476,medium,0.647909571,medium,0.26877,low,0.249944,low
20,100,"7,14",7,14,5.590169944,Bottom Right,h,0.54,0.54,correct,FALSE,0.730382,10.20810724,high,0.368456249,low,10.20322957,18.98257046,0.520062077,medium,0.858920336,high,0.657745,medium,0.844669,high
21,1,"8,2",8,2,6.800735254,Bottom Left,m,1.04,1.04,correct,FALSE,0.503689,10.48672742,high,0.323602818,low,13.37275327,14.35221457,0.604297192,medium,0.728889203,high,0.427817,low,0.494826,low
21,2,"10,8",10,8,4.031128874,Bottom Left,l,did not see,did not see,incorrect,FALSE,0.14553,9.794274695,medium,0.185166605,low,14.24197055,14.41046095,0.506931,medium,0.733222414,high,0.347868,low,0.354189,low
21,3,"2,14",2,14,6.800735254,Top Right,l,1.06,1.06,correct,FALSE,0.153089,6.198447454,low,0.126601005,low,7.534082099,16.9978782,0.269930049,low,0.786624921,high,0.208594,low,0.843005,high
21,4,"5,15",5,15,6.576473219,Top Right,h,8.30 late,8.3,correct,TRUE,0.734458,14.61259528,high,0.585803592,medium,16.08146739,17.26127998,0.746652017,high,0.882695024,high,0.396808,low,0.345057,low
21,5,"10,8",10,8,4.031128874,Bottom Left,l,2.19,2.19,correct,FALSE,0.14553,9.794274695,medium,0.185166605,low,14.24197055,14.41046095,0.506931,medium,0.733222414,high,0.347868,low,0.354189,low
21,6,"2,11",2,11,4.716990566,Top Right,m,did not see,did not see,incorrect,FALSE,0.507319,8.711511,medium,0.265492587,low,11.94884922,13.84177221,0.56425953,medium,0.697536209,medium,0.315344,low,0.50332,medium
21,7,"3,10",3,10,3.354101966,Top Right,l,1.94,1.94,correct,FALSE,0.144849,6.369818919,low,0.232284989,low,7.812647392,17.3506997,0.415176996,medium,0.834617823,high,0.243589,low,0.628278,medium
21,8,"2,7",2,7,4.272001873,Top Left,h,early,early,incorrect,FALSE,0.750853,10.83670903,high,0.346841904,low,13.92310566,13.91547688,0.600680487,medium,0.745452,high,0.392602,low,0.384493,low
21,9,"3,4",3,4,5.408326913,Top Left,m,1.09,1.09,correct,FALSE,0.50103,8.780273627,medium,0.417624705,medium,10.29276997,18.19342967,0.625585228,medium,0.862712625,high,0.410524,low,0.395506,low
21,10,"8,9",8,9,2.061552813,Bottom Right,l,0.82,0.82,correct,FALSE,0.144569,10.02450662,medium,0.156656651,low,11.1050448,16.91112941,0.477594117,medium,0.694965002,medium,0.257502,low,0.329008,low
21,11,"8,10",8,10,2.5,Bottom Right,h,0.74,0.74,correct,FALSE,0.741974,10.06407798,high,0.471237997,medium,12.8613049,13.91766946,0.659242311,medium,0.718854645,high,0.764273,high,0.849275,high
21,12,"10,4",10,4,6.020797289,Bottom Left,h,did not see,did not see,incorrect,FALSE,0.766454,9.475999,medium,0.297819217,low,13.01867065,13.95055075,0.536236678,medium,0.749323814,high,0.468754,low,0.527345,medium
21,13,"7,1",7,1,7.566372975,Bottom Left,l,0.76,0.76,correct,FALSE,0.132252,7.582976558,low,0.345801319,low,9.144453936,17.41873825,0.541548451,medium,0.866349973,high,0.213652,low,0.392083,low
21,14,"9,12",9,12,4.609772229,Bottom Right,m,0.72,0.72,correct,FALSE,0.499084,10.24915996,high,0.436772256,medium,11.75493408,16.89304023,0.653406285,medium,0.859242589,high,0.256873,low,0.324843,low
21,15,"8,6",8,6,3.201562119,Bottom Left,l,0.65,0.65,correct,FALSE,0.137514,6.58017712,low,0.175683828,low,11.78284776,11.33352803,0.549881338,medium,0.599510892,medium,0.261824,low,0.237724,low
21,16,"9,9",9,9,3.041381265,Bottom Right,m,1.06,1.06,correct,FALSE,0.501961,7.549186365,low,0.261199008,low,8.747970419,18.6791846,0.440575101,medium,0.832337795,high,0.287744,low,0.277304,low
21,17,"6,4",6,4,4.5,Bottom Left,m,0.56,0.56,correct,FALSE,0.498255,7.890527632,low,0.404747746,medium,11.55185821,12.99825815,0.686819458,medium,0.702595454,high,0.551387,medium,0.71188,high
21,18,"8,2",8,2,6.800735254,Bottom Left,m,0.68,0.68,correct,FALSE,0.503689,10.48672742,high,0.323602818,low,13.37275327,14.35221457,0.604297192,medium,0.728889203,high,0.427817,low,0.494826,low
21,19,"1,5",1,5,6.103277808,Top Left,l,0.8,0.8,correct,FALSE,0.136468,8.949655165,medium,0.179499017,low,14.62175838,11.68992987,0.556387383,medium,0.547019886,medium,0.417885,low,0.495363,low
21,20,"4,1",4,1,7.762087348,Top Left,l,0.63,0.63,correct,FALSE,0.131703,10.19838024,high,0.218051144,low,10.22316355,15.72851359,0.427485508,medium,0.691529169,medium,0.220884,low,0.553676,medium
21,21,"8,11",8,11,3.201562119,Bottom Right,m,did not see,did not see,incorrect,FALSE,0.499336,11.60434128,high,0.365012119,low,14.52275449,13.75396207,0.621860307,medium,0.714992648,high,0.297402,low,0.377662,low
21,22,"9,9",9,9,3.041381265,Bottom Right,m,0.71,0.71,correct,FALSE,0.501961,7.549186365,low,0.261199008,low,8.747970419,18.6791846,0.440575101,medium,0.832337795,high,0.287744,low,0.277304,low
21,23,"10,9",10,9,4.031128874,Bottom Right,h,0.95,0.95,correct,FALSE,0.740666,7.720993015,low,0.09442,low,9.414941719,20.20555172,0.366135278,low,0.756319945,high,0.725229,high,0.872892,high
21,24,"11,11",11,11,5.590169944,Bottom Right,m,did not see,did not see,incorrect,FALSE,0.500313,7.72330069,low,0.243319301,low,14.53998244,10.58344222,0.636649044,medium,0.48022524,medium,0.609538,medium,0.67236,medium
21,25,"4,12",4,12,4.031128874,Top Right,h,0.59,0.59,correct,FALSE,0.73963,12.75788073,high,0.582858012,medium,14.37935683,16.55274693,0.761275298,high,0.874402618,high,0.655942,medium,0.78649,high
21,26,"5,15",5,15,6.576473219,Top Right,h,1.35,1.35,correct,FALSE,0.734458,14.61259528,high,0.585803592,medium,16.08146739,17.26127998,0.746652017,high,0.882695024,high,0.396808,low,0.345057,low
21,27,"3,2",3,2,7.158910532,Top Left,h,1.22,1.22,correct,FALSE,0.782826,9.207862,medium,0.068957,low,12.8432402,12.83890738,0.405530723,medium,0.554326117,medium,0.766983,high,0.868293,high
21,28,"3,1",3,1,8.077747211,Top Left,h,0.9,0.9,correct,FALSE,0.78336,8.98651201,medium,0.199499889,low,11.12865666,12.92687642,0.428102361,medium,0.575487854,medium,0.336643,low,0.347331,low
21,29,"11,12",11,12,6.103277808,Bottom Right,l,did not see,did not see,incorrect,FALSE,0.149208,6.964910345,low,0.205383878,low,11.37227671,11.36056335,0.513272278,medium,0.60665,medium,0.250617,low,0.465814,low
21,30,"9,7",9,7,3.354101966,Bottom Left,l,1.11,1.11,correct,FALSE,0.139933,10.0626,high,0.16400719,low,14.65662339,13.56802904,0.536818127,medium,0.669926803,medium,0.341348,low,0.279165,low
21,31,"5,14",5,14,5.590169944,Top Right,l,0.98,0.98,correct,FALSE,0.148361,7.042300446,low,0.248229732,low,10.42296033,12.87568645,0.51788006,medium,0.693103962,medium,0.383289,low,0.622011,medium
21,32,"3,12",3,12,4.609772229,Top Right,m,1.38,1.38,correct,FALSE,0.503271,11.01952866,high,0.486262059,medium,12.98841629,16.65209115,0.682977,medium,0.854956468,high,0.324602,low,0.423311,low
21,33,"1,4",1,4,6.726812024,Top Left,h,0.86,0.86,correct,FALSE,0.775971,9.826318,medium,0.18007873,low,12.10056338,13.42246571,0.422549622,medium,0.648673698,medium,0.358936,low,0.397134,low
21,34,"9,9",9,9,3.041381265,Bottom Right,m,0.85,0.85,correct,FALSE,0.501961,7.549186365,low,0.261199008,low,8.747970419,18.6791846,0.440575101,medium,0.832337795,high,0.287744,low,0.277304,low
21,35,"4,7",4,7,2.5,Top Left,m,0.74,0.74,correct,FALSE,0.501152,10.45108603,high,0.369602246,low,13.5879752,13.63761844,0.633729766,medium,0.711391657,high,0.578822,medium,0.878454,high
21,36,"9,4",9,4,5.408326913,Bottom Left,m,0.74,0.74,correct,FALSE,0.500631,9.10596,medium,0.292824624,low,11.29495284,13.62086718,0.518292385,medium,0.712222694,high,0.279565,low,0.346036,low
21,37,"2,15",2,15,7.632168761,Top Right,h,0.73,0.73,correct,FALSE,0.733042,7.190191084,low,0.362656063,low,9.38279328,13.76564234,0.551752233,medium,0.766353542,high,0.411468,low,0.391219,low
21,38,"4,7",4,7,2.5,Top Left,m,0.78,0.78,correct,FALSE,0.501152,10.45108603,high,0.369602246,low,13.5879752,13.63761844,0.633729766,medium,0.711391657,high,0.578822,medium,0.878454,high
21,39,"1,9",1,9,5.024937811,Top Right,h,did not see,did not see,incorrect,FALSE,0.746658,4.614111186,low,0.149265881,low,10.49183059,9.696995934,0.512781742,medium,0.479681,medium,0.207347,low,0.183588,low
21,40,"7,12",7,12,3.640054945,Bottom Right,h,0.82,0.82,correct,FALSE,0.739467,6.976369602,low,0.340689819,low,11.06907313,12.92668959,0.625368526,medium,0.716007003,high,0.745872,high,0.889333,high
21,41,"5,15",5,15,6.576473219,Top Right,h,1.19,1.19,correct,FALSE,0.734458,14.61259528,high,0.585803592,medium,16.08146739,17.26127998,0.746652017,high,0.882695024,high,0.396808,low,0.345057,low
21,42,"5,6",5,6,2.692582404,Top Left,l,0.67,0.67,correct,FALSE,0.137007,11.85409478,high,0.301373005,low,13.55548575,15.32652697,0.575947742,medium,0.785880368,high,0.230773,low,0.809041,high
21,43,"4,13",4,13,4.924428901,Top Right,m,0.98,0.98,correct,FALSE,0.501955,8.517266207,low,0.320700471,low,9.451031975,21.99689751,0.520800385,medium,0.866837749,high,0.510757,medium,0.852494,high
21,44,"8,12",8,12,4.031128874,Bottom Right,l,1.1,1.1,correct,FALSE,0.14951,6.7113568,low,0.276203655,low,11.74177958,12.67166615,0.636724214,medium,0.630259853,medium,0.209357,low,0.607968,medium
21,45,"3,1",3,1,8.077747211,Top Left,h,did not see,did not see,incorrect,FALSE,0.78336,8.98651201,medium,0.199499889,low,11.12865666,12.92687642,0.428102361,medium,0.575487854,medium,0.336643,low,0.347331,low
21,46,"5,6",5,6,2.692582404,Top Left,l,0.63,0.63,correct,FALSE,0.137007,11.85409478,high,0.301373005,low,13.55548575,15.32652697,0.575947742,medium,0.785880368,high,0.230773,low,0.809041,high
21,47,"4,8",4,8,2.061552813,Top Left,l,0.73,0.73,correct,FALSE,0.140752,7.796163948,low,0.243730855,low,14.63895589,10.95056531,0.657798728,medium,0.54002838,medium,0.320675,low,0.30832,low
21,48,"9,7",9,7,3.354101966,Bottom Left,l,1.12,1.12,correct,FALSE,0.139933,10.0626,high,0.16400719,low,14.65662339,13.56802904,0.536818127,medium,0.669926803,medium,0.341348,low,0.279165,low
21,49,"7,5",7,5,3.640054945,Bottom Left,l,did not see,did not see,incorrect,FALSE,0.136619,8.412961428,low,0.28125962,low,16.88384777,10.6486613,0.744452681,high,0.485269067,medium,0.423673,low,0.42576,low
21,50,"3,10",3,10,3.354101966,Top Right,l,0.57,0.57,correct,FALSE,0.144849,6.369818919,low,0.232284989,low,7.812647392,17.3506997,0.415176996,medium,0.834617823,high,0.243589,low,0.628278,medium
21,51,"7,3",7,3,5.590169944,Bottom Left,h,1.28,1.28,correct,FALSE,0.774946,9.724362425,medium,0.197498191,low,14.74645657,13.75065309,0.475417485,medium,0.734164,high,0.791478,high,0.899087,high
21,52,"8,2",8,2,6.800735254,Bottom Left,m,0.83,0.83,correct,FALSE,0.503689,10.48672742,high,0.323602818,low,13.37275327,14.35221457,0.604297192,medium,0.728889203,high,0.427817,low,0.494826,low
21,53,"2,7",2,7,4.272001873,Top Left,h,did not see,did not see,incorrect,FALSE,0.750853,10.83670903,high,0.346841904,low,13.92310566,13.91547688,0.600680487,medium,0.745452,high,0.392602,low,0.384493,low
21,54,"3,2",3,2,7.158910532,Top Left,h,1.42,1.42,correct,FALSE,0.782826,9.207862,medium,0.068957,low,12.8432402,12.83890738,0.405530723,medium,0.554326117,medium,0.766983,high,0.868293,high
21,55,"2,5",2,5,5.315072906,Top Left,m,0.89,0.89,correct,FALSE,0.499479,9.882301288,medium,0.348527167,low,11.37682503,13.61966925,0.567416182,medium,0.6647829,medium,0.436669,low,0.593175,medium
21,56,"8,15",8,15,6.800735254,Bottom Right,h,1.34,1.34,correct,FALSE,0.734422,8.71238593,medium,0.197689989,low,9.394358316,14.47228739,0.326145567,low,0.696217668,medium,0.591615,medium,0.755431,high
21,57,"4,14",4,14,5.852349955,Top Right,h,0.67,0.67,correct,FALSE,0.735171,11.88798567,high,0.457684982,medium,12.98160823,14.25592469,0.640851092,medium,0.74554436,high,0.620534,medium,0.690039,medium
21,58,"3,6",3,6,3.905124838,Top Left,m,1.16,1.16,correct,FALSE,0.503727,7.764464,low,0.226812087,low,8.927291831,16.85548215,0.434222,medium,0.769897502,high,0.430121,low,0.489793,low
21,59,"3,14",3,14,6.264982043,Top Right,m,0.81,0.81,correct,FALSE,0.499892,8.937116676,medium,0.307539235,low,11.82424497,12.43097484,0.52331,medium,0.615030286,medium,0.6662,medium,0.656165,medium
21,60,"6,13",6,13,4.5,Bottom Right,l,0.74,0.74,correct,FALSE,0.149463,8.894658798,medium,0.198630146,low,10.14233311,14.99006896,0.434059046,medium,0.656537547,medium,0.607367,medium,0.435968,low
21,61,"7,2",7,2,6.576473219,Bottom Left,l,0.84,0.84,correct,FALSE,0.133131,9.29780517,medium,0.072964,low,13.80752412,11.36289305,0.381276229,low,0.45500579,medium,0.248192,low,0.476955,low
21,62,"7,9",7,9,1.118033989,Bottom Right,h,1.04,1.04,correct,FALSE,0.741072,10.47874979,high,0.105368632,low,13.97430586,14.12906901,0.400642002,medium,0.675553024,medium,0.215563,low,0.248952,low
21,63,"2,7",2,7,4.272001873,Top Left,h,1.16,1.16,correct,FALSE,0.750853,10.83670903,high,0.346841904,low,13.92310566,13.91547688,0.600680487,medium,0.745452,high,0.392602,low,0.384493,low
21,64,"5,4",5,4,4.609772229,Top Left,l,0.85,0.85,correct,FALSE,0.136391,8.757408692,medium,0.090708,low,16.68725905,10.80687347,0.520577217,medium,0.421863859,medium,0.539504,medium,0.356104,low
21,65,"3,15",3,15,7.158910532,Top Right,l,1.57,1.57,correct,FALSE,0.1503,9.074487,medium,0.163994237,low,9.696648316,18.86998291,0.416280813,medium,0.762278638,high,0.394223,low,0.377542,low
21,66,"9,13",9,13,5.408326913,Bottom Right,l,0.96,0.96,correct,FALSE,0.149172,8.84052,medium,0.238928625,low,11.52561954,14.22189736,0.560865373,medium,0.648101,medium,0.311128,low,0.324536,low
21,67,"11,8",11,8,5.024937811,Bottom Left,m,did not see,did not see,incorrect,FALSE,0.502892,8.38158913,low,0.186747736,low,11.24587368,13.01680924,0.501628904,medium,0.585746516,medium,0.26396,low,0.427673,low
21,68,"6,1",6,1,7.5,Bottom Left,h,1.05,1.05,correct,FALSE,0.783743,8.069105067,low,0.315587139,low,14.13795403,11.04942283,0.698799689,medium,0.520001095,medium,0.464173,low,0.492382,low
21,69,"10,4",10,4,6.020797289,Bottom Left,h,did not see,did not see,incorrect,FALSE,0.766454,9.475999,medium,0.297819217,low,13.01867065,13.95055075,0.536236678,medium,0.749323814,high,0.468754,low,0.527345,medium
21,70,"6,6",6,6,2.5,Bottom Left,m,0.96,0.96,correct,FALSE,0.50213,9.303835705,medium,0.344452753,low,12.30512571,15.10671503,0.616769859,medium,0.778462511,high,0.495231,low,0.379595,low
21,71,"9,3",9,3,6.264982043,Bottom Left,m,1.92,1.92,correct,FALSE,0.500359,10.42570256,high,0.309994248,low,13.28985571,14.62567209,0.607134066,medium,0.71786737,high,0.629409,medium,0.703189,high
21,72,"8,10",8,10,2.5,Bottom Right,h,0.7,0.7,correct,FALSE,0.741974,10.06407798,high,0.471237997,medium,12.8613049,13.91766946,0.659242311,medium,0.718854645,high,0.764273,high,0.849275,high
21,73,"1,11",1,11,5.590169944,Top Right,l,did not see,did not see,incorrect,FALSE,0.14591,10.34087244,high,0.174811309,low,12.78446874,16.312975,0.512083092,medium,0.738746642,high,0.319124,low,0.228091,low
21,74,"3,11",3,11,3.905124838,Top Right,h,0.93,0.93,correct,FALSE,0.739741,12.97809717,high,0.57621325,medium,14.39417639,14.49449471,0.702438435,high,0.722998537,high,0.300628,low,0.368617,low
21,75,"2,4",2,4,6.020797289,Top Left,l,2.44,2.44,correct,FALSE,0.134134,11.80467834,high,0.122054988,low,12.51678937,14.30177144,0.442517027,medium,0.571714239,medium,0.682246,medium,0.26678,low
21,76,"9,13",9,13,5.408326913,Bottom Right,l,0.83,0.83,correct,FALSE,0.149172,8.84052,medium,0.238928625,low,11.52561954,14.22189736,0.560865373,medium,0.648101,medium,0.311128,low,0.324536,low
21,77,"11,12",11,12,6.103277808,Bottom Right,l,did not see,did not see,incorrect,FALSE,0.149208,6.964910345,low,0.205383878,low,11.37227671,11.36056335,0.513272278,medium,0.60665,medium,0.250617,low,0.465814,low
21,78,"6,7",6,7,1.5,Bottom Left,l,0.74,0.74,correct,FALSE,0.140702,9.368791299,medium,0.253334812,low,10.28533586,20.54707722,0.498136795,medium,0.82694999,high,0.31958,low,0.609008,medium
21,79,"4,15",4,15,6.800735254,Top Right,m,0.8,0.8,correct,FALSE,0.498275,7.867547353,low,0.335434947,low,11.27061811,13.98475212,0.633041731,medium,0.737636419,high,0.49275,low,0.860712,high
21,80,"4,9",4,9,2.061552813,Top Right,h,0.77,0.77,correct,FALSE,0.74565,9.568562195,medium,0.394468384,low,13.91901641,13.32669257,0.663254697,medium,0.759413784,high,0.406466,low,0.418488,low
21,81,"4,13",4,13,4.924428901,Top Right,m,0.64,0.64,correct,FALSE,0.501955,8.517266207,low,0.320700471,low,9.451031975,21.99689751,0.520800385,medium,0.866837749,high,0.510757,medium,0.852494,high
21,82,"9,11",9,11,3.905124838,Bottom Right,h,0.83,0.83,correct,FALSE,0.736154,8.760130193,medium,0.217604518,low,11.7019116,14.37227722,0.512020649,medium,0.729585118,high,0.657147,medium,0.740195,high
21,83,"3,16",3,16,8.077747211,Top Right,l,did not see,did not see,incorrect,FALSE,0.150855,8.534351401,low,0.321445976,low,13.35129939,12.6983491,0.641644397,medium,0.723125649,high,0.322746,low,0.454032,low
21,84,"6,10",6,10,1.5,Bottom Right,l,0.82,0.82,correct,FALSE,0.146857,11.94292328,high,0.210823548,low,11.88992384,18.3679121,0.506691517,medium,0.761694893,high,0.266352,low,0.499291,low
21,85,"10,13",10,13,6.020797289,Bottom Right,m,0.85,0.85,correct,FALSE,0.500591,10.06340683,high,0.298305425,low,10.13842924,19.49684594,0.474857724,medium,0.850984441,high,0.52999,medium,0.83216,high
21,86,"5,3",5,3,5.590169944,Top Left,l,0.88,0.88,correct,FALSE,0.1342,9.967776817,medium,0.331556565,low,11.66729724,18.18540653,0.585238831,medium,0.847005986,high,0.293884,low,0.236578,low
21,87,"10,11",10,11,4.716990566,Bottom Right,l,1.16,1.16,correct,FALSE,0.151233,10.4232526,high,0.15361466,low,10.79656751,16.32892687,0.415566775,medium,0.720374659,high,0.277529,low,0.680981,medium
21,88,"6,4",6,4,4.5,Bottom Left,m,1.17,1.17,correct,FALSE,0.498255,7.890527632,low,0.404747746,medium,11.55185821,12.99825815,0.686819458,medium,0.702595454,high,0.551387,medium,0.71188,high
21,89,"9,14",9,14,6.264982043,Bottom Right,m,1.87,1.87,correct,FALSE,0.501958,8.100082281,low,0.232398,low,10.25427901,14.93116493,0.483564504,medium,0.751513,high,0.331301,low,0.404129,low
21,90,"5,13",5,13,4.609772229,Top Right,h,0.91,0.91,correct,FALSE,0.736745,11.33257586,high,0.183858439,low,12.73454577,13.35596674,0.467911418,medium,0.584303587,medium,0.405053,low,0.448635,low
21,91,"4,10",4,10,2.5,Top Right,m,0.74,0.74,correct,FALSE,0.500548,9.500195729,medium,0.379485994,low,11.42713543,15.01084666,0.587086094,medium,0.82090987,high,0.378461,low,0.409957,low
21,92,"11,6",11,6,5.590169944,Bottom Left,l,did not see,did not see,incorrect,FALSE,0.138655,10.11144153,high,0.280991005,low,12.95081191,13.53206151,0.560805841,medium,0.59694758,medium,0.295198,low,0.276641,low
21,93,"5,5",5,5,3.640054945,Top Left,m,1.22,1.22,correct,FALSE,0.502465,11.24589236,high,0.273838784,low,14.15985759,13.58914319,0.562401451,medium,0.693121,medium,0.359365,low,0.346689,low
21,94,"3,5",3,5,4.609772229,Top Left,h,0.95,0.95,correct,FALSE,0.757983,10.13658799,high,0.1985744,low,11.71430297,13.95804308,0.426211827,medium,0.650370153,medium,0.287501,low,0.371619,low
21,95,"11,11",11,11,5.590169944,Bottom Right,m,did not see,did not see,incorrect,FALSE,0.500313,7.72330069,low,0.243319301,low,14.53998244,10.58344222,0.636649044,medium,0.48022524,medium,0.609538,medium,0.67236,medium
21,96,"8,7",8,7,2.5,Bottom Left,h,0.76,0.76,correct,FALSE,0.74669,14.17952972,high,0.45948622,medium,13.6085613,14.22007998,0.615035934,medium,0.631418009,medium,0.74661,high,0.843826,high
21,97,"2,12",2,12,5.315072906,Top Right,l,4.99,4.99,correct,FALSE,0.147122,4.198022944,low,0.139917736,low,11.81424932,8.671105795,0.651215233,medium,0.324339742,low,0.463928,low,0.210546,low
21,98,"4,12",4,12,4.031128874,Top Right,h,1.44,1.44,correct,FALSE,0.73963,12.75788073,high,0.582858012,medium,14.37935683,16.55274693,0.761275298,high,0.874402618,high,0.655942,medium,0.78649,high
21,99,"9,10",9,10,3.354101966,Bottom Right,l,1.1,1.1,correct,FALSE,0.146642,4.842865959,low,0.178752532,low,10.02491233,10.40007359,0.543976362,medium,0.577367835,medium,0.272733,low,0.263515,low
21,100,"9,12",9,12,4.609772229,Bottom Right,m,0.74,0.74,correct,FALSE,0.499084,10.24915996,high,0.436772256,medium,11.75493408,16.89304023,0.653406285,medium,0.859242589,high,0.256873,low,0.324843,low
22,1,"10,6",10,6,4.716990566,Bottom Left,h,4.06,4.06,correct,FALSE,0.749555,9.93544233,medium,0.334959898,low,16.19531718,11.9445738,0.673408807,medium,0.601764,medium,0.230714,low,0.194986,low
22,2,"5,4",5,4,4.609772229,Top Left,l,2.34,2.34,correct,FALSE,0.136391,8.757408692,medium,0.090708,low,16.68725905,10.80687347,0.520577217,medium,0.421863859,medium,0.539504,medium,0.356104,low
22,3,"2,12",2,12,5.315072906,Top Right,l,8.11 late,8.11,correct,TRUE,0.147122,4.198022944,low,0.139917736,low,11.81424932,8.671105795,0.651215233,medium,0.324339742,low,0.463928,low,0.210546,low
22,4,"4,14",4,14,5.852349955,Top Right,h,1.06,1.06,correct,FALSE,0.735171,11.88798567,high,0.457684982,medium,12.98160823,14.25592469,0.640851092,medium,0.74554436,high,0.620534,medium,0.690039,medium
22,5,"9,10",9,10,3.354101966,Bottom Right,l,0.85,0.85,correct,FALSE,0.146642,4.842865959,low,0.178752532,low,10.02491233,10.40007359,0.543976362,medium,0.577367835,medium,0.272733,low,0.263515,low
22,6,"2,14",2,14,6.800735254,Top Right,l,0.76,0.76,correct,FALSE,0.153089,6.198447454,low,0.126601005,low,7.534082099,16.9978782,0.269930049,low,0.786624921,high,0.208594,low,0.843005,high
22,7,"11,8",11,8,5.024937811,Bottom Left,m,3.88,3.88,correct,FALSE,0.502892,8.38158913,low,0.186747736,low,11.24587368,13.01680924,0.501628904,medium,0.585746516,medium,0.26396,low,0.427673,low
22,8,"5,14",5,14,5.590169944,Top Right,l,0.72,0.72,correct,FALSE,0.148361,7.042300446,low,0.248229732,low,10.42296033,12.87568645,0.51788006,medium,0.693103962,medium,0.383289,low,0.622011,medium
22,9,"1,9",1,9,5.024937811,Top Right,h,did not see,did not see,incorrect,FALSE,0.746658,4.614111186,low,0.149265881,low,10.49183059,9.696995934,0.512781742,medium,0.479681,medium,0.207347,low,0.183588,low
22,10,"5,14",5,14,5.590169944,Top Right,l,0.9,0.9,correct,FALSE,0.148361,7.042300446,low,0.248229732,low,10.42296033,12.87568645,0.51788006,medium,0.693103962,medium,0.383289,low,0.622011,medium
22,11,"4,6",4,6,3.201562119,Top Left,h,0.63,0.63,correct,FALSE,0.754106,9.296781572,medium,0.211521854,low,12.15512509,12.68434359,0.516418304,medium,0.57710279,medium,0.415739,low,0.422205,low
22,12,"7,11",7,11,2.692582404,Bottom Right,l,0.78,0.78,correct,FALSE,0.147853,9.569433646,medium,0.158388029,low,14.32793183,11.50281917,0.525956898,medium,0.516750079,medium,0.351476,low,0.475164,low
22,13,"2,11",2,11,4.716990566,Top Right,m,1.19,1.19,correct,FALSE,0.507319,8.711511,medium,0.265492587,low,11.94884922,13.84177221,0.56425953,medium,0.697536209,medium,0.315344,low,0.50332,medium
22,14,"7,1",7,1,7.566372975,Bottom Left,l,0.84,0.84,correct,FALSE,0.132252,7.582976558,low,0.345801319,low,9.144453936,17.41873825,0.541548451,medium,0.866349973,high,0.213652,low,0.392083,low
22,15,"6,6",6,6,2.5,Bottom Left,m,0.6,0.6,correct,FALSE,0.50213,9.303835705,medium,0.344452753,low,12.30512571,15.10671503,0.616769859,medium,0.778462511,high,0.495231,low,0.379595,low
22,16,"5,1",5,1,7.566372975,Top Left,m,0.69,0.69,correct,FALSE,0.504358,8.963868659,medium,0.257528758,low,11.74972293,14.17658446,0.518899952,medium,0.760644914,high,0.296504,low,0.331203,low
22,17,"9,4",9,4,5.408326913,Bottom Left,m,0.63,0.63,correct,FALSE,0.500631,9.10596,medium,0.292824624,low,11.29495284,13.62086718,0.518292385,medium,0.712222694,high,0.279565,low,0.346036,low
22,18,"3,2",3,2,7.158910532,Top Left,h,did not see,did not see,incorrect,FALSE,0.782826,9.207862,medium,0.068957,low,12.8432402,12.83890738,0.405530723,medium,0.554326117,medium,0.766983,high,0.868293,high
22,19,"11,6",11,6,5.590169944,Bottom Left,l,0.78,0.78,correct,FALSE,0.138655,10.11144153,high,0.280991005,low,12.95081191,13.53206151,0.560805841,medium,0.59694758,medium,0.295198,low,0.276641,low
22,20,"7,1",7,1,7.566372975,Bottom Left,l,0.9,0.9,correct,FALSE,0.132252,7.582976558,low,0.345801319,low,9.144453936,17.41873825,0.541548451,medium,0.866349973,high,0.213652,low,0.392083,low
22,21,"11,12",11,12,6.103277808,Bottom Right,l,7.07 late,7.07,correct,TRUE,0.149208,6.964910345,low,0.205383878,low,11.37227671,11.36056335,0.513272278,medium,0.60665,medium,0.250617,low,0.465814,low
22,22,"6,9",6,9,0.5,Bottom Right,m,0.85,0.85,correct,FALSE,0.504844,8.173941,low,0.293603408,low,11.09340575,13.34785152,0.511369419,medium,0.68037281,medium,0.357873,low,0.275719,low
22,23,"11,11",11,11,5.590169944,Bottom Right,m,6.98 late,6.98,correct,TRUE,0.500313,7.72330069,low,0.243319301,low,14.53998244,10.58344222,0.636649044,medium,0.48022524,medium,0.609538,medium,0.67236,medium
22,24,"10,5",10,5,5.315072906,Bottom Left,l,6.53 late,6.53,correct,TRUE,0.137856,7.803767458,low,0.276825733,low,12.60270677,12.84937797,0.566765303,medium,0.708577117,high,0.202157,low,0.649259,medium
22,25,"7,8",7,8,1.118033989,Bottom Left,l,0.79,0.79,correct,FALSE,0.141446,8.907897251,medium,0.196729243,low,11.71109844,15.33970314,0.519486562,medium,0.678647,medium,0.510532,medium,0.30426,low
22,26,"3,14",3,14,6.264982043,Top Right,m,did not see,did not see,incorrect,FALSE,0.499892,8.937116676,medium,0.307539235,low,11.82424497,12.43097484,0.52331,medium,0.615030286,medium,0.6662,medium,0.656165,medium
22,27,"10,6",10,6,4.716990566,Bottom Left,h,2.25,2.25,correct,FALSE,0.749555,9.93544233,medium,0.334959898,low,16.19531718,11.9445738,0.673408807,medium,0.601764,medium,0.230714,low,0.194986,low
22,28,"4,4",4,4,4.924428901,Top Left,h,0.82,0.82,correct,FALSE,0.771979,7.208511187,low,0.285060423,low,9.166194,16.83160892,0.500389391,medium,0.766199896,high,0.752833,high,0.835335,high
22,29,"6,4",6,4,4.5,Bottom Left,m,early,early,incorrect,FALSE,0.498255,7.890527632,low,0.404747746,medium,11.55185821,12.99825815,0.686819458,medium,0.702595454,high,0.551387,medium,0.71188,high
22,30,"7,3",7,3,5.590169944,Bottom Left,h,6.34 late,6.34,correct,TRUE,0.774946,9.724362425,medium,0.197498191,low,14.74645657,13.75065309,0.475417485,medium,0.734164,high,0.791478,high,0.899087,high
22,31,"11,6",11,6,5.590169944,Bottom Left,l,3.23,3.23,correct,FALSE,0.138655,10.11144153,high,0.280991005,low,12.95081191,13.53206151,0.560805841,medium,0.59694758,medium,0.295198,low,0.276641,low
22,32,"1,10",1,10,5.220153254,Top Right,m,0.82,0.82,correct,FALSE,0.499959,10.32626235,high,0.286714527,low,11.19447818,14.2366771,0.497438751,medium,0.649467159,medium,0.563235,medium,0.678726,medium
22,33,"5,9",5,9,1.118033989,Top Right,l,0.71,0.71,correct,FALSE,0.144013,10.1573656,high,0.315364198,low,11.43292894,16.38790518,0.536672831,medium,0.808671829,high,0.262363,low,0.473711,low
22,34,"6,12",6,12,3.5,Bottom Right,m,0.67,0.67,correct,FALSE,0.500156,7.801163073,low,0.335256932,low,10.65907573,14.97632894,0.585893888,medium,0.806898182,high,0.331647,low,0.475351,low
22,35,"4,10",4,10,2.5,Top Right,m,0.56,0.56,correct,FALSE,0.500548,9.500195729,medium,0.379485994,low,11.42713543,15.01084666,0.587086094,medium,0.82090987,high,0.378461,low,0.409957,low
22,36,"1,3",1,3,7.433034374,Top Left,h,0.84,0.84,correct,FALSE,0.777352,8.700985643,medium,0.180291529,low,12.53741084,13.09281069,0.495628437,medium,0.627498461,medium,0.271993,low,0.279534,low
22,37,"10,13",10,13,6.020797289,Bottom Right,m,0.73,0.73,correct,FALSE,0.500591,10.06340683,high,0.298305425,low,10.13842924,19.49684594,0.474857724,medium,0.850984441,high,0.52999,medium,0.83216,high
22,38,"2,6",2,6,4.716990566,Top Left,l,0.76,0.76,correct,FALSE,0.137677,9.56870836,medium,0.265540002,low,10.68589655,17.76339604,0.512944441,medium,0.817970532,high,0.211048,low,0.855506,high
22,39,"1,10",1,10,5.220153254,Top Right,m,0.77,0.77,correct,FALSE,0.499959,10.32626235,high,0.286714527,low,11.19447818,14.2366771,0.497438751,medium,0.649467159,medium,0.563235,medium,0.678726,medium
22,40,"8,8",8,8,2.061552813,Bottom Left,m,0.76,0.76,correct,FALSE,0.493819,7.823545292,low,0.214039562,low,10.49018996,13.59269788,0.461056536,medium,0.690899417,medium,0.416045,low,0.720582,high
22,41,"4,15",4,15,6.800735254,Top Right,m,0.64,0.64,correct,FALSE,0.498275,7.867547353,low,0.335434947,low,11.27061811,13.98475212,0.633041731,medium,0.737636419,high,0.49275,low,0.860712,high
22,42,"9,4",9,4,5.408326913,Bottom Left,m,0.61,0.61,correct,FALSE,0.500631,9.10596,medium,0.292824624,low,11.29495284,13.62086718,0.518292385,medium,0.712222694,high,0.279565,low,0.346036,low
22,43,"1,4",1,4,6.726812024,Top Left,h,0.87,0.87,correct,FALSE,0.775971,9.826318,medium,0.18007873,low,12.10056338,13.42246571,0.422549622,medium,0.648673698,medium,0.358936,low,0.397134,low
22,44,"4,10",4,10,2.5,Top Right,m,0.87,0.87,correct,FALSE,0.500548,9.500195729,medium,0.379485994,low,11.42713543,15.01084666,0.587086094,medium,0.82090987,high,0.378461,low,0.409957,low
22,45,"4,16",4,16,7.762087348,Top Right,m,0.74,0.74,correct,FALSE,0.50125,8.299104911,low,0.286777541,low,11.34849756,14.97253819,0.558209,medium,0.772560469,high,0.41141,low,0.565303,medium
22,46,"11,8",11,8,5.024937811,Bottom Left,m,0.97,0.97,correct,FALSE,0.502892,8.38158913,low,0.186747736,low,11.24587368,13.01680924,0.501628904,medium,0.585746516,medium,0.26396,low,0.427673,low
22,47,"6,14",6,14,5.5,Bottom Right,m,0.92,0.92,correct,FALSE,0.502396,8.910480767,medium,0.361857035,low,11.6861797,15.03899099,0.5946407,medium,0.807391859,high,0.544339,medium,0.80914,high
22,48,"6,2",6,2,6.5,Bottom Left,h,0.93,0.93,correct,FALSE,0.778935,15.62799797,high,0.675662359,medium,18.59302241,17.12269934,0.843946693,high,0.903996142,high,0.334572,low,0.32921,low
22,49,"6,10",6,10,1.5,Bottom Right,l,0.78,0.78,correct,FALSE,0.146857,11.94292328,high,0.210823548,low,11.88992384,18.3679121,0.506691517,medium,0.761694893,high,0.266352,low,0.499291,low
22,50,"6,7",6,7,1.5,Bottom Left,l,0.89,0.89,correct,FALSE,0.140702,9.368791299,medium,0.253334812,low,10.28533586,20.54707722,0.498136795,medium,0.82694999,high,0.31958,low,0.609008,medium
22,51,"8,5",8,5,4.031128874,Bottom Left,m,0.76,0.76,correct,FALSE,0.49912,6.812006337,low,0.310318732,low,9.163600247,15.69251421,0.535395161,medium,0.817047539,high,0.535063,medium,0.876311,high
22,52,"9,9",9,9,3.041381265,Bottom Right,m,0.62,0.62,correct,FALSE,0.501961,7.549186365,low,0.261199008,low,8.747970419,18.6791846,0.440575101,medium,0.832337795,high,0.287744,low,0.277304,low
22,53,"9,7",9,7,3.354101966,Bottom Left,l,1.07,1.07,correct,FALSE,0.139933,10.0626,high,0.16400719,low,14.65662339,13.56802904,0.536818127,medium,0.669926803,medium,0.341348,low,0.279165,low
22,54,"6,9",6,9,0.5,Bottom Right,m,0.6,0.6,correct,FALSE,0.504844,8.173941,low,0.293603408,low,11.09340575,13.34785152,0.511369419,medium,0.68037281,medium,0.357873,low,0.275719,low
22,55,"2,7",2,7,4.272001873,Top Left,h,0.7,0.7,correct,FALSE,0.750853,10.83670903,high,0.346841904,low,13.92310566,13.91547688,0.600680487,medium,0.745452,high,0.392602,low,0.384493,low
22,56,"6,3",6,3,5.5,Bottom Left,m,0.58,0.58,correct,FALSE,0.500691,7.751437064,low,0.24050262,low,10.94020342,12.67649773,0.495544829,medium,0.642383,medium,0.596495,medium,0.735515,high
22,57,"3,10",3,10,3.354101966,Top Right,l,1.01,1.01,correct,FALSE,0.144849,6.369818919,low,0.232284989,low,7.812647392,17.3506997,0.415176996,medium,0.834617823,high,0.243589,low,0.628278,medium
22,58,"5,9",5,9,1.118033989,Top Right,l,0.82,0.82,correct,FALSE,0.144013,10.1573656,high,0.315364198,low,11.43292894,16.38790518,0.536672831,medium,0.808671829,high,0.262363,low,0.473711,low
22,59,"6,4",6,4,4.5,Bottom Left,m,0.49,0.49,correct,FALSE,0.498255,7.890527632,low,0.404747746,medium,11.55185821,12.99825815,0.686819458,medium,0.702595454,high,0.551387,medium,0.71188,high
22,60,"10,13",10,13,6.020797289,Bottom Right,m,0.56,0.56,correct,FALSE,0.500591,10.06340683,high,0.298305425,low,10.13842924,19.49684594,0.474857724,medium,0.850984441,high,0.52999,medium,0.83216,high
22,61,"4,10",4,10,2.5,Top Right,m,0.55,0.55,correct,FALSE,0.500548,9.500195729,medium,0.379485994,low,11.42713543,15.01084666,0.587086094,medium,0.82090987,high,0.378461,low,0.409957,low
22,62,"4,13",4,13,4.924428901,Top Right,m,0.57,0.57,correct,FALSE,0.501955,8.517266207,low,0.320700471,low,9.451031975,21.99689751,0.520800385,medium,0.866837749,high,0.510757,medium,0.852494,high
22,63,"10,9",10,9,4.031128874,Bottom Right,h,0.8,0.8,correct,FALSE,0.740666,7.720993015,low,0.09442,low,9.414941719,20.20555172,0.366135278,low,0.756319945,high,0.725229,high,0.872892,high
22,64,"4,12",4,12,4.031128874,Top Right,h,1.01,1.01,correct,FALSE,0.73963,12.75788073,high,0.582858012,medium,14.37935683,16.55274693,0.761275298,high,0.874402618,high,0.655942,medium,0.78649,high
22,65,"8,11",8,11,3.201562119,Bottom Right,m,1.14,1.14,correct,FALSE,0.499336,11.60434128,high,0.365012119,low,14.52275449,13.75396207,0.621860307,medium,0.714992648,high,0.297402,low,0.377662,low
22,66,"4,11",4,11,3.201562119,Top Right,l,0.82,0.82,correct,FALSE,0.147533,9.491143,medium,0.351428353,low,10.57838121,14.90992107,0.513114,medium,0.78581271,high,0.25485,low,0.475575,low
22,67,"9,7",9,7,3.354101966,Bottom Left,l,0.9,0.9,correct,FALSE,0.139933,10.0626,high,0.16400719,low,14.65662339,13.56802904,0.536818127,medium,0.669926803,medium,0.341348,low,0.279165,low
22,68,"4,10",4,10,2.5,Top Right,m,0.64,0.64,correct,FALSE,0.500548,9.500195729,medium,0.379485994,low,11.42713543,15.01084666,0.587086094,medium,0.82090987,high,0.378461,low,0.409957,low
22,69,"7,8",7,8,1.118033989,Bottom Left,l,0.82,0.82,correct,FALSE,0.141446,8.907897251,medium,0.196729243,low,11.71109844,15.33970314,0.519486562,medium,0.678647,medium,0.510532,medium,0.30426,low
22,70,"8,10",8,10,2.5,Bottom Right,h,0.83,0.83,correct,FALSE,0.741974,10.06407798,high,0.471237997,medium,12.8613049,13.91766946,0.659242311,medium,0.718854645,high,0.764273,high,0.849275,high
22,71,"9,4",9,4,5.408326913,Bottom Left,m,0.59,0.59,correct,FALSE,0.500631,9.10596,medium,0.292824624,low,11.29495284,13.62086718,0.518292385,medium,0.712222694,high,0.279565,low,0.346036,low
22,72,"6,2",6,2,6.5,Bottom Left,h,3.7,3.7,correct,FALSE,0.778935,15.62799797,high,0.675662359,medium,18.59302241,17.12269934,0.843946693,high,0.903996142,high,0.334572,low,0.32921,low
22,73,"5,10",5,10,1.802775638,Top Right,h,0.76,0.76,correct,FALSE,0.740714,9.932323,medium,0.239574697,low,12.3850021,14.83577161,0.506066175,medium,0.692409133,medium,0.753412,high,0.678145,medium
22,74,"7,8",7,8,1.118033989,Bottom Left,l,1.53,1.53,correct,FALSE,0.141446,8.907897251,medium,0.196729243,low,11.71109844,15.33970314,0.519486562,medium,0.678647,medium,0.510532,medium,0.30426,low
22,75,"7,13",7,13,4.609772229,Bottom Right,m,0.82,0.82,correct,FALSE,0.500695,8.19808684,low,0.391253477,low,10.44949291,15.81823347,0.604299494,medium,0.829366988,high,0.453987,low,0.412429,low
22,76,"7,14",7,14,5.590169944,Bottom Right,h,0.63,0.63,correct,FALSE,0.730382,10.20810724,high,0.368456249,low,10.20322957,18.98257046,0.520062077,medium,0.858920336,high,0.657745,medium,0.844669,high
22,77,"9,4",9,4,5.408326913,Bottom Left,m,0.62,0.62,correct,FALSE,0.500631,9.10596,medium,0.292824624,low,11.29495284,13.62086718,0.518292385,medium,0.712222694,high,0.279565,low,0.346036,low
22,78,"7,15",7,15,6.576473219,Bottom Right,m,0.77,0.77,correct,FALSE,0.502179,7.377111724,low,0.375648,low,8.733071518,20.23847609,0.546844158,medium,0.885705169,high,0.509461,medium,0.880015,high
22,79,"7,8",7,8,1.118033989,Bottom Left,l,0.76,0.76,correct,FALSE,0.141446,8.907897251,medium,0.196729243,low,11.71109844,15.33970314,0.519486562,medium,0.678647,medium,0.510532,medium,0.30426,low
22,80,"3,10",3,10,3.354101966,Top Right,l,0.57,0.57,correct,FALSE,0.144849,6.369818919,low,0.232284989,low,7.812647392,17.3506997,0.415176996,medium,0.834617823,high,0.243589,low,0.628278,medium
22,81,"9,6",9,6,3.905124838,Bottom Left,m,0.66,0.66,correct,FALSE,0.502667,8.725985556,medium,0.416661317,medium,11.24819177,14.54266132,0.628532,medium,0.777890291,high,0.529516,medium,0.826592,high
22,82,"8,8",8,8,2.061552813,Bottom Left,m,0.68,0.68,correct,FALSE,0.493819,7.823545292,low,0.214039562,low,10.49018996,13.59269788,0.461056536,medium,0.690899417,medium,0.416045,low,0.720582,high
22,83,"5,11",5,11,2.692582404,Top Right,m,0.75,0.75,correct,FALSE,0.505388,9.302464,medium,0.346448019,low,13.10872389,13.56997065,0.600633214,medium,0.709233661,high,0.456761,low,0.489285,low
22,84,"10,5",10,5,5.315072906,Bottom Left,l,6.74 late,6.74,correct,TRUE,0.137856,7.803767458,low,0.276825733,low,12.60270677,12.84937797,0.566765303,medium,0.708577117,high,0.202157,low,0.649259,medium
22,85,"5,3",5,3,5.590169944,Top Left,l,0.82,0.82,correct,FALSE,0.1342,9.967776817,medium,0.331556565,low,11.66729724,18.18540653,0.585238831,medium,0.847005986,high,0.293884,low,0.236578,low
22,86,"8,9",8,9,2.061552813,Bottom Right,l,0.96,0.96,correct,FALSE,0.144569,10.02450662,medium,0.156656651,low,11.1050448,16.91112941,0.477594117,medium,0.694965002,medium,0.257502,low,0.329008,low
22,87,"5,11",5,11,2.692582404,Top Right,m,0.73,0.73,correct,FALSE,0.505388,9.302464,medium,0.346448019,low,13.10872389,13.56997065,0.600633214,medium,0.709233661,high,0.456761,low,0.489285,low
22,88,"1,11",1,11,5.590169944,Top Right,l,0.85,0.85,correct,FALSE,0.14591,10.34087244,high,0.174811309,low,12.78446874,16.312975,0.512083092,medium,0.738746642,high,0.319124,low,0.228091,low
22,89,"4,12",4,12,4.031128874,Top Right,h,1.19,1.19,correct,FALSE,0.73963,12.75788073,high,0.582858012,medium,14.37935683,16.55274693,0.761275298,high,0.874402618,high,0.655942,medium,0.78649,high
22,90,"2,10",2,10,4.272001873,Top Right,h,0.72,0.72,correct,FALSE,0.742032,10.62671603,high,0.172589076,low,12.72105262,13.472514,0.479026913,medium,0.597659753,medium,0.409177,low,0.337879,low
22,91,"8,15",8,15,6.800735254,Bottom Right,h,1.07,1.07,correct,FALSE,0.734422,8.71238593,medium,0.197689989,low,9.394358316,14.47228739,0.326145567,low,0.696217668,medium,0.591615,medium,0.755431,high
22,92,"8,14",8,14,5.852349955,Bottom Right,l,4.84,4.84,correct,FALSE,0.149415,4.954621676,low,0.185790744,low,12.97410347,9.090461796,0.702571619,high,0.438975857,medium,0.451169,low,0.355001,low
22,93,"7,10",7,10,1.802775638,Bottom Right,m,0.77,0.77,correct,FALSE,0.504616,8.846064443,medium,0.264185511,low,10.39642952,15.29320027,0.498121412,medium,0.767084075,high,0.482822,low,0.627348,medium
22,94,"7,12",7,12,3.640054945,Bottom Right,h,0.82,0.82,correct,FALSE,0.739467,6.976369602,low,0.340689819,low,11.06907313,12.92668959,0.625368526,medium,0.716007003,high,0.745872,high,0.889333,high
22,95,"5,15",5,15,6.576473219,Top Right,h,2.65,2.65,correct,FALSE,0.734458,14.61259528,high,0.585803592,medium,16.08146739,17.26127998,0.746652017,high,0.882695024,high,0.396808,low,0.345057,low
22,96,"8,9",8,9,2.061552813,Bottom Right,l,0.8,0.8,correct,FALSE,0.144569,10.02450662,medium,0.156656651,low,11.1050448,16.91112941,0.477594117,medium,0.694965002,medium,0.257502,low,0.329008,low
22,97,"5,4",5,4,4.609772229,Top Left,l,0.63,0.63,correct,FALSE,0.136391,8.757408692,medium,0.090708,low,16.68725905,10.80687347,0.520577217,medium,0.421863859,medium,0.539504,medium,0.356104,low
22,98,"10,9",10,9,4.031128874,Bottom Right,h,0.66,0.66,correct,FALSE,0.740666,7.720993015,low,0.09442,low,9.414941719,20.20555172,0.366135278,low,0.756319945,high,0.725229,high,0.872892,high
22,99,"4,13",4,13,4.924428901,Top Right,m,0.64,0.64,correct,FALSE,0.501955,8.517266207,low,0.320700471,low,9.451031975,21.99689751,0.520800385,medium,0.866837749,high,0.510757,medium,0.852494,high
22,100,"8,14",8,14,5.852349955,Bottom Right,l,3.49,3.49,correct,FALSE,0.149415,4.954621676,low,0.185790744,low,12.97410347,9.090461796,0.702571619,high,0.438975857,medium,0.451169,low,0.355001,low
23,1,"6,4",6,4,4.5,Bottom Left,m,5.2,5.2,correct,FALSE,0.498255,7.890527632,low,0.404747746,medium,11.55185821,12.99825815,0.686819458,medium,0.702595454,high,0.551387,medium,0.71188,high
23,2,"11,10",11,10,5.220153254,Bottom Right,h,did not see,did not see,incorrect,FALSE,0.7424,7.486701604,low,0.319743383,low,11.55579275,12.08806228,0.593751088,medium,0.661036,medium,0.472472,low,0.497795,low
23,3,"4,13",4,13,4.924428901,Top Right,m,7.66 late,7.66,correct,TRUE,0.501955,8.517266207,low,0.320700471,low,9.451031975,21.99689751,0.520800385,medium,0.866837749,high,0.510757,medium,0.852494,high
23,4,"5,6",5,6,2.692582404,Top Left,l,7.87 late,7.87,correct,TRUE,0.137007,11.85409478,high,0.301373005,low,13.55548575,15.32652697,0.575947742,medium,0.785880368,high,0.230773,low,0.809041,high
23,5,"6,16",6,16,7.5,Bottom Right,l,early,early,incorrect,FALSE,0.153924,14.03396787,high,0.28624245,low,14.23714988,16.69837,0.565897576,medium,0.797867769,high,0.246366,low,0.808382,high
23,6,"4,2",4,2,6.800735254,Top Left,l,1.05,1.05,correct,FALSE,0.132594,8.384166337,low,0.187199346,low,10.43115729,14.61057,0.474703557,medium,0.638381719,medium,0.659985,medium,0.502528,medium
23,7,"6,6",6,6,2.5,Bottom Left,m,1.06,1.06,correct,FALSE,0.50213,9.303835705,medium,0.344452753,low,12.30512571,15.10671503,0.616769859,medium,0.778462511,high,0.495231,low,0.379595,low
23,8,"2,14",2,14,6.800735254,Top Right,l,1.22,1.22,correct,FALSE,0.153089,6.198447454,low,0.126601005,low,7.534082099,16.9978782,0.269930049,low,0.786624921,high,0.208594,low,0.843005,high
23,9,"7,10",7,10,1.802775638,Bottom Right,m,0.84,0.84,correct,FALSE,0.504616,8.846064443,medium,0.264185511,low,10.39642952,15.29320027,0.498121412,medium,0.767084075,high,0.482822,low,0.627348,medium
23,10,"3,8",3,8,3.041381265,Top Left,h,1.09,1.09,correct,FALSE,0.747077,8.87526057,medium,0.431442666,medium,13.31413275,13.01872619,0.685711,medium,0.762279553,high,0.356156,low,0.374724,low
23,11,"9,10",9,10,3.354101966,Bottom Right,l,1.08,1.08,correct,FALSE,0.146642,4.842865959,low,0.178752532,low,10.02491233,10.40007359,0.543976362,medium,0.577367835,medium,0.272733,low,0.263515,low
23,12,"7,13",7,13,4.609772229,Bottom Right,m,1.62,1.62,correct,FALSE,0.500695,8.19808684,low,0.391253477,low,10.44949291,15.81823347,0.604299494,medium,0.829366988,high,0.453987,low,0.412429,low
23,13,"2,2",2,2,7.632168761,Top Left,m,did not see,did not see,incorrect,FALSE,0.503448,7.575062934,low,0.261009,low,11.01136572,13.10773724,0.527858233,medium,0.692547368,medium,0.40163,low,0.355659,low
23,14,"7,7",7,7,1.802775638,Bottom Left,m,1.27,1.27,correct,FALSE,0.502215,8.656773238,low,0.422748638,medium,12.36911757,15.11340049,0.665249717,medium,0.783442259,high,0.661167,medium,0.560356,medium
23,15,"7,9",7,9,1.118033989,Bottom Right,h,0.97,0.97,correct,FALSE,0.741072,10.47874979,high,0.105368632,low,13.97430586,14.12906901,0.400642002,medium,0.675553024,medium,0.215563,low,0.248952,low
23,16,"9,11",9,11,3.905124838,Bottom Right,h,1.08,1.08,correct,FALSE,0.736154,8.760130193,medium,0.217604518,low,11.7019116,14.37227722,0.512020649,medium,0.729585118,high,0.657147,medium,0.740195,high
23,17,"10,8",10,8,4.031128874,Bottom Left,l,did not see,did not see,incorrect,FALSE,0.14553,9.794274695,medium,0.185166605,low,14.24197055,14.41046095,0.506931,medium,0.733222414,high,0.347868,low,0.354189,low
23,18,"4,6",4,6,3.201562119,Top Left,h,0.75,0.75,correct,FALSE,0.754106,9.296781572,medium,0.211521854,low,12.15512509,12.68434359,0.516418304,medium,0.57710279,medium,0.415739,low,0.422205,low
23,19,"3,3",3,3,6.264982043,Top Left,m,did not see,did not see,incorrect,FALSE,0.501834,9.203473626,medium,0.269606409,low,15.24917709,12.38486797,0.619907995,medium,0.670961945,medium,0.249213,low,0.374208,low
23,20,"10,9",10,9,4.031128874,Bottom Right,h,0.94,0.94,correct,FALSE,0.740666,7.720993015,low,0.09442,low,9.414941719,20.20555172,0.366135278,low,0.756319945,high,0.725229,high,0.872892,high
23,21,"10,7",10,7,4.272001873,Bottom Left,m,1.77,1.77,correct,FALSE,0.508513,8.513237656,low,0.403968,medium,13.23805087,13.34985898,0.677701305,medium,0.793334185,high,0.264864,low,0.374528,low
23,22,"6,12",6,12,3.5,Bottom Right,m,4.65,4.65,correct,FALSE,0.500156,7.801163073,low,0.335256932,low,10.65907573,14.97632894,0.585893888,medium,0.806898182,high,0.331647,low,0.475351,low
23,23,"11,12",11,12,6.103277808,Bottom Right,l,did not see,did not see,incorrect,FALSE,0.149208,6.964910345,low,0.205383878,low,11.37227671,11.36056335,0.513272278,medium,0.60665,medium,0.250617,low,0.465814,low
23,24,"1,9",1,9,5.024937811,Top Right,h,did not see,did not see,incorrect,FALSE,0.746658,4.614111186,low,0.149265881,low,10.49183059,9.696995934,0.512781742,medium,0.479681,medium,0.207347,low,0.183588,low
23,25,"1,9",1,9,5.024937811,Top Right,h,3.81,3.81,correct,FALSE,0.746658,4.614111186,low,0.149265881,low,10.49183059,9.696995934,0.512781742,medium,0.479681,medium,0.207347,low,0.183588,low
23,26,"5,12",5,12,3.640054945,Top Right,l,2.96,2.96,correct,FALSE,0.14642,8.459853003,low,0.061378,low,11.75766421,13.21337404,0.433901126,medium,0.52457487,medium,0.292993,low,0.374829,low
23,27,"4,15",4,15,6.800735254,Top Right,m,1.11,1.11,correct,FALSE,0.498275,7.867547353,low,0.335434947,low,11.27061811,13.98475212,0.633041731,medium,0.737636419,high,0.49275,low,0.860712,high
23,28,"10,11",10,11,4.716990566,Bottom Right,l,1.13,1.13,correct,FALSE,0.151233,10.4232526,high,0.15361466,low,10.79656751,16.32892687,0.415566775,medium,0.720374659,high,0.277529,low,0.680981,medium
23,29,"2,11",2,11,4.716990566,Top Right,m,0.77,0.77,correct,FALSE,0.507319,8.711511,medium,0.265492587,low,11.94884922,13.84177221,0.56425953,medium,0.697536209,medium,0.315344,low,0.50332,medium
23,30,"6,6",6,6,2.5,Bottom Left,m,0.68,0.68,correct,FALSE,0.50213,9.303835705,medium,0.344452753,low,12.30512571,15.10671503,0.616769859,medium,0.778462511,high,0.495231,low,0.379595,low
23,31,"8,8",8,8,2.061552813,Bottom Left,m,0.94,0.94,correct,FALSE,0.493819,7.823545292,low,0.214039562,low,10.49018996,13.59269788,0.461056536,medium,0.690899417,medium,0.416045,low,0.720582,high
23,32,"3,2",3,2,7.158910532,Top Left,h,did not see,did not see,incorrect,FALSE,0.782826,9.207862,medium,0.068957,low,12.8432402,12.83890738,0.405530723,medium,0.554326117,medium,0.766983,high,0.868293,high
23,33,"6,7",6,7,1.5,Bottom Left,l,0.77,0.77,correct,FALSE,0.140702,9.368791299,medium,0.253334812,low,10.28533586,20.54707722,0.498136795,medium,0.82694999,high,0.31958,low,0.609008,medium
23,34,"8,4",8,4,4.924428901,Bottom Left,l,1.66,1.66,correct,FALSE,0.137801,10.82672146,high,0.271906525,low,12.32915256,18.23452335,0.555508433,medium,0.801467617,high,0.28184,low,0.487307,low
23,35,"8,12",8,12,4.031128874,Bottom Right,l,0.83,0.83,correct,FALSE,0.14951,6.7113568,low,0.276203655,low,11.74177958,12.67166615,0.636724214,medium,0.630259853,medium,0.209357,low,0.607968,medium
23,36,"9,14",9,14,6.264982043,Bottom Right,m,2.04,2.04,correct,FALSE,0.501958,8.100082281,low,0.232398,low,10.25427901,14.93116493,0.483564504,medium,0.751513,high,0.331301,low,0.404129,low
23,37,"11,10",11,10,5.220153254,Bottom Right,h,1.03,1.03,correct,FALSE,0.7424,7.486701604,low,0.319743383,low,11.55579275,12.08806228,0.593751088,medium,0.661036,medium,0.472472,low,0.497795,low
23,38,"7,12",7,12,3.640054945,Bottom Right,h,did not see,did not see,incorrect,FALSE,0.739467,6.976369602,low,0.340689819,low,11.06907313,12.92668959,0.625368526,medium,0.716007003,high,0.745872,high,0.889333,high
23,39,"5,10",5,10,1.802775638,Top Right,h,0.86,0.86,correct,FALSE,0.740714,9.932323,medium,0.239574697,low,12.3850021,14.83577161,0.506066175,medium,0.692409133,medium,0.753412,high,0.678145,medium
23,40,"1,12",1,12,6.103277808,Top Right,h,did not see,did not see,incorrect,FALSE,0.734679,10.78471464,high,0.179079909,low,15.34391694,14.38535754,0.508477,medium,0.677180145,medium,0.33493,low,0.444266,low
23,41,"8,13",8,13,4.924428901,Bottom Right,h,8.26 late,8.26,correct,TRUE,0.733349,8.535357277,low,0.152199734,low,13.92567612,11.80376331,0.452735111,medium,0.619001128,medium,0.36034,low,0.389775,low
23,42,"8,13",8,13,4.924428901,Bottom Right,h,6.57 late,6.57,correct,TRUE,0.733349,8.535357277,low,0.152199734,low,13.92567612,11.80376331,0.452735111,medium,0.619001128,medium,0.36034,low,0.389775,low
23,43,"5,15",5,15,6.576473219,Top Right,h,1.14,1.14,correct,FALSE,0.734458,14.61259528,high,0.585803592,medium,16.08146739,17.26127998,0.746652017,high,0.882695024,high,0.396808,low,0.345057,low
23,44,"9,8",9,8,3.041381265,Bottom Left,h,did not see,did not see,incorrect,FALSE,0.742853,10.08127017,high,0.364950618,low,12.89123284,14.9176846,0.628290595,medium,0.787643318,high,0.332404,low,0.419661,low
23,45,"8,4",8,4,4.924428901,Bottom Left,l,did not see,did not see,incorrect,FALSE,0.137801,10.82672146,high,0.271906525,low,12.32915256,18.23452335,0.555508433,medium,0.801467617,high,0.28184,low,0.487307,low
23,46,"1,9",1,9,5.024937811,Top Right,h,7.53 late,7.53,correct,TRUE,0.746658,4.614111186,low,0.149265881,low,10.49183059,9.696995934,0.512781742,medium,0.479681,medium,0.207347,low,0.183588,low
23,47,"3,2",3,2,7.158910532,Top Left,h,3.76,3.76,correct,FALSE,0.782826,9.207862,medium,0.068957,low,12.8432402,12.83890738,0.405530723,medium,0.554326117,medium,0.766983,high,0.868293,high
23,48,"2,15",2,15,7.632168761,Top Right,h,did not see,did not see,incorrect,FALSE,0.733042,7.190191084,low,0.362656063,low,9.38279328,13.76564234,0.551752233,medium,0.766353542,high,0.411468,low,0.391219,low
23,49,"7,3",7,3,5.590169944,Bottom Left,h,5.91,5.91,correct,FALSE,0.774946,9.724362425,medium,0.197498191,low,14.74645657,13.75065309,0.475417485,medium,0.734164,high,0.791478,high,0.899087,high
23,50,"10,10",10,10,4.272001873,Bottom Right,m,0.92,0.92,correct,FALSE,0.499534,9.648563,medium,0.261810297,low,11.97052117,14.50783338,0.54347749,medium,0.736437882,high,0.248511,low,0.310609,low
23,51,"11,7",11,7,5.220153254,Bottom Left,h,2.2,2.2,correct,FALSE,0.747791,11.71577541,high,0.618379163,medium,12.40029397,17.66404566,0.755906877,high,0.896580792,high,0.750809,high,0.883692,high
23,52,"5,16",5,16,7.566372975,Top Right,h,did not see,did not see,incorrect,FALSE,0.731307,10.95698507,high,0.480901337,medium,15.20775849,13.56801681,0.741333493,high,0.771739,high,0.474986,low,0.409619,low
23,53,"1,12",1,12,6.103277808,Top Right,h,4.75,4.75,correct,FALSE,0.734679,10.78471464,high,0.179079909,low,15.34391694,14.38535754,0.508477,medium,0.677180145,medium,0.33493,low,0.444266,low
23,54,"1,3",1,3,7.433034374,Top Left,h,did not see,did not see,incorrect,FALSE,0.777352,8.700985643,medium,0.180291529,low,12.53741084,13.09281069,0.495628437,medium,0.627498461,medium,0.271993,low,0.279534,low
23,55,"9,10",9,10,3.354101966,Bottom Right,l,1.16,1.16,correct,FALSE,0.146642,4.842865959,low,0.178752532,low,10.02491233,10.40007359,0.543976362,medium,0.577367835,medium,0.272733,low,0.263515,low
23,56,"5,14",5,14,5.590169944,Top Right,l,0.92,0.92,correct,FALSE,0.148361,7.042300446,low,0.248229732,low,10.42296033,12.87568645,0.51788006,medium,0.693103962,medium,0.383289,low,0.622011,medium
23,57,"5,9",5,9,1.118033989,Top Right,l,0.65,0.65,correct,FALSE,0.144013,10.1573656,high,0.315364198,low,11.43292894,16.38790518,0.536672831,medium,0.808671829,high,0.262363,low,0.473711,low
23,58,"8,4",8,4,4.924428901,Bottom Left,l,did not see,did not see,incorrect,FALSE,0.137801,10.82672146,high,0.271906525,low,12.32915256,18.23452335,0.555508433,medium,0.801467617,high,0.28184,low,0.487307,low
23,59,"4,11",4,11,3.201562119,Top Right,l,0.74,0.74,correct,FALSE,0.147533,9.491143,medium,0.351428353,low,10.57838121,14.90992107,0.513114,medium,0.78581271,high,0.25485,low,0.475575,low
23,60,"7,1",7,1,7.566372975,Bottom Left,l,0.86,0.86,correct,FALSE,0.132252,7.582976558,low,0.345801319,low,9.144453936,17.41873825,0.541548451,medium,0.866349973,high,0.213652,low,0.392083,low
23,61,"11,8",11,8,5.024937811,Bottom Left,m,1.06,1.06,correct,FALSE,0.502892,8.38158913,low,0.186747736,low,11.24587368,13.01680924,0.501628904,medium,0.585746516,medium,0.26396,low,0.427673,low
23,62,"1,5",1,5,6.103277808,Top Left,l,0.83,0.83,correct,FALSE,0.136468,8.949655165,medium,0.179499017,low,14.62175838,11.68992987,0.556387383,medium,0.547019886,medium,0.417885,low,0.495363,low
23,63,"10,13",10,13,6.020797289,Bottom Right,m,0.68,0.68,correct,FALSE,0.500591,10.06340683,high,0.298305425,low,10.13842924,19.49684594,0.474857724,medium,0.850984441,high,0.52999,medium,0.83216,high
23,64,"7,16",7,16,7.566372975,Bottom Right,m,1.14,1.14,correct,FALSE,0.500357,8.320421817,low,0.28431279,low,12.83948864,11.43907949,0.658612976,medium,0.498369677,medium,0.369187,low,0.296237,low
23,65,"5,10",5,10,1.802775638,Top Right,h,0.88,0.88,correct,FALSE,0.740714,9.932323,medium,0.239574697,low,12.3850021,14.83577161,0.506066175,medium,0.692409133,medium,0.753412,high,0.678145,medium
23,66,"9,3",9,3,6.264982043,Bottom Left,m,did not see,did not see,incorrect,FALSE,0.500359,10.42570256,high,0.309994248,low,13.28985571,14.62567209,0.607134066,medium,0.71786737,high,0.629409,medium,0.703189,high
23,67,"3,10",3,10,3.354101966,Top Right,l,0.87,0.87,correct,FALSE,0.144849,6.369818919,low,0.232284989,low,7.812647392,17.3506997,0.415176996,medium,0.834617823,high,0.243589,low,0.628278,medium
23,68,"2,12",2,12,5.315072906,Top Right,l,4.99,4.99,correct,FALSE,0.147122,4.198022944,low,0.139917736,low,11.81424932,8.671105795,0.651215233,medium,0.324339742,low,0.463928,low,0.210546,low
23,69,"2,13",2,13,6.020797289,Top Right,h,0.74,0.74,correct,FALSE,0.738029,10.64411116,high,0.13457586,low,12.52655438,14.81016024,0.37620482,low,0.700008516,high,0.311062,low,0.342227,low
23,70,"6,14",6,14,5.5,Bottom Right,m,0.83,0.83,correct,FALSE,0.502396,8.910480767,medium,0.361857035,low,11.6861797,15.03899099,0.5946407,medium,0.807391859,high,0.544339,medium,0.80914,high
23,71,"4,10",4,10,2.5,Top Right,m,0.63,0.63,correct,FALSE,0.500548,9.500195729,medium,0.379485994,low,11.42713543,15.01084666,0.587086094,medium,0.82090987,high,0.378461,low,0.409957,low
23,72,"6,10",6,10,1.5,Bottom Right,l,0.69,0.69,correct,FALSE,0.146857,11.94292328,high,0.210823548,low,11.88992384,18.3679121,0.506691517,medium,0.761694893,high,0.266352,low,0.499291,low
23,73,"10,9",10,9,4.031128874,Bottom Right,h,did not see,did not see,incorrect,FALSE,0.740666,7.720993015,low,0.09442,low,9.414941719,20.20555172,0.366135278,low,0.756319945,high,0.725229,high,0.872892,high
23,74,"9,14",9,14,6.264982043,Bottom Right,m,3.99,3.99,correct,FALSE,0.501958,8.100082281,low,0.232398,low,10.25427901,14.93116493,0.483564504,medium,0.751513,high,0.331301,low,0.404129,low
23,75,"10,13",10,13,6.020797289,Bottom Right,m,0.67,0.67,correct,FALSE,0.500591,10.06340683,high,0.298305425,low,10.13842924,19.49684594,0.474857724,medium,0.850984441,high,0.52999,medium,0.83216,high
23,76,"10,5",10,5,5.315072906,Bottom Left,l,5.08,5.08,correct,FALSE,0.137856,7.803767458,low,0.276825733,low,12.60270677,12.84937797,0.566765303,medium,0.708577117,high,0.202157,low,0.649259,medium
23,77,"7,4",7,4,4.609772229,Bottom Left,h,0.6,0.6,correct,FALSE,0.762415,9.644809178,medium,0.086051,low,9.657204442,16.28263827,0.258281309,low,0.722620507,high,0.387356,low,0.400922,low
23,78,"7,13",7,13,4.609772229,Bottom Right,m,0.74,0.74,correct,FALSE,0.500695,8.19808684,low,0.391253477,low,10.44949291,15.81823347,0.604299494,medium,0.829366988,high,0.453987,low,0.412429,low
23,79,"5,15",5,15,6.576473219,Top Right,h,3.91,3.91,correct,FALSE,0.734458,14.61259528,high,0.585803592,medium,16.08146739,17.26127998,0.746652017,high,0.882695024,high,0.396808,low,0.345057,low
23,80,"3,4",3,4,5.408326913,Top Left,m,0.68,0.68,correct,FALSE,0.50103,8.780273627,medium,0.417624705,medium,10.29276997,18.19342967,0.625585228,medium,0.862712625,high,0.410524,low,0.395506,low
23,81,"1,6",1,6,5.590169944,Top Left,h,0.68,0.68,correct,FALSE,0.754725,8.856830277,medium,0.309107906,low,10.27276575,14.64687878,0.52115134,medium,0.721206637,high,0.33695,low,0.405107,low
23,82,"4,8",4,8,2.061552813,Top Left,l,0.73,0.73,correct,FALSE,0.140752,7.796163948,low,0.243730855,low,14.63895589,10.95056531,0.657798728,medium,0.54002838,medium,0.320675,low,0.30832,low
23,83,"3,11",3,11,3.905124838,Top Right,h,0.8,0.8,correct,FALSE,0.739741,12.97809717,high,0.57621325,medium,14.39417639,14.49449471,0.702438435,high,0.722998537,high,0.300628,low,0.368617,low
23,84,"9,13",9,13,5.408326913,Bottom Right,l,0.81,0.81,correct,FALSE,0.149172,8.84052,medium,0.238928625,low,11.52561954,14.22189736,0.560865373,medium,0.648101,medium,0.311128,low,0.324536,low
23,85,"6,3",6,3,5.5,Bottom Left,m,0.77,0.77,correct,FALSE,0.500691,7.751437064,low,0.24050262,low,10.94020342,12.67649773,0.495544829,medium,0.642383,medium,0.596495,medium,0.735515,high
23,86,"11,5",11,5,6.103277808,Bottom Left,m,did not see,did not see,incorrect,FALSE,0.49994,7.961968337,low,0.30969124,low,10.02452302,15.11988237,0.541161959,medium,0.78335509,high,0.437235,low,0.455353,low
23,87,"11,5",11,5,6.103277808,Bottom Left,m,2.54,2.54,correct,FALSE,0.49994,7.961968337,low,0.30969124,low,10.02452302,15.11988237,0.541161959,medium,0.78335509,high,0.437235,low,0.455353,low
23,88,"11,10",11,10,5.220153254,Bottom Right,h,1.98,1.98,correct,FALSE,0.7424,7.486701604,low,0.319743383,low,11.55579275,12.08806228,0.593751088,medium,0.661036,medium,0.472472,low,0.497795,low
23,89,"8,7",8,7,2.5,Bottom Left,h,0.74,0.74,correct,FALSE,0.74669,14.17952972,high,0.45948622,medium,13.6085613,14.22007998,0.615035934,medium,0.631418009,medium,0.74661,high,0.843826,high
23,90,"9,7",9,7,3.354101966,Bottom Left,l,3.11,3.11,correct,FALSE,0.139933,10.0626,high,0.16400719,low,14.65662339,13.56802904,0.536818127,medium,0.669926803,medium,0.341348,low,0.279165,low
23,91,"1,9",1,9,5.024937811,Top Right,h,7.38 late,7.38,correct,TRUE,0.746658,4.614111186,low,0.149265881,low,10.49183059,9.696995934,0.512781742,medium,0.479681,medium,0.207347,low,0.183588,low
23,92,"7,5",7,5,3.640054945,Bottom Left,l,0.94,0.94,correct,FALSE,0.136619,8.412961428,low,0.28125962,low,16.88384777,10.6486613,0.744452681,high,0.485269067,medium,0.423673,low,0.42576,low
23,93,"6,10",6,10,1.5,Bottom Right,l,0.66,0.66,correct,FALSE,0.146857,11.94292328,high,0.210823548,low,11.88992384,18.3679121,0.506691517,medium,0.761694893,high,0.266352,low,0.499291,low
23,94,"10,12",10,12,5.315072906,Bottom Right,h,5.9,5.9,correct,FALSE,0.737677,10.73877749,high,0.391478842,low,13.88322429,13.41302586,0.642355492,medium,0.698780103,medium,0.306243,low,0.359737,low
23,95,"1,7",1,7,5.220153254,Top Left,m,0.71,0.71,correct,FALSE,0.503747,8.876649727,medium,0.210924652,low,9.93742363,17.05925232,0.451266934,medium,0.779103668,high,0.481094,low,0.822615,high
23,96,"1,3",1,3,7.433034374,Top Left,h,did not see,did not see,incorrect,FALSE,0.777352,8.700985643,medium,0.180291529,low,12.53741084,13.09281069,0.495628437,medium,0.627498461,medium,0.271993,low,0.279534,low
23,97,"2,9",2,9,4.031128874,Top Right,l,0.69,0.69,correct,FALSE,0.141383,5.259092283,low,0.191067006,low,7.472157105,15.11903036,0.407429085,medium,0.794420219,high,0.422637,low,0.339625,low
23,98,"2,11",2,11,4.716990566,Top Right,m,0.68,0.68,correct,FALSE,0.507319,8.711511,medium,0.265492587,low,11.94884922,13.84177221,0.56425953,medium,0.697536209,medium,0.315344,low,0.50332,medium
23,99,"7,3",7,3,5.590169944,Bottom Left,h,did not see,did not see,incorrect,FALSE,0.774946,9.724362425,medium,0.197498191,low,14.74645657,13.75065309,0.475417485,medium,0.734164,high,0.791478,high,0.899087,high
23,100,"7,4",7,4,4.609772229,Bottom Left,h,0.72,0.72,correct,FALSE,0.762415,9.644809178,medium,0.086051,low,9.657204442,16.28263827,0.258281309,low,0.722620507,high,0.387356,low,0.400922,low
24,1,"6,13",6,13,4.5,Bottom Right,l,0.37,0.37,correct,FALSE,0.149463,8.894658798,medium,0.198630146,low,10.14233311,14.99006896,0.434059046,medium,0.656537547,medium,0.607367,medium,0.435968,low
24,2,"8,13",8,13,4.924428901,Bottom Right,h,early,early,incorrect,FALSE,0.733349,8.535357277,low,0.152199734,low,13.92567612,11.80376331,0.452735111,medium,0.619001128,medium,0.36034,low,0.389775,low
24,3,"10,11",10,11,4.716990566,Bottom Right,l,3.39,3.39,correct,FALSE,0.151233,10.4232526,high,0.15361466,low,10.79656751,16.32892687,0.415566775,medium,0.720374659,high,0.277529,low,0.680981,medium
24,4,"6,13",6,13,4.5,Bottom Right,l,2.89,2.89,correct,FALSE,0.149463,8.894658798,medium,0.198630146,low,10.14233311,14.99006896,0.434059046,medium,0.656537547,medium,0.607367,medium,0.435968,low
24,5,"9,7",9,7,3.354101966,Bottom Left,l,did not see,did not see,incorrect,FALSE,0.139933,10.0626,high,0.16400719,low,14.65662339,13.56802904,0.536818127,medium,0.669926803,medium,0.341348,low,0.279165,low
24,6,"8,3",8,3,5.852349955,Bottom Left,l,did not see,did not see,incorrect,FALSE,0.132426,8.622265,low,0.330608731,low,12.90807718,12.5445627,0.668523,medium,0.630429519,medium,0.154598,low,0.922716,high
24,7,"7,6",7,6,2.692582404,Bottom Left,h,2.11,2.11,correct,FALSE,0.756419,11.65619691,high,0.275797555,low,14.48470332,13.39998735,0.527994,medium,0.712493068,high,0.280259,low,0.343404,low
24,8,"4,7",4,7,2.5,Top Left,m,7.47 late,7.47,correct,TRUE,0.501152,10.45108603,high,0.369602246,low,13.5879752,13.63761844,0.633729766,medium,0.711391657,high,0.578822,medium,0.878454,high
24,9,"6,11",6,11,2.5,Bottom Right,h,2.8,2.8,correct,FALSE,0.739862,10.99470967,high,0.385230702,low,14.87441399,13.37617557,0.635635585,medium,0.69913905,medium,0.441565,low,0.4804,low
24,10,"6,16",6,16,7.5,Bottom Right,l,did not see,did not see,incorrect,FALSE,0.153924,14.03396787,high,0.28624245,low,14.23714988,16.69837,0.565897576,medium,0.797867769,high,0.246366,low,0.808382,high
24,11,"7,9",7,9,1.118033989,Bottom Right,h,1.34,1.34,correct,FALSE,0.741072,10.47874979,high,0.105368632,low,13.97430586,14.12906901,0.400642002,medium,0.675553024,medium,0.215563,low,0.248952,low
24,12,"9,5",9,5,4.609772229,Bottom Left,h,2.31,2.31,correct,FALSE,0.755298,10.55875115,high,0.471726003,medium,13.03431237,13.87760958,0.724309,high,0.705077689,high,0.456023,low,0.465785,low
24,13,"10,11",10,11,4.716990566,Bottom Right,l,2.72,2.72,correct,FALSE,0.151233,10.4232526,high,0.15361466,low,10.79656751,16.32892687,0.415566775,medium,0.720374659,high,0.277529,low,0.680981,medium
24,14,"4,9",4,9,2.061552813,Top Right,h,1.67,1.67,correct,FALSE,0.74565,9.568562195,medium,0.394468384,low,13.91901641,13.32669257,0.663254697,medium,0.759413784,high,0.406466,low,0.418488,low
24,15,"7,8",7,8,1.118033989,Bottom Left,l,1.22,1.22,correct,FALSE,0.141446,8.907897251,medium,0.196729243,low,11.71109844,15.33970314,0.519486562,medium,0.678647,medium,0.510532,medium,0.30426,low
24,16,"10,13",10,13,6.020797289,Bottom Right,m,1.09,1.09,correct,FALSE,0.500591,10.06340683,high,0.298305425,low,10.13842924,19.49684594,0.474857724,medium,0.850984441,high,0.52999,medium,0.83216,high
24,17,"10,4",10,4,6.020797289,Bottom Left,h,did not see,did not see,incorrect,FALSE,0.766454,9.475999,medium,0.297819217,low,13.01867065,13.95055075,0.536236678,medium,0.749323814,high,0.468754,low,0.527345,medium
24,18,"4,8",4,8,2.061552813,Top Left,l,39.32 late,39.32,correct,TRUE,0.140752,7.796163948,low,0.243730855,low,14.63895589,10.95056531,0.657798728,medium,0.54002838,medium,0.320675,low,0.30832,low
24,19,"4,14",4,14,5.852349955,Top Right,h,2.66,2.66,correct,FALSE,0.735171,11.88798567,high,0.457684982,medium,12.98160823,14.25592469,0.640851092,medium,0.74554436,high,0.620534,medium,0.690039,medium
24,20,"5,15",5,15,6.576473219,Top Right,h,2.18,2.18,correct,FALSE,0.734458,14.61259528,high,0.585803592,medium,16.08146739,17.26127998,0.746652017,high,0.882695024,high,0.396808,low,0.345057,low
24,21,"9,10",9,10,3.354101966,Bottom Right,l,3.21,3.21,correct,FALSE,0.146642,4.842865959,low,0.178752532,low,10.02491233,10.40007359,0.543976362,medium,0.577367835,medium,0.272733,low,0.263515,low
24,22,"3,5",3,5,4.609772229,Top Left,h,did not see,did not see,incorrect,FALSE,0.757983,10.13658799,high,0.1985744,low,11.71430297,13.95804308,0.426211827,medium,0.650370153,medium,0.287501,low,0.371619,low
24,23,"9,4",9,4,5.408326913,Bottom Left,m,1.16,1.16,correct,FALSE,0.500631,9.10596,medium,0.292824624,low,11.29495284,13.62086718,0.518292385,medium,0.712222694,high,0.279565,low,0.346036,low
24,24,"1,10",1,10,5.220153254,Top Right,m,did not see,did not see,incorrect,FALSE,0.499959,10.32626235,high,0.286714527,low,11.19447818,14.2366771,0.497438751,medium,0.649467159,medium,0.563235,medium,0.678726,medium
24,25,"7,9",7,9,1.118033989,Bottom Right,h,1.4,1.4,correct,FALSE,0.741072,10.47874979,high,0.105368632,low,13.97430586,14.12906901,0.400642002,medium,0.675553024,medium,0.215563,low,0.248952,low
24,26,"1,14",1,14,7.433034374,Top Right,h,did not see,did not see,incorrect,FALSE,0.736799,10.48444,high,0.269980479,low,12.62634897,13.54333989,0.496518415,medium,0.670272006,medium,0.656448,medium,0.815978,high
24,27,"8,4",8,4,4.924428901,Bottom Left,l,2.58,2.58,correct,FALSE,0.137801,10.82672146,high,0.271906525,low,12.32915256,18.23452335,0.555508433,medium,0.801467617,high,0.28184,low,0.487307,low
24,28,"7,14",7,14,5.590169944,Bottom Right,h,0.99,0.99,correct,FALSE,0.730382,10.20810724,high,0.368456249,low,10.20322957,18.98257046,0.520062077,medium,0.858920336,high,0.657745,medium,0.844669,high
24,29,"9,8",9,8,3.041381265,Bottom Left,h,2.12,2.12,correct,FALSE,0.742853,10.08127017,high,0.364950618,low,12.89123284,14.9176846,0.628290595,medium,0.787643318,high,0.332404,low,0.419661,low
24,30,"3,5",3,5,4.609772229,Top Left,h,0.85,0.85,correct,FALSE,0.757983,10.13658799,high,0.1985744,low,11.71430297,13.95804308,0.426211827,medium,0.650370153,medium,0.287501,low,0.371619,low
24,31,"3,11",3,11,3.905124838,Top Right,h,1.17,1.17,correct,FALSE,0.739741,12.97809717,high,0.57621325,medium,14.39417639,14.49449471,0.702438435,high,0.722998537,high,0.300628,low,0.368617,low
24,32,"4,12",4,12,4.031128874,Top Right,h,0.9,0.9,correct,FALSE,0.73963,12.75788073,high,0.582858012,medium,14.37935683,16.55274693,0.761275298,high,0.874402618,high,0.655942,medium,0.78649,high
24,33,"2,11",2,11,4.716990566,Top Right,m,1.05,1.05,correct,FALSE,0.507319,8.711511,medium,0.265492587,low,11.94884922,13.84177221,0.56425953,medium,0.697536209,medium,0.315344,low,0.50332,medium
24,34,"3,3",3,3,6.264982043,Top Left,m,5.84,5.84,correct,FALSE,0.501834,9.203473626,medium,0.269606409,low,15.24917709,12.38486797,0.619907995,medium,0.670961945,medium,0.249213,low,0.374208,low
24,35,"5,2",5,2,6.576473219,Top Left,m,1.22,1.22,correct,FALSE,0.502767,12.18970349,high,0.370590399,low,12.53660953,16.26785348,0.578909406,medium,0.817709103,high,0.508171,medium,0.842493,high
24,36,"5,16",5,16,7.566372975,Top Right,h,2.01,2.01,correct,FALSE,0.731307,10.95698507,high,0.480901337,medium,15.20775849,13.56801681,0.741333493,high,0.771739,high,0.474986,low,0.409619,low
24,37,"2,15",2,15,7.632168761,Top Right,h,did not see,did not see,incorrect,FALSE,0.733042,7.190191084,low,0.362656063,low,9.38279328,13.76564234,0.551752233,medium,0.766353542,high,0.411468,low,0.391219,low
24,38,"5,9",5,9,1.118033989,Top Right,l,1.06,1.06,correct,FALSE,0.144013,10.1573656,high,0.315364198,low,11.43292894,16.38790518,0.536672831,medium,0.808671829,high,0.262363,low,0.473711,low
24,39,"3,5",3,5,4.609772229,Top Left,h,1.28,1.28,correct,FALSE,0.757983,10.13658799,high,0.1985744,low,11.71430297,13.95804308,0.426211827,medium,0.650370153,medium,0.287501,low,0.371619,low
24,40,"6,8",6,8,0.5,Bottom Left,h,1.39,1.39,correct,FALSE,0.747406,10.84347815,high,0.469390509,medium,13.00536534,17.24292791,0.673454494,medium,0.82402513,high,0.777596,high,0.801109,high
24,41,"9,4",9,4,5.408326913,Bottom Left,m,1.22,1.22,correct,FALSE,0.500631,9.10596,medium,0.292824624,low,11.29495284,13.62086718,0.518292385,medium,0.712222694,high,0.279565,low,0.346036,low
24,42,"10,4",10,4,6.020797289,Bottom Left,h,2.66,2.66,correct,FALSE,0.766454,9.475999,medium,0.297819217,low,13.01867065,13.95055075,0.536236678,medium,0.749323814,high,0.468754,low,0.527345,medium
24,43,"4,5",4,5,4.031128874,Top Left,l,1.3,1.3,correct,FALSE,0.136479,8.881531158,medium,0.267210825,low,12.51184051,13.03479379,0.572692737,medium,0.696187913,medium,0.289533,low,0.554078,medium
24,44,"11,7",11,7,5.220153254,Bottom Left,h,2.62,2.62,correct,FALSE,0.747791,11.71577541,high,0.618379163,medium,12.40029397,17.66404566,0.755906877,high,0.896580792,high,0.750809,high,0.883692,high
24,45,"2,12",2,12,5.315072906,Top Right,l,did not see,did not see,incorrect,FALSE,0.147122,4.198022944,low,0.139917736,low,11.81424932,8.671105795,0.651215233,medium,0.324339742,low,0.463928,low,0.210546,low
24,46,"11,7",11,7,5.220153254,Bottom Left,h,1.35,1.35,correct,FALSE,0.747791,11.71577541,high,0.618379163,medium,12.40029397,17.66404566,0.755906877,high,0.896580792,high,0.750809,high,0.883692,high
24,47,"6,5",6,5,3.5,Bottom Left,h,1.17,1.17,correct,FALSE,0.758518,9.521109396,medium,0.375644685,low,10.9699314,19.57951928,0.61443564,medium,0.85735487,high,0.27523,low,0.468925,low
24,48,"7,7",7,7,1.802775638,Bottom Left,m,2.88,2.88,correct,FALSE,0.502215,8.656773238,low,0.422748638,medium,12.36911757,15.11340049,0.665249717,medium,0.783442259,high,0.661167,medium,0.560356,medium
24,49,"8,15",8,15,6.800735254,Bottom Right,h,1.27,1.27,correct,FALSE,0.734422,8.71238593,medium,0.197689989,low,9.394358316,14.47228739,0.326145567,low,0.696217668,medium,0.591615,medium,0.755431,high
24,50,"2,6",2,6,4.716990566,Top Left,l,0.89,0.89,correct,FALSE,0.137677,9.56870836,medium,0.265540002,low,10.68589655,17.76339604,0.512944441,medium,0.817970532,high,0.211048,low,0.855506,high
24,51,"4,2",4,2,6.800735254,Top Left,l,0.77,0.77,correct,FALSE,0.132594,8.384166337,low,0.187199346,low,10.43115729,14.61057,0.474703557,medium,0.638381719,medium,0.659985,medium,0.502528,medium
24,52,"9,12",9,12,4.609772229,Bottom Right,m,1.36,1.36,correct,FALSE,0.499084,10.24915996,high,0.436772256,medium,11.75493408,16.89304023,0.653406285,medium,0.859242589,high,0.256873,low,0.324843,low
24,53,"5,3",5,3,5.590169944,Top Left,l,1.09,1.09,correct,FALSE,0.1342,9.967776817,medium,0.331556565,low,11.66729724,18.18540653,0.585238831,medium,0.847005986,high,0.293884,low,0.236578,low
24,54,"6,6",6,6,2.5,Bottom Left,m,did not see,did not see,incorrect,FALSE,0.50213,9.303835705,medium,0.344452753,low,12.30512571,15.10671503,0.616769859,medium,0.778462511,high,0.495231,low,0.379595,low
24,55,"4,9",4,9,2.061552813,Top Right,h,early,early,incorrect,FALSE,0.74565,9.568562195,medium,0.394468384,low,13.91901641,13.32669257,0.663254697,medium,0.759413784,high,0.406466,low,0.418488,low
24,56,"2,12",2,12,5.315072906,Top Right,l,2.97,2.97,correct,FALSE,0.147122,4.198022944,low,0.139917736,low,11.81424932,8.671105795,0.651215233,medium,0.324339742,low,0.463928,low,0.210546,low
24,57,"11,8",11,8,5.024937811,Bottom Left,m,1.49,1.49,correct,FALSE,0.502892,8.38158913,low,0.186747736,low,11.24587368,13.01680924,0.501628904,medium,0.585746516,medium,0.26396,low,0.427673,low
24,58,"6,6",6,6,2.5,Bottom Left,m,0.94,0.94,correct,FALSE,0.50213,9.303835705,medium,0.344452753,low,12.30512571,15.10671503,0.616769859,medium,0.778462511,high,0.495231,low,0.379595,low
24,59,"2,2",2,2,7.632168761,Top Left,m,did not see,did not see,incorrect,FALSE,0.503448,7.575062934,low,0.261009,low,11.01136572,13.10773724,0.527858233,medium,0.692547368,medium,0.40163,low,0.355659,low
24,60,"11,10",11,10,5.220153254,Bottom Right,h,2.75,2.75,correct,FALSE,0.7424,7.486701604,low,0.319743383,low,11.55579275,12.08806228,0.593751088,medium,0.661036,medium,0.472472,low,0.497795,low
24,61,"10,13",10,13,6.020797289,Bottom Right,m,1.26,1.26,correct,FALSE,0.500591,10.06340683,high,0.298305425,low,10.13842924,19.49684594,0.474857724,medium,0.850984441,high,0.52999,medium,0.83216,high
24,62,"5,5",5,5,3.640054945,Top Left,m,1,1,correct,FALSE,0.502465,11.24589236,high,0.273838784,low,14.15985759,13.58914319,0.562401451,medium,0.693121,medium,0.359365,low,0.346689,low
24,63,"10,9",10,9,4.031128874,Bottom Right,h,1.17,1.17,incorrect,FALSE,0.740666,7.720993015,low,0.09442,low,9.414941719,20.20555172,0.366135278,low,0.756319945,high,0.725229,high,0.872892,high
24,64,"2,15",2,15,7.632168761,Top Right,h,did not see,did not see,incorrect,FALSE,0.733042,7.190191084,low,0.362656063,low,9.38279328,13.76564234,0.551752233,medium,0.766353542,high,0.411468,low,0.391219,low
24,65,"6,7",6,7,1.5,Bottom Left,l,0.89,0.89,correct,FALSE,0.140702,9.368791299,medium,0.253334812,low,10.28533586,20.54707722,0.498136795,medium,0.82694999,high,0.31958,low,0.609008,medium
24,66,"7,3",7,3,5.590169944,Bottom Left,h,1.36,1.36,correct,FALSE,0.774946,9.724362425,medium,0.197498191,low,14.74645657,13.75065309,0.475417485,medium,0.734164,high,0.791478,high,0.899087,high
24,67,"9,13",9,13,5.408326913,Bottom Right,l,1.14,1.14,correct,FALSE,0.149172,8.84052,medium,0.238928625,low,11.52561954,14.22189736,0.560865373,medium,0.648101,medium,0.311128,low,0.324536,low
24,68,"5,3",5,3,5.590169944,Top Left,l,0.88,0.88,correct,FALSE,0.1342,9.967776817,medium,0.331556565,low,11.66729724,18.18540653,0.585238831,medium,0.847005986,high,0.293884,low,0.236578,low
24,69,"3,13",3,13,5.408326913,Top Right,l,0.91,0.91,correct,FALSE,0.148752,7.830256908,low,0.087852,low,11.31387763,14.11025248,0.462885969,medium,0.559545804,medium,0.344234,low,0.327035,low
24,70,"10,13",10,13,6.020797289,Bottom Right,m,0.87,0.87,correct,FALSE,0.500591,10.06340683,high,0.298305425,low,10.13842924,19.49684594,0.474857724,medium,0.850984441,high,0.52999,medium,0.83216,high
24,71,"4,6",4,6,3.201562119,Top Left,h,0.82,0.82,correct,FALSE,0.754106,9.296781572,medium,0.211521854,low,12.15512509,12.68434359,0.516418304,medium,0.57710279,medium,0.415739,low,0.422205,low
24,72,"8,8",8,8,2.061552813,Bottom Left,m,0.84,0.84,correct,FALSE,0.493819,7.823545292,low,0.214039562,low,10.49018996,13.59269788,0.461056536,medium,0.690899417,medium,0.416045,low,0.720582,high
24,73,"6,12",6,12,3.5,Bottom Right,m,3.3,3.3,correct,FALSE,0.500156,7.801163073,low,0.335256932,low,10.65907573,14.97632894,0.585893888,medium,0.806898182,high,0.331647,low,0.475351,low
24,74,"6,5",6,5,3.5,Bottom Left,h,0.76,0.76,correct,FALSE,0.758518,9.521109396,medium,0.375644685,low,10.9699314,19.57951928,0.61443564,medium,0.85735487,high,0.27523,low,0.468925,low
24,75,"9,10",9,10,3.354101966,Bottom Right,l,1.41,1.41,correct,FALSE,0.146642,4.842865959,low,0.178752532,low,10.02491233,10.40007359,0.543976362,medium,0.577367835,medium,0.272733,low,0.263515,low
24,76,"2,11",2,11,4.716990566,Top Right,m,0.79,0.79,correct,FALSE,0.507319,8.711511,medium,0.265492587,low,11.94884922,13.84177221,0.56425953,medium,0.697536209,medium,0.315344,low,0.50332,medium
24,77,"4,4",4,4,4.924428901,Top Left,h,1.01,1.01,correct,FALSE,0.771979,7.208511187,low,0.285060423,low,9.166194,16.83160892,0.500389391,medium,0.766199896,high,0.752833,high,0.835335,high
24,78,"6,15",6,15,6.5,Bottom Right,l,1.38,1.38,correct,FALSE,0.152267,9.618126041,medium,0.19610824,low,12.4081962,13.77561861,0.522964476,medium,0.647909571,medium,0.26877,low,0.249944,low
24,79,"5,1",5,1,7.566372975,Top Left,m,1.24,1.24,correct,FALSE,0.504358,8.963868659,medium,0.257528758,low,11.74972293,14.17658446,0.518899952,medium,0.760644914,high,0.296504,low,0.331203,low
24,80,"8,12",8,12,4.031128874,Bottom Right,l,0.97,0.97,correct,FALSE,0.14951,6.7113568,low,0.276203655,low,11.74177958,12.67166615,0.636724214,medium,0.630259853,medium,0.209357,low,0.607968,medium
24,81,"10,10",10,10,4.272001873,Bottom Right,m,1.52,1.52,correct,FALSE,0.499534,9.648563,medium,0.261810297,low,11.97052117,14.50783338,0.54347749,medium,0.736437882,high,0.248511,low,0.310609,low
24,82,"10,9",10,9,4.031128874,Bottom Right,h,1.22,1.22,correct,FALSE,0.740666,7.720993015,low,0.09442,low,9.414941719,20.20555172,0.366135278,low,0.756319945,high,0.725229,high,0.872892,high
24,83,"11,10",11,10,5.220153254,Bottom Right,h,1.02,1.02,correct,FALSE,0.7424,7.486701604,low,0.319743383,low,11.55579275,12.08806228,0.593751088,medium,0.661036,medium,0.472472,low,0.497795,low
24,84,"6,13",6,13,4.5,Bottom Right,l,0.86,0.86,correct,FALSE,0.149463,8.894658798,medium,0.198630146,low,10.14233311,14.99006896,0.434059046,medium,0.656537547,medium,0.607367,medium,0.435968,low
24,85,"7,3",7,3,5.590169944,Bottom Left,h,2.04,2.04,correct,FALSE,0.774946,9.724362425,medium,0.197498191,low,14.74645657,13.75065309,0.475417485,medium,0.734164,high,0.791478,high,0.899087,high
24,86,"8,13",8,13,4.924428901,Bottom Right,h,1,1,correct,FALSE,0.733349,8.535357277,low,0.152199734,low,13.92567612,11.80376331,0.452735111,medium,0.619001128,medium,0.36034,low,0.389775,low
24,87,"2,14",2,14,6.800735254,Top Right,l,1.34,1.34,correct,FALSE,0.153089,6.198447454,low,0.126601005,low,7.534082099,16.9978782,0.269930049,low,0.786624921,high,0.208594,low,0.843005,high
24,88,"8,8",8,8,2.061552813,Bottom Left,m,0.91,0.91,correct,FALSE,0.493819,7.823545292,low,0.214039562,low,10.49018996,13.59269788,0.461056536,medium,0.690899417,medium,0.416045,low,0.720582,high
24,89,"5,5",5,5,3.640054945,Top Left,m,0.83,0.83,correct,FALSE,0.502465,11.24589236,high,0.273838784,low,14.15985759,13.58914319,0.562401451,medium,0.693121,medium,0.359365,low,0.346689,low
24,90,"1,3",1,3,7.433034374,Top Left,h,did not see,did not see,incorrect,FALSE,0.777352,8.700985643,medium,0.180291529,low,12.53741084,13.09281069,0.495628437,medium,0.627498461,medium,0.271993,low,0.279534,low
24,91,"8,15",8,15,6.800735254,Bottom Right,h,1.04,1.04,correct,FALSE,0.734422,8.71238593,medium,0.197689989,low,9.394358316,14.47228739,0.326145567,low,0.696217668,medium,0.591615,medium,0.755431,high
24,92,"2,8",2,8,4.031128874,Top Left,m,1.95,1.95,correct,FALSE,0.496145,7.437528461,low,0.246270248,low,10.94292144,11.86846537,0.530839105,medium,0.515177493,medium,0.622473,medium,0.76804,high
24,93,"7,1",7,1,7.566372975,Bottom Left,l,1.36,1.36,correct,FALSE,0.132252,7.582976558,low,0.345801319,low,9.144453936,17.41873825,0.541548451,medium,0.866349973,high,0.213652,low,0.392083,low
24,94,"9,10",9,10,3.354101966,Bottom Right,l,1.32,1.32,correct,FALSE,0.146642,4.842865959,low,0.178752532,low,10.02491233,10.40007359,0.543976362,medium,0.577367835,medium,0.272733,low,0.263515,low
24,95,"3,10",3,10,3.354101966,Top Right,l,0.85,0.85,correct,FALSE,0.144849,6.369818919,low,0.232284989,low,7.812647392,17.3506997,0.415176996,medium,0.834617823,high,0.243589,low,0.628278,medium
24,96,"7,7",7,7,1.802775638,Bottom Left,m,0.97,0.97,correct,FALSE,0.502215,8.656773238,low,0.422748638,medium,12.36911757,15.11340049,0.665249717,medium,0.783442259,high,0.661167,medium,0.560356,medium
24,97,"7,3",7,3,5.590169944,Bottom Left,h,2.65,2.65,correct,FALSE,0.774946,9.724362425,medium,0.197498191,low,14.74645657,13.75065309,0.475417485,medium,0.734164,high,0.791478,high,0.899087,high
24,98,"5,6",5,6,2.692582404,Top Left,l,1.01,1.01,correct,FALSE,0.137007,11.85409478,high,0.301373005,low,13.55548575,15.32652697,0.575947742,medium,0.785880368,high,0.230773,low,0.809041,high
24,99,"6,6",6,6,2.5,Bottom Left,m,1.05,1.05,correct,FALSE,0.50213,9.303835705,medium,0.344452753,low,12.30512571,15.10671503,0.616769859,medium,0.778462511,high,0.495231,low,0.379595,low
24,100,"11,11",11,11,5.590169944,Bottom Right,m,7.63 late,7.63,correct,TRUE,0.500313,7.72330069,low,0.243319301,low,14.53998244,10.58344222,0.636649044,medium,0.48022524,medium,0.609538,medium,0.67236,medium
25,1,"1,6",1,6,5.590169944,Top Left,h,did not see,did not see,incorrect,FALSE,0.754725,8.856830277,medium,0.309107906,low,10.27276575,14.64687878,0.52115134,medium,0.721206637,high,0.33695,low,0.405107,low
25,2,"4,10",4,10,2.5,Top Right,m,did not see,did not see,incorrect,FALSE,0.500548,9.500195729,medium,0.379485994,low,11.42713543,15.01084666,0.587086094,medium,0.82090987,high,0.378461,low,0.409957,low
25,3,"1,12",1,12,6.103277808,Top Right,h,early,early,incorrect,FALSE,0.734679,10.78471464,high,0.179079909,low,15.34391694,14.38535754,0.508477,medium,0.677180145,medium,0.33493,low,0.444266,low
25,4,"8,10",8,10,2.5,Bottom Right,h,did not see,did not see,incorrect,FALSE,0.741974,10.06407798,high,0.471237997,medium,12.8613049,13.91766946,0.659242311,medium,0.718854645,high,0.764273,high,0.849275,high
25,5,"9,10",9,10,3.354101966,Bottom Right,l,8.36 late,8.36,correct,TRUE,0.146642,4.842865959,low,0.178752532,low,10.02491233,10.40007359,0.543976362,medium,0.577367835,medium,0.272733,low,0.263515,low
25,6,"1,9",1,9,5.024937811,Top Right,h,early,early,incorrect,FALSE,0.746658,4.614111186,low,0.149265881,low,10.49183059,9.696995934,0.512781742,medium,0.479681,medium,0.207347,low,0.183588,low
25,7,"8,6",8,6,3.201562119,Bottom Left,l,1.37,1.37,correct,FALSE,0.137514,6.58017712,low,0.175683828,low,11.78284776,11.33352803,0.549881338,medium,0.599510892,medium,0.261824,low,0.237724,low
25,8,"8,4",8,4,4.924428901,Bottom Left,l,1.32,1.32,correct,FALSE,0.137801,10.82672146,high,0.271906525,low,12.32915256,18.23452335,0.555508433,medium,0.801467617,high,0.28184,low,0.487307,low
25,9,"4,7",4,7,2.5,Top Left,m,0.92,0.92,correct,FALSE,0.501152,10.45108603,high,0.369602246,low,13.5879752,13.63761844,0.633729766,medium,0.711391657,high,0.578822,medium,0.878454,high
25,10,"9,11",9,11,3.905124838,Bottom Right,h,1.14,1.14,correct,FALSE,0.736154,8.760130193,medium,0.217604518,low,11.7019116,14.37227722,0.512020649,medium,0.729585118,high,0.657147,medium,0.740195,high
25,11,"7,6",7,6,2.692582404,Bottom Left,h,0.85,0.85,correct,FALSE,0.756419,11.65619691,high,0.275797555,low,14.48470332,13.39998735,0.527994,medium,0.712493068,high,0.280259,low,0.343404,low
25,12,"2,5",2,5,5.315072906,Top Left,m,1.09,1.09,correct,FALSE,0.499479,9.882301288,medium,0.348527167,low,11.37682503,13.61966925,0.567416182,medium,0.6647829,medium,0.436669,low,0.593175,medium
25,13,"9,3",9,3,6.264982043,Bottom Left,m,did not see,did not see,incorrect,FALSE,0.500359,10.42570256,high,0.309994248,low,13.28985571,14.62567209,0.607134066,medium,0.71786737,high,0.629409,medium,0.703189,high
25,14,"5,6",5,6,2.692582404,Top Left,l,early,early,incorrect,FALSE,0.137007,11.85409478,high,0.301373005,low,13.55548575,15.32652697,0.575947742,medium,0.785880368,high,0.230773,low,0.809041,high
25,15,"11,8",11,8,5.024937811,Bottom Left,m,did not see,did not see,incorrect,FALSE,0.502892,8.38158913,low,0.186747736,low,11.24587368,13.01680924,0.501628904,medium,0.585746516,medium,0.26396,low,0.427673,low
25,16,"3,12",3,12,4.609772229,Top Right,m,0.75,0.75,correct,FALSE,0.503271,11.01952866,high,0.486262059,medium,12.98841629,16.65209115,0.682977,medium,0.854956468,high,0.324602,low,0.423311,low
25,17,"11,5",11,5,6.103277808,Bottom Left,m,did not see,did not see,incorrect,FALSE,0.49994,7.961968337,low,0.30969124,low,10.02452302,15.11988237,0.541161959,medium,0.78335509,high,0.437235,low,0.455353,low
25,18,"5,6",5,6,2.692582404,Top Left,l,0.74,0.74,correct,FALSE,0.137007,11.85409478,high,0.301373005,low,13.55548575,15.32652697,0.575947742,medium,0.785880368,high,0.230773,low,0.809041,high
25,19,"7,1",7,1,7.566372975,Bottom Left,l,1.01,1.01,correct,FALSE,0.132252,7.582976558,low,0.345801319,low,9.144453936,17.41873825,0.541548451,medium,0.866349973,high,0.213652,low,0.392083,low
25,20,"5,16",5,16,7.566372975,Top Right,h,1.13,1.13,correct,FALSE,0.731307,10.95698507,high,0.480901337,medium,15.20775849,13.56801681,0.741333493,high,0.771739,high,0.474986,low,0.409619,low
25,21,"5,7",5,7,1.802775638,Top Left,h,1.18,1.18,correct,FALSE,0.747937,9.302374,medium,0.146219451,low,10.57046,14.78080315,0.399254733,low,0.647512864,medium,0.69043,medium,0.785063,high
25,22,"2,7",2,7,4.272001873,Top Left,h,5.89,5.89,correct,FALSE,0.750853,10.83670903,high,0.346841904,low,13.92310566,13.91547688,0.600680487,medium,0.745452,high,0.392602,low,0.384493,low
25,23,"2,10",2,10,4.272001873,Top Right,h,1.21,1.21,correct,FALSE,0.742032,10.62671603,high,0.172589076,low,12.72105262,13.472514,0.479026913,medium,0.597659753,medium,0.409177,low,0.337879,low
25,24,"8,8",8,8,2.061552813,Bottom Left,m,1.15,1.15,correct,FALSE,0.493819,7.823545292,low,0.214039562,low,10.49018996,13.59269788,0.461056536,medium,0.690899417,medium,0.416045,low,0.720582,high
25,25,"7,9",7,9,1.118033989,Bottom Right,h,1.23,1.23,correct,FALSE,0.741072,10.47874979,high,0.105368632,low,13.97430586,14.12906901,0.400642002,medium,0.675553024,medium,0.215563,low,0.248952,low
25,26,"4,11",4,11,3.201562119,Top Right,l,0.97,0.97,correct,FALSE,0.147533,9.491143,medium,0.351428353,low,10.57838121,14.90992107,0.513114,medium,0.78581271,high,0.25485,low,0.475575,low
25,27,"6,15",6,15,6.5,Bottom Right,l,1.25,1.25,correct,FALSE,0.152267,9.618126041,medium,0.19610824,low,12.4081962,13.77561861,0.522964476,medium,0.647909571,medium,0.26877,low,0.249944,low
25,28,"7,6",7,6,2.692582404,Bottom Left,h,1.28,1.28,correct,FALSE,0.756419,11.65619691,high,0.275797555,low,14.48470332,13.39998735,0.527994,medium,0.712493068,high,0.280259,low,0.343404,low
25,29,"9,4",9,4,5.408326913,Bottom Left,m,1.42,1.42,correct,FALSE,0.500631,9.10596,medium,0.292824624,low,11.29495284,13.62086718,0.518292385,medium,0.712222694,high,0.279565,low,0.346036,low
25,30,"5,1",5,1,7.566372975,Top Left,m,2.01,2.01,correct,FALSE,0.504358,8.963868659,medium,0.257528758,low,11.74972293,14.17658446,0.518899952,medium,0.760644914,high,0.296504,low,0.331203,low
25,31,"7,10",7,10,1.802775638,Bottom Right,m,1.12,1.12,correct,FALSE,0.504616,8.846064443,medium,0.264185511,low,10.39642952,15.29320027,0.498121412,medium,0.767084075,high,0.482822,low,0.627348,medium
25,32,"4,16",4,16,7.762087348,Top Right,m,1.87,1.87,correct,FALSE,0.50125,8.299104911,low,0.286777541,low,11.34849756,14.97253819,0.558209,medium,0.772560469,high,0.41141,low,0.565303,medium
25,33,"8,10",8,10,2.5,Bottom Right,h,1.54,1.54,correct,FALSE,0.741974,10.06407798,high,0.471237997,medium,12.8613049,13.91766946,0.659242311,medium,0.718854645,high,0.764273,high,0.849275,high
25,34,"9,11",9,11,3.905124838,Bottom Right,h,1.16,1.16,correct,FALSE,0.736154,8.760130193,medium,0.217604518,low,11.7019116,14.37227722,0.512020649,medium,0.729585118,high,0.657147,medium,0.740195,high
25,35,"3,12",3,12,4.609772229,Top Right,m,1.27,1.27,correct,FALSE,0.503271,11.01952866,high,0.486262059,medium,12.98841629,16.65209115,0.682977,medium,0.854956468,high,0.324602,low,0.423311,low
25,36,"10,13",10,13,6.020797289,Bottom Right,m,0.95,0.95,correct,FALSE,0.500591,10.06340683,high,0.298305425,low,10.13842924,19.49684594,0.474857724,medium,0.850984441,high,0.52999,medium,0.83216,high
25,37,"1,8",1,8,5.024937811,Top Left,l,did not see,did not see,incorrect,FALSE,0.140666,10.43548707,high,0.147774762,low,12.36143857,12.58136712,0.333545032,low,0.608577825,medium,0.198327,low,0.78928,high
25,38,"7,1",7,1,7.566372975,Bottom Left,l,1.16,1.16,correct,FALSE,0.132252,7.582976558,low,0.345801319,low,9.144453936,17.41873825,0.541548451,medium,0.866349973,high,0.213652,low,0.392083,low
25,39,"11,5",11,5,6.103277808,Bottom Left,m,did not see,did not see,incorrect,FALSE,0.49994,7.961968337,low,0.30969124,low,10.02452302,15.11988237,0.541161959,medium,0.78335509,high,0.437235,low,0.455353,low
25,40,"4,14",4,14,5.852349955,Top Right,h,1.01,1.01,correct,FALSE,0.735171,11.88798567,high,0.457684982,medium,12.98160823,14.25592469,0.640851092,medium,0.74554436,high,0.620534,medium,0.690039,medium
25,41,"5,14",5,14,5.590169944,Top Right,l,0.83,0.83,correct,FALSE,0.148361,7.042300446,low,0.248229732,low,10.42296033,12.87568645,0.51788006,medium,0.693103962,medium,0.383289,low,0.622011,medium
25,42,"4,11",4,11,3.201562119,Top Right,l,1.45,1.45,correct,FALSE,0.147533,9.491143,medium,0.351428353,low,10.57838121,14.90992107,0.513114,medium,0.78581271,high,0.25485,low,0.475575,low
25,43,"10,4",10,4,6.020797289,Bottom Left,h,did not see,did not see,incorrect,FALSE,0.766454,9.475999,medium,0.297819217,low,13.01867065,13.95055075,0.536236678,medium,0.749323814,high,0.468754,low,0.527345,medium
25,44,"9,6",9,6,3.905124838,Bottom Left,m,1.03,1.03,correct,FALSE,0.502667,8.725985556,medium,0.416661317,medium,11.24819177,14.54266132,0.628532,medium,0.777890291,high,0.529516,medium,0.826592,high
25,45,"7,5",7,5,3.640054945,Bottom Left,l,0.92,0.92,correct,FALSE,0.136619,8.412961428,low,0.28125962,low,16.88384777,10.6486613,0.744452681,high,0.485269067,medium,0.423673,low,0.42576,low
25,46,"1,5",1,5,6.103277808,Top Left,l,1.69,1.69,correct,FALSE,0.136468,8.949655165,medium,0.179499017,low,14.62175838,11.68992987,0.556387383,medium,0.547019886,medium,0.417885,low,0.495363,low
25,47,"7,14",7,14,5.590169944,Bottom Right,h,0.09,0.09,correct,FALSE,0.730382,10.20810724,high,0.368456249,low,10.20322957,18.98257046,0.520062077,medium,0.858920336,high,0.657745,medium,0.844669,high
25,48,"9,14",9,14,6.264982043,Bottom Right,m,1.62,1.62,correct,FALSE,0.501958,8.100082281,low,0.232398,low,10.25427901,14.93116493,0.483564504,medium,0.751513,high,0.331301,low,0.404129,low
25,49,"4,15",4,15,6.800735254,Top Right,m,1.06,1.06,correct,FALSE,0.498275,7.867547353,low,0.335434947,low,11.27061811,13.98475212,0.633041731,medium,0.737636419,high,0.49275,low,0.860712,high
25,50,"3,9",3,9,3.041381265,Top Right,m,1.45,1.45,correct,FALSE,0.504792,10.31849384,high,0.271206972,low,13.96853889,12.48458473,0.58159587,medium,0.615691469,medium,0.32786,low,0.308924,low
25,51,"6,7",6,7,1.5,Bottom Left,l,1.03,1.03,correct,FALSE,0.140702,9.368791299,medium,0.253334812,low,10.28533586,20.54707722,0.498136795,medium,0.82694999,high,0.31958,low,0.609008,medium
25,52,"8,8",8,8,2.061552813,Bottom Left,m,1.48,1.48,correct,FALSE,0.493819,7.823545292,low,0.214039562,low,10.49018996,13.59269788,0.461056536,medium,0.690899417,medium,0.416045,low,0.720582,high
25,53,"1,4",1,4,6.726812024,Top Left,h,1.62,1.62,correct,FALSE,0.775971,9.826318,medium,0.18007873,low,12.10056338,13.42246571,0.422549622,medium,0.648673698,medium,0.358936,low,0.397134,low
25,54,"5,1",5,1,7.566372975,Top Left,m,1.09,1.09,correct,FALSE,0.504358,8.963868659,medium,0.257528758,low,11.74972293,14.17658446,0.518899952,medium,0.760644914,high,0.296504,low,0.331203,low
25,55,"1,3",1,3,7.433034374,Top Left,h,did not see,did not see,incorrect,FALSE,0.777352,8.700985643,medium,0.180291529,low,12.53741084,13.09281069,0.495628437,medium,0.627498461,medium,0.271993,low,0.279534,low
25,56,"10,10",10,10,4.272001873,Bottom Right,m,did not see,did not see,incorrect,FALSE,0.499534,9.648563,medium,0.261810297,low,11.97052117,14.50783338,0.54347749,medium,0.736437882,high,0.248511,low,0.310609,low
25,57,"9,13",9,13,5.408326913,Bottom Right,l,did not see,did not see,incorrect,FALSE,0.149172,8.84052,medium,0.238928625,low,11.52561954,14.22189736,0.560865373,medium,0.648101,medium,0.311128,low,0.324536,low
25,58,"7,9",7,9,1.118033989,Bottom Right,h,1.25,1.25,correct,FALSE,0.741072,10.47874979,high,0.105368632,low,13.97430586,14.12906901,0.400642002,medium,0.675553024,medium,0.215563,low,0.248952,low
25,59,"1,14",1,14,7.433034374,Top Right,h,1.91,1.91,correct,FALSE,0.736799,10.48444,high,0.269980479,low,12.62634897,13.54333989,0.496518415,medium,0.670272006,medium,0.656448,medium,0.815978,high
25,60,"7,9",7,9,1.118033989,Bottom Right,h,1.34,1.34,correct,FALSE,0.741072,10.47874979,high,0.105368632,low,13.97430586,14.12906901,0.400642002,medium,0.675553024,medium,0.215563,low,0.248952,low
25,61,"2,9",2,9,4.031128874,Top Right,l,1.38,1.38,correct,FALSE,0.141383,5.259092283,low,0.191067006,low,7.472157105,15.11903036,0.407429085,medium,0.794420219,high,0.422637,low,0.339625,low
25,62,"5,4",5,4,4.609772229,Top Left,l,1.08,1.08,correct,FALSE,0.136391,8.757408692,medium,0.090708,low,16.68725905,10.80687347,0.520577217,medium,0.421863859,medium,0.539504,medium,0.356104,low
25,63,"7,6",7,6,2.692582404,Bottom Left,h,1.41,1.41,correct,FALSE,0.756419,11.65619691,high,0.275797555,low,14.48470332,13.39998735,0.527994,medium,0.712493068,high,0.280259,low,0.343404,low
25,64,"10,13",10,13,6.020797289,Bottom Right,m,did not see,did not see,incorrect,FALSE,0.500591,10.06340683,high,0.298305425,low,10.13842924,19.49684594,0.474857724,medium,0.850984441,high,0.52999,medium,0.83216,high
25,65,"2,6",2,6,4.716990566,Top Left,l,0.99,0.99,correct,FALSE,0.137677,9.56870836,medium,0.265540002,low,10.68589655,17.76339604,0.512944441,medium,0.817970532,high,0.211048,low,0.855506,high
25,66,"3,3",3,3,6.264982043,Top Left,m,2.87,2.87,correct,FALSE,0.501834,9.203473626,medium,0.269606409,low,15.24917709,12.38486797,0.619907995,medium,0.670961945,medium,0.249213,low,0.374208,low
25,67,"5,6",5,6,2.692582404,Top Left,l,0.97,0.97,correct,FALSE,0.137007,11.85409478,high,0.301373005,low,13.55548575,15.32652697,0.575947742,medium,0.785880368,high,0.230773,low,0.809041,high
25,68,"5,4",5,4,4.609772229,Top Left,l,1.01,1.01,correct,FALSE,0.136391,8.757408692,medium,0.090708,low,16.68725905,10.80687347,0.520577217,medium,0.421863859,medium,0.539504,medium,0.356104,low
25,69,"7,13",7,13,4.609772229,Bottom Right,m,1.06,1.06,correct,FALSE,0.500695,8.19808684,low,0.391253477,low,10.44949291,15.81823347,0.604299494,medium,0.829366988,high,0.453987,low,0.412429,low
25,70,"11,12",11,12,6.103277808,Bottom Right,l,did not see,did not see,incorrect,FALSE,0.149208,6.964910345,low,0.205383878,low,11.37227671,11.36056335,0.513272278,medium,0.60665,medium,0.250617,low,0.465814,low
25,71,"4,5",4,5,4.031128874,Top Left,l,0.98,0.98,correct,FALSE,0.136479,8.881531158,medium,0.267210825,low,12.51184051,13.03479379,0.572692737,medium,0.696187913,medium,0.289533,low,0.554078,medium
25,72,"8,3",8,3,5.852349955,Bottom Left,l,1.58,1.58,correct,FALSE,0.132426,8.622265,low,0.330608731,low,12.90807718,12.5445627,0.668523,medium,0.630429519,medium,0.154598,low,0.922716,high
25,73,"7,14",7,14,5.590169944,Bottom Right,h,0.9,0.9,correct,FALSE,0.730382,10.20810724,high,0.368456249,low,10.20322957,18.98257046,0.520062077,medium,0.858920336,high,0.657745,medium,0.844669,high
25,74,"11,8",11,8,5.024937811,Bottom Left,m,2.19,2.19,correct,FALSE,0.502892,8.38158913,low,0.186747736,low,11.24587368,13.01680924,0.501628904,medium,0.585746516,medium,0.26396,low,0.427673,low
25,75,"1,4",1,4,6.726812024,Top Left,h,1.18,1.18,correct,FALSE,0.775971,9.826318,medium,0.18007873,low,12.10056338,13.42246571,0.422549622,medium,0.648673698,medium,0.358936,low,0.397134,low
25,76,"3,9",3,9,3.041381265,Top Right,m,1.27,1.27,correct,FALSE,0.504792,10.31849384,high,0.271206972,low,13.96853889,12.48458473,0.58159587,medium,0.615691469,medium,0.32786,low,0.308924,low
25,77,"11,11",11,11,5.590169944,Bottom Right,m,4.46,4.46,correct,FALSE,0.500313,7.72330069,low,0.243319301,low,14.53998244,10.58344222,0.636649044,medium,0.48022524,medium,0.609538,medium,0.67236,medium
25,78,"5,13",5,13,4.609772229,Top Right,h,0.87,0.87,correct,FALSE,0.736745,11.33257586,high,0.183858439,low,12.73454577,13.35596674,0.467911418,medium,0.584303587,medium,0.405053,low,0.448635,low
25,79,"9,6",9,6,3.905124838,Bottom Left,m,0.93,0.93,correct,FALSE,0.502667,8.725985556,medium,0.416661317,medium,11.24819177,14.54266132,0.628532,medium,0.777890291,high,0.529516,medium,0.826592,high
25,80,"2,15",2,15,7.632168761,Top Right,h,1.23,1.23,correct,FALSE,0.733042,7.190191084,low,0.362656063,low,9.38279328,13.76564234,0.551752233,medium,0.766353542,high,0.411468,low,0.391219,low
25,81,"10,4",10,4,6.020797289,Bottom Left,h,did not see,did not see,incorrect,FALSE,0.766454,9.475999,medium,0.297819217,low,13.01867065,13.95055075,0.536236678,medium,0.749323814,high,0.468754,low,0.527345,medium
25,82,"11,11",11,11,5.590169944,Bottom Right,m,did not see,did not see,incorrect,FALSE,0.500313,7.72330069,low,0.243319301,low,14.53998244,10.58344222,0.636649044,medium,0.48022524,medium,0.609538,medium,0.67236,medium
25,83,"10,10",10,10,4.272001873,Bottom Right,m,did not see,did not see,incorrect,FALSE,0.499534,9.648563,medium,0.261810297,low,11.97052117,14.50783338,0.54347749,medium,0.736437882,high,0.248511,low,0.310609,low
25,84,"7,1",7,1,7.566372975,Bottom Left,l,1.19,1.19,correct,FALSE,0.132252,7.582976558,low,0.345801319,low,9.144453936,17.41873825,0.541548451,medium,0.866349973,high,0.213652,low,0.392083,low
25,85,"9,12",9,12,4.609772229,Bottom Right,m,0.81,0.81,correct,FALSE,0.499084,10.24915996,high,0.436772256,medium,11.75493408,16.89304023,0.653406285,medium,0.859242589,high,0.256873,low,0.324843,low
25,86,"1,4",1,4,6.726812024,Top Left,h,1.23,1.23,correct,FALSE,0.775971,9.826318,medium,0.18007873,low,12.10056338,13.42246571,0.422549622,medium,0.648673698,medium,0.358936,low,0.397134,low
25,87,"6,15",6,15,6.5,Bottom Right,l,0.97,0.97,correct,FALSE,0.152267,9.618126041,medium,0.19610824,low,12.4081962,13.77561861,0.522964476,medium,0.647909571,medium,0.26877,low,0.249944,low
25,88,"1,10",1,10,5.220153254,Top Right,m,0.98,0.98,correct,FALSE,0.499959,10.32626235,high,0.286714527,low,11.19447818,14.2366771,0.497438751,medium,0.649467159,medium,0.563235,medium,0.678726,medium
25,89,"8,14",8,14,5.852349955,Bottom Right,l,7.98 late,7.98,correct,TRUE,0.149415,4.954621676,low,0.185790744,low,12.97410347,9.090461796,0.702571619,high,0.438975857,medium,0.451169,low,0.355001,low
25,90,"7,1",7,1,7.566372975,Bottom Left,l,0.81,0.81,correct,FALSE,0.132252,7.582976558,low,0.345801319,low,9.144453936,17.41873825,0.541548451,medium,0.866349973,high,0.213652,low,0.392083,low
25,91,"7,2",7,2,6.576473219,Bottom Left,l,0.98,0.98,correct,FALSE,0.133131,9.29780517,medium,0.072964,low,13.80752412,11.36289305,0.381276229,low,0.45500579,medium,0.248192,low,0.476955,low
25,92,"8,8",8,8,2.061552813,Bottom Left,m,1.32,1.32,correct,FALSE,0.493819,7.823545292,low,0.214039562,low,10.49018996,13.59269788,0.461056536,medium,0.690899417,medium,0.416045,low,0.720582,high
25,93,"8,11",8,11,3.201562119,Bottom Right,m,0.8,0.8,correct,FALSE,0.499336,11.60434128,high,0.365012119,low,14.52275449,13.75396207,0.621860307,medium,0.714992648,high,0.297402,low,0.377662,low
25,94,"7,14",7,14,5.590169944,Bottom Right,h,0.89,0.89,correct,FALSE,0.730382,10.20810724,high,0.368456249,low,10.20322957,18.98257046,0.520062077,medium,0.858920336,high,0.657745,medium,0.844669,high
25,95,"6,13",6,13,4.5,Bottom Right,l,0.84,0.84,correct,FALSE,0.149463,8.894658798,medium,0.198630146,low,10.14233311,14.99006896,0.434059046,medium,0.656537547,medium,0.607367,medium,0.435968,low
25,96,"5,13",5,13,4.609772229,Top Right,h,0.71,0.71,correct,FALSE,0.736745,11.33257586,high,0.183858439,low,12.73454577,13.35596674,0.467911418,medium,0.584303587,medium,0.405053,low,0.448635,low
25,97,"4,10",4,10,2.5,Top Right,m,1.04,1.04,correct,FALSE,0.500548,9.500195729,medium,0.379485994,low,11.42713543,15.01084666,0.587086094,medium,0.82090987,high,0.378461,low,0.409957,low
25,98,"9,3",9,3,6.264982043,Bottom Left,m,1.67,1.67,correct,FALSE,0.500359,10.42570256,high,0.309994248,low,13.28985571,14.62567209,0.607134066,medium,0.71786737,high,0.629409,medium,0.703189,high
25,99,"3,5",3,5,4.609772229,Top Left,h,0.8,0.8,correct,FALSE,0.757983,10.13658799,high,0.1985744,low,11.71430297,13.95804308,0.426211827,medium,0.650370153,medium,0.287501,low,0.371619,low
25,100,"9,4",9,4,5.408326913,Bottom Left,m,1.74,1.74,correct,FALSE,0.500631,9.10596,medium,0.292824624,low,11.29495284,13.62086718,0.518292385,medium,0.712222694,high,0.279565,low,0.346036,low
26,1,"7,14",7,14,5.590169944,Bottom Right,h,did not see,did not see,incorrect,FALSE,0.730382,10.20810724,high,0.368456249,low,10.20322957,18.98257046,0.520062077,medium,0.858920336,high,0.657745,medium,0.844669,high
26,2,"1,13",1,13,6.726812024,Top Right,m,did not see,did not see,incorrect,FALSE,0.49857,9.424437687,medium,0.102606722,low,10.59092374,17.55094477,0.402535668,medium,0.718065483,high,0.477183,low,0.378888,low
26,3,"4,5",4,5,4.031128874,Top Left,l,did not see,did not see,incorrect,FALSE,0.136479,8.881531158,medium,0.267210825,low,12.51184051,13.03479379,0.572692737,medium,0.696187913,medium,0.289533,low,0.554078,medium
26,4,"1,4",1,4,6.726812024,Top Left,h,did not see,did not see,incorrect,FALSE,0.775971,9.826318,medium,0.18007873,low,12.10056338,13.42246571,0.422549622,medium,0.648673698,medium,0.358936,low,0.397134,low
26,5,"2,9",2,9,4.031128874,Top Right,l,1.49,1.49,correct,FALSE,0.141383,5.259092283,low,0.191067006,low,7.472157105,15.11903036,0.407429085,medium,0.794420219,high,0.422637,low,0.339625,low
26,6,"1,11",1,11,5.590169944,Top Right,l,did not see,did not see,incorrect,FALSE,0.14591,10.34087244,high,0.174811309,low,12.78446874,16.312975,0.512083092,medium,0.738746642,high,0.319124,low,0.228091,low
26,7,"2,10",2,10,4.272001873,Top Right,h,2.52,2.52,correct,FALSE,0.742032,10.62671603,high,0.172589076,low,12.72105262,13.472514,0.479026913,medium,0.597659753,medium,0.409177,low,0.337879,low
26,8,"7,16",7,16,7.566372975,Bottom Right,m,1.63,1.63,correct,FALSE,0.500357,8.320421817,low,0.28431279,low,12.83948864,11.43907949,0.658612976,medium,0.498369677,medium,0.369187,low,0.296237,low
26,9,"3,6",3,6,3.905124838,Top Left,m,1.51,1.51,correct,FALSE,0.503727,7.764464,low,0.226812087,low,8.927291831,16.85548215,0.434222,medium,0.769897502,high,0.430121,low,0.489793,low
26,10,"6,10",6,10,1.5,Bottom Right,l,1.18,1.18,correct,FALSE,0.146857,11.94292328,high,0.210823548,low,11.88992384,18.3679121,0.506691517,medium,0.761694893,high,0.266352,low,0.499291,low
26,11,"8,5",8,5,4.031128874,Bottom Left,m,1.17,1.17,correct,FALSE,0.49912,6.812006337,low,0.310318732,low,9.163600247,15.69251421,0.535395161,medium,0.817047539,high,0.535063,medium,0.876311,high
26,12,"1,7",1,7,5.220153254,Top Left,m,0.94,0.94,correct,FALSE,0.503747,8.876649727,medium,0.210924652,low,9.93742363,17.05925232,0.451266934,medium,0.779103668,high,0.481094,low,0.822615,high
26,13,"7,10",7,10,1.802775638,Bottom Right,m,did not see,did not see,incorrect,FALSE,0.504616,8.846064443,medium,0.264185511,low,10.39642952,15.29320027,0.498121412,medium,0.767084075,high,0.482822,low,0.627348,medium
26,14,"8,4",8,4,4.924428901,Bottom Left,l,1.03,1.03,correct,FALSE,0.137801,10.82672146,high,0.271906525,low,12.32915256,18.23452335,0.555508433,medium,0.801467617,high,0.28184,low,0.487307,low
26,15,"8,12",8,12,4.031128874,Bottom Right,l,0.94,0.94,correct,FALSE,0.14951,6.7113568,low,0.276203655,low,11.74177958,12.67166615,0.636724214,medium,0.630259853,medium,0.209357,low,0.607968,medium
26,16,"5,7",5,7,1.802775638,Top Left,h,0.85,0.85,correct,FALSE,0.747937,9.302374,medium,0.146219451,low,10.57046,14.78080315,0.399254733,low,0.647512864,medium,0.69043,medium,0.785063,high
26,17,"2,12",2,12,5.315072906,Top Right,l,did not see,did not see,incorrect,FALSE,0.147122,4.198022944,low,0.139917736,low,11.81424932,8.671105795,0.651215233,medium,0.324339742,low,0.463928,low,0.210546,low
26,18,"3,13",3,13,5.408326913,Top Right,l,did not see,did not see,incorrect,FALSE,0.148752,7.830256908,low,0.087852,low,11.31387763,14.11025248,0.462885969,medium,0.559545804,medium,0.344234,low,0.327035,low
26,19,"8,5",8,5,4.031128874,Bottom Left,m,0.95,0.95,correct,FALSE,0.49912,6.812006337,low,0.310318732,low,9.163600247,15.69251421,0.535395161,medium,0.817047539,high,0.535063,medium,0.876311,high
26,20,"7,13",7,13,4.609772229,Bottom Right,m,0.98,0.98,correct,FALSE,0.500695,8.19808684,low,0.391253477,low,10.44949291,15.81823347,0.604299494,medium,0.829366988,high,0.453987,low,0.412429,low
26,21,"10,4",10,4,6.020797289,Bottom Left,h,did not see,did not see,incorrect,FALSE,0.766454,9.475999,medium,0.297819217,low,13.01867065,13.95055075,0.536236678,medium,0.749323814,high,0.468754,low,0.527345,medium
26,22,"5,1",5,1,7.566372975,Top Left,m,0.6,0.6,correct,FALSE,0.504358,8.963868659,medium,0.257528758,low,11.74972293,14.17658446,0.518899952,medium,0.760644914,high,0.296504,low,0.331203,low
26,23,"8,10",8,10,2.5,Bottom Right,h,did not see,did not see,incorrect,FALSE,0.741974,10.06407798,high,0.471237997,medium,12.8613049,13.91766946,0.659242311,medium,0.718854645,high,0.764273,high,0.849275,high
26,24,"9,10",9,10,3.354101966,Bottom Right,l,did not see,did not see,incorrect,FALSE,0.146642,4.842865959,low,0.178752532,low,10.02491233,10.40007359,0.543976362,medium,0.577367835,medium,0.272733,low,0.263515,low
26,25,"2,11",2,11,4.716990566,Top Right,m,0.56,0.56,correct,FALSE,0.507319,8.711511,medium,0.265492587,low,11.94884922,13.84177221,0.56425953,medium,0.697536209,medium,0.315344,low,0.50332,medium
26,26,"4,2",4,2,6.800735254,Top Left,l,did not see,did not see,incorrect,FALSE,0.132594,8.384166337,low,0.187199346,low,10.43115729,14.61057,0.474703557,medium,0.638381719,medium,0.659985,medium,0.502528,medium
26,27,"5,13",5,13,4.609772229,Top Right,h,0.86,0.86,correct,FALSE,0.736745,11.33257586,high,0.183858439,low,12.73454577,13.35596674,0.467911418,medium,0.584303587,medium,0.405053,low,0.448635,low
26,28,"1,6",1,6,5.590169944,Top Left,h,0.63,0.63,correct,FALSE,0.754725,8.856830277,medium,0.309107906,low,10.27276575,14.64687878,0.52115134,medium,0.721206637,high,0.33695,low,0.405107,low
26,29,"7,9",7,9,1.118033989,Bottom Right,h,early,early,incorrect,FALSE,0.741072,10.47874979,high,0.105368632,low,13.97430586,14.12906901,0.400642002,medium,0.675553024,medium,0.215563,low,0.248952,low
26,30,"3,9",3,9,3.041381265,Top Right,m,did not see,did not see,incorrect,FALSE,0.504792,10.31849384,high,0.271206972,low,13.96853889,12.48458473,0.58159587,medium,0.615691469,medium,0.32786,low,0.308924,low
26,31,"7,6",7,6,2.692582404,Bottom Left,h,early,early,incorrect,FALSE,0.756419,11.65619691,high,0.275797555,low,14.48470332,13.39998735,0.527994,medium,0.712493068,high,0.280259,low,0.343404,low
26,32,"5,4",5,4,4.609772229,Top Left,l,0.6,0.6,correct,FALSE,0.136391,8.757408692,medium,0.090708,low,16.68725905,10.80687347,0.520577217,medium,0.421863859,medium,0.539504,medium,0.356104,low
26,33,"7,5",7,5,3.640054945,Bottom Left,l,0.74,0.74,correct,FALSE,0.136619,8.412961428,low,0.28125962,low,16.88384777,10.6486613,0.744452681,high,0.485269067,medium,0.423673,low,0.42576,low
26,34,"10,11",10,11,4.716990566,Bottom Right,l,0.6,0.6,correct,FALSE,0.151233,10.4232526,high,0.15361466,low,10.79656751,16.32892687,0.415566775,medium,0.720374659,high,0.277529,low,0.680981,medium
26,35,"11,7",11,7,5.220153254,Bottom Left,h,0.71,0.71,correct,FALSE,0.747791,11.71577541,high,0.618379163,medium,12.40029397,17.66404566,0.755906877,high,0.896580792,high,0.750809,high,0.883692,high
26,36,"4,3",4,3,5.852349955,Top Left,h,0.57,0.57,correct,FALSE,0.772261,9.899753,medium,0.08748,low,11.70435798,13.81879873,0.328804827,low,0.628036947,medium,0.232922,low,0.327436,low
26,37,"3,12",3,12,4.609772229,Top Right,m,1.65,1.65,correct,FALSE,0.503271,11.01952866,high,0.486262059,medium,12.98841629,16.65209115,0.682977,medium,0.854956468,high,0.324602,low,0.423311,low
26,38,"2,7",2,7,4.272001873,Top Left,h,0.74,0.74,correct,FALSE,0.750853,10.83670903,high,0.346841904,low,13.92310566,13.91547688,0.600680487,medium,0.745452,high,0.392602,low,0.384493,low
26,39,"3,14",3,14,6.264982043,Top Right,m,0.63,0.63,correct,FALSE,0.499892,8.937116676,medium,0.307539235,low,11.82424497,12.43097484,0.52331,medium,0.615030286,medium,0.6662,medium,0.656165,medium
26,40,"6,1",6,1,7.5,Bottom Left,h,6.14 late,6.14,correct,TRUE,0.783743,8.069105067,low,0.315587139,low,14.13795403,11.04942283,0.698799689,medium,0.520001095,medium,0.464173,low,0.492382,low
26,41,"3,7",3,7,3.354101966,Top Left,l,5.64,5.64,correct,FALSE,0.138609,7.915379776,low,0.135603743,low,15.00597891,11.34854427,0.536714869,medium,0.567697923,medium,0.350456,low,0.343107,low
26,42,"2,8",2,8,4.031128874,Top Left,m,0.65,0.65,correct,FALSE,0.496145,7.437528461,low,0.246270248,low,10.94292144,11.86846537,0.530839105,medium,0.515177493,medium,0.622473,medium,0.76804,high
26,43,"5,13",5,13,4.609772229,Top Right,h,0.51,0.51,correct,FALSE,0.736745,11.33257586,high,0.183858439,low,12.73454577,13.35596674,0.467911418,medium,0.584303587,medium,0.405053,low,0.448635,low
26,44,"8,12",8,12,4.031128874,Bottom Right,l,0.51,0.51,correct,FALSE,0.14951,6.7113568,low,0.276203655,low,11.74177958,12.67166615,0.636724214,medium,0.630259853,medium,0.209357,low,0.607968,medium
26,45,"1,10",1,10,5.220153254,Top Right,m,0.6,0.6,correct,FALSE,0.499959,10.32626235,high,0.286714527,low,11.19447818,14.2366771,0.497438751,medium,0.649467159,medium,0.563235,medium,0.678726,medium
26,46,"4,9",4,9,2.061552813,Top Right,h,0.72,0.72,correct,FALSE,0.74565,9.568562195,medium,0.394468384,low,13.91901641,13.32669257,0.663254697,medium,0.759413784,high,0.406466,low,0.418488,low
26,47,"11,10",11,10,5.220153254,Bottom Right,h,0.99,0.99,correct,FALSE,0.7424,7.486701604,low,0.319743383,low,11.55579275,12.08806228,0.593751088,medium,0.661036,medium,0.472472,low,0.497795,low
26,48,"4,4",4,4,4.924428901,Top Left,h,0.65,0.65,correct,FALSE,0.771979,7.208511187,low,0.285060423,low,9.166194,16.83160892,0.500389391,medium,0.766199896,high,0.752833,high,0.835335,high
26,49,"1,9",1,9,5.024937811,Top Right,h,3.94,3.94,correct,FALSE,0.746658,4.614111186,low,0.149265881,low,10.49183059,9.696995934,0.512781742,medium,0.479681,medium,0.207347,low,0.183588,low
26,50,"8,12",8,12,4.031128874,Bottom Right,l,0.86,0.86,correct,FALSE,0.14951,6.7113568,low,0.276203655,low,11.74177958,12.67166615,0.636724214,medium,0.630259853,medium,0.209357,low,0.607968,medium
26,51,"7,10",7,10,1.802775638,Bottom Right,m,0.77,0.77,correct,FALSE,0.504616,8.846064443,medium,0.264185511,low,10.39642952,15.29320027,0.498121412,medium,0.767084075,high,0.482822,low,0.627348,medium
26,52,"6,11",6,11,2.5,Bottom Right,h,0.99,0.99,correct,FALSE,0.739862,10.99470967,high,0.385230702,low,14.87441399,13.37617557,0.635635585,medium,0.69913905,medium,0.441565,low,0.4804,low
26,53,"5,4",5,4,4.609772229,Top Left,l,0.58,0.58,correct,FALSE,0.136391,8.757408692,medium,0.090708,low,16.68725905,10.80687347,0.520577217,medium,0.421863859,medium,0.539504,medium,0.356104,low
26,54,"8,15",8,15,6.800735254,Bottom Right,h,0.6,0.6,correct,FALSE,0.734422,8.71238593,medium,0.197689989,low,9.394358316,14.47228739,0.326145567,low,0.696217668,medium,0.591615,medium,0.755431,high
26,55,"11,7",11,7,5.220153254,Bottom Left,h,0.6,0.6,correct,FALSE,0.747791,11.71577541,high,0.618379163,medium,12.40029397,17.66404566,0.755906877,high,0.896580792,high,0.750809,high,0.883692,high
26,56,"1,14",1,14,7.433034374,Top Right,h,did not see,did not see,incorrect,FALSE,0.736799,10.48444,high,0.269980479,low,12.62634897,13.54333989,0.496518415,medium,0.670272006,medium,0.656448,medium,0.815978,high
26,57,"6,8",6,8,0.5,Bottom Left,h,0.66,0.66,correct,FALSE,0.747406,10.84347815,high,0.469390509,medium,13.00536534,17.24292791,0.673454494,medium,0.82402513,high,0.777596,high,0.801109,high
26,58,"4,6",4,6,3.201562119,Top Left,h,0.82,0.82,correct,FALSE,0.754106,9.296781572,medium,0.211521854,low,12.15512509,12.68434359,0.516418304,medium,0.57710279,medium,0.415739,low,0.422205,low
26,59,"6,11",6,11,2.5,Bottom Right,h,0.69,0.69,correct,FALSE,0.739862,10.99470967,high,0.385230702,low,14.87441399,13.37617557,0.635635585,medium,0.69913905,medium,0.441565,low,0.4804,low
26,60,"6,7",6,7,1.5,Bottom Left,l,did not see,did not see,incorrect,FALSE,0.140702,9.368791299,medium,0.253334812,low,10.28533586,20.54707722,0.498136795,medium,0.82694999,high,0.31958,low,0.609008,medium
26,61,"8,3",8,3,5.852349955,Bottom Left,l,0.94,0.94,correct,FALSE,0.132426,8.622265,low,0.330608731,low,12.90807718,12.5445627,0.668523,medium,0.630429519,medium,0.154598,low,0.922716,high
26,62,"11,7",11,7,5.220153254,Bottom Left,h,0.54,0.54,correct,FALSE,0.747791,11.71577541,high,0.618379163,medium,12.40029397,17.66404566,0.755906877,high,0.896580792,high,0.750809,high,0.883692,high
26,63,"3,8",3,8,3.041381265,Top Left,h,did not see,did not see,incorrect,FALSE,0.747077,8.87526057,medium,0.431442666,medium,13.31413275,13.01872619,0.685711,medium,0.762279553,high,0.356156,low,0.374724,low
26,64,"9,4",9,4,5.408326913,Bottom Left,m,0.64,0.64,correct,FALSE,0.500631,9.10596,medium,0.292824624,low,11.29495284,13.62086718,0.518292385,medium,0.712222694,high,0.279565,low,0.346036,low
26,65,"1,3",1,3,7.433034374,Top Left,h,did not see,did not see,incorrect,FALSE,0.777352,8.700985643,medium,0.180291529,low,12.53741084,13.09281069,0.495628437,medium,0.627498461,medium,0.271993,low,0.279534,low
26,66,"1,10",1,10,5.220153254,Top Right,m,4.68,4.68,correct,FALSE,0.499959,10.32626235,high,0.286714527,low,11.19447818,14.2366771,0.497438751,medium,0.649467159,medium,0.563235,medium,0.678726,medium
26,67,"7,6",7,6,2.692582404,Bottom Left,h,0.57,0.57,correct,FALSE,0.756419,11.65619691,high,0.275797555,low,14.48470332,13.39998735,0.527994,medium,0.712493068,high,0.280259,low,0.343404,low
26,68,"4,3",4,3,5.852349955,Top Left,h,0.63,0.63,correct,FALSE,0.772261,9.899753,medium,0.08748,low,11.70435798,13.81879873,0.328804827,low,0.628036947,medium,0.232922,low,0.327436,low
26,69,"1,6",1,6,5.590169944,Top Left,h,0.66,0.66,correct,FALSE,0.754725,8.856830277,medium,0.309107906,low,10.27276575,14.64687878,0.52115134,medium,0.721206637,high,0.33695,low,0.405107,low
26,70,"2,14",2,14,6.800735254,Top Right,l,0.6,0.6,correct,FALSE,0.153089,6.198447454,low,0.126601005,low,7.534082099,16.9978782,0.269930049,low,0.786624921,high,0.208594,low,0.843005,high
26,71,"7,6",7,6,2.692582404,Bottom Left,h,0.54,0.54,correct,FALSE,0.756419,11.65619691,high,0.275797555,low,14.48470332,13.39998735,0.527994,medium,0.712493068,high,0.280259,low,0.343404,low
26,72,"3,16",3,16,8.077747211,Top Right,l,did not see,did not see,incorrect,FALSE,0.150855,8.534351401,low,0.321445976,low,13.35129939,12.6983491,0.641644397,medium,0.723125649,high,0.322746,low,0.454032,low
26,73,"7,3",7,3,5.590169944,Bottom Left,h,did not see,did not see,incorrect,FALSE,0.774946,9.724362425,medium,0.197498191,low,14.74645657,13.75065309,0.475417485,medium,0.734164,high,0.791478,high,0.899087,high
26,74,"3,13",3,13,5.408326913,Top Right,l,0.6,0.6,correct,FALSE,0.148752,7.830256908,low,0.087852,low,11.31387763,14.11025248,0.462885969,medium,0.559545804,medium,0.344234,low,0.327035,low
26,75,"3,12",3,12,4.609772229,Top Right,m,0.51,0.51,correct,FALSE,0.503271,11.01952866,high,0.486262059,medium,12.98841629,16.65209115,0.682977,medium,0.854956468,high,0.324602,low,0.423311,low
26,76,"10,7",10,7,4.272001873,Bottom Left,m,1.01,1.01,correct,FALSE,0.508513,8.513237656,low,0.403968,medium,13.23805087,13.34985898,0.677701305,medium,0.793334185,high,0.264864,low,0.374528,low
26,77,"10,5",10,5,5.315072906,Bottom Left,l,1.56,1.56,correct,FALSE,0.137856,7.803767458,low,0.276825733,low,12.60270677,12.84937797,0.566765303,medium,0.708577117,high,0.202157,low,0.649259,medium
26,78,"3,13",3,13,5.408326913,Top Right,l,0.58,0.58,correct,FALSE,0.148752,7.830256908,low,0.087852,low,11.31387763,14.11025248,0.462885969,medium,0.559545804,medium,0.344234,low,0.327035,low
26,79,"6,16",6,16,7.5,Bottom Right,l,0.89,0.89,correct,FALSE,0.153924,14.03396787,high,0.28624245,low,14.23714988,16.69837,0.565897576,medium,0.797867769,high,0.246366,low,0.808382,high
26,80,"5,16",5,16,7.566372975,Top Right,h,0.75,0.75,correct,FALSE,0.731307,10.95698507,high,0.480901337,medium,15.20775849,13.56801681,0.741333493,high,0.771739,high,0.474986,low,0.409619,low
26,81,"5,11",5,11,2.692582404,Top Right,m,3.12,3.12,correct,FALSE,0.505388,9.302464,medium,0.346448019,low,13.10872389,13.56997065,0.600633214,medium,0.709233661,high,0.456761,low,0.489285,low
26,82,"7,3",7,3,5.590169944,Bottom Left,h,1.72,1.72,correct,FALSE,0.774946,9.724362425,medium,0.197498191,low,14.74645657,13.75065309,0.475417485,medium,0.734164,high,0.791478,high,0.899087,high
26,83,"6,2",6,2,6.5,Bottom Left,h,0.8,0.8,correct,FALSE,0.778935,15.62799797,high,0.675662359,medium,18.59302241,17.12269934,0.843946693,high,0.903996142,high,0.334572,low,0.32921,low
26,84,"5,2",5,2,6.576473219,Top Left,m,0.77,0.77,correct,FALSE,0.502767,12.18970349,high,0.370590399,low,12.53660953,16.26785348,0.578909406,medium,0.817709103,high,0.508171,medium,0.842493,high
26,85,"5,3",5,3,5.590169944,Top Left,l,0.61,0.61,correct,FALSE,0.1342,9.967776817,medium,0.331556565,low,11.66729724,18.18540653,0.585238831,medium,0.847005986,high,0.293884,low,0.236578,low
26,86,"4,12",4,12,4.031128874,Top Right,h,0.74,0.74,correct,FALSE,0.73963,12.75788073,high,0.582858012,medium,14.37935683,16.55274693,0.761275298,high,0.874402618,high,0.655942,medium,0.78649,high
26,87,"4,2",4,2,6.800735254,Top Left,l,0.68,0.68,correct,FALSE,0.132594,8.384166337,low,0.187199346,low,10.43115729,14.61057,0.474703557,medium,0.638381719,medium,0.659985,medium,0.502528,medium
26,88,"9,7",9,7,3.354101966,Bottom Left,l,1.04,1.04,correct,FALSE,0.139933,10.0626,high,0.16400719,low,14.65662339,13.56802904,0.536818127,medium,0.669926803,medium,0.341348,low,0.279165,low
26,89,"8,8",8,8,2.061552813,Bottom Left,m,0.69,0.69,correct,FALSE,0.493819,7.823545292,low,0.214039562,low,10.49018996,13.59269788,0.461056536,medium,0.690899417,medium,0.416045,low,0.720582,high
26,90,"8,12",8,12,4.031128874,Bottom Right,l,0.63,0.63,correct,FALSE,0.14951,6.7113568,low,0.276203655,low,11.74177958,12.67166615,0.636724214,medium,0.630259853,medium,0.209357,low,0.607968,medium
26,91,"6,14",6,14,5.5,Bottom Right,m,0.65,0.65,correct,FALSE,0.502396,8.910480767,medium,0.361857035,low,11.6861797,15.03899099,0.5946407,medium,0.807391859,high,0.544339,medium,0.80914,high
26,92,"3,8",3,8,3.041381265,Top Left,h,0.85,0.85,correct,FALSE,0.747077,8.87526057,medium,0.431442666,medium,13.31413275,13.01872619,0.685711,medium,0.762279553,high,0.356156,low,0.374724,low
26,93,"7,5",7,5,3.640054945,Bottom Left,l,0.72,0.72,correct,FALSE,0.136619,8.412961428,low,0.28125962,low,16.88384777,10.6486613,0.744452681,high,0.485269067,medium,0.423673,low,0.42576,low
26,94,"2,11",2,11,4.716990566,Top Right,m,0.77,0.77,correct,FALSE,0.507319,8.711511,medium,0.265492587,low,11.94884922,13.84177221,0.56425953,medium,0.697536209,medium,0.315344,low,0.50332,medium
26,95,"4,14",4,14,5.852349955,Top Right,h,0.57,0.57,correct,FALSE,0.735171,11.88798567,high,0.457684982,medium,12.98160823,14.25592469,0.640851092,medium,0.74554436,high,0.620534,medium,0.690039,medium
26,96,"9,12",9,12,4.609772229,Bottom Right,m,0.57,0.57,correct,FALSE,0.499084,10.24915996,high,0.436772256,medium,11.75493408,16.89304023,0.653406285,medium,0.859242589,high,0.256873,low,0.324843,low
26,97,"4,11",4,11,3.201562119,Top Right,l,0.83,0.83,correct,FALSE,0.147533,9.491143,medium,0.351428353,low,10.57838121,14.90992107,0.513114,medium,0.78581271,high,0.25485,low,0.475575,low
26,98,"7,14",7,14,5.590169944,Bottom Right,h,0.6,0.6,correct,FALSE,0.730382,10.20810724,high,0.368456249,low,10.20322957,18.98257046,0.520062077,medium,0.858920336,high,0.657745,medium,0.844669,high
26,99,"6,16",6,16,7.5,Bottom Right,l,0.65,0.65,correct,FALSE,0.153924,14.03396787,high,0.28624245,low,14.23714988,16.69837,0.565897576,medium,0.797867769,high,0.246366,low,0.808382,high
26,100,"11,11",11,11,5.590169944,Bottom Right,m,did not see,did not see,incorrect,FALSE,0.500313,7.72330069,low,0.243319301,low,14.53998244,10.58344222,0.636649044,medium,0.48022524,medium,0.609538,medium,0.67236,medium
26,101,"11,9",11,9,5.024937811,Bottom Right,l,0.55,0.55,correct,FALSE,0.143952,6.961933351,low,0.204555681,low,9.489752474,13.48478868,0.472912062,medium,0.655523,medium,0.582302,medium,0.505769,medium
27,1,"1,10",1,10,5.220153254,Top Right,m,9.84 late,9.84,correct,TRUE,0.499959,10.32626235,high,0.286714527,low,11.19447818,14.2366771,0.497438751,medium,0.649467159,medium,0.563235,medium,0.678726,medium
27,2,"8,7",8,7,2.5,Bottom Left,h,4.05,4.05,correct,FALSE,0.74669,14.17952972,high,0.45948622,medium,13.6085613,14.22007998,0.615035934,medium,0.631418009,medium,0.74661,high,0.843826,high
27,3,"1,10",1,10,5.220153254,Top Right,m,1.58,1.58,correct,FALSE,0.499959,10.32626235,high,0.286714527,low,11.19447818,14.2366771,0.497438751,medium,0.649467159,medium,0.563235,medium,0.678726,medium
27,4,"8,3",8,3,5.852349955,Bottom Left,l,1.69,1.69,correct,FALSE,0.132426,8.622265,low,0.330608731,low,12.90807718,12.5445627,0.668523,medium,0.630429519,medium,0.154598,low,0.922716,high
27,5,"8,6",8,6,3.201562119,Bottom Left,l,2.01,2.01,correct,FALSE,0.137514,6.58017712,low,0.175683828,low,11.78284776,11.33352803,0.549881338,medium,0.599510892,medium,0.261824,low,0.237724,low
27,6,"2,11",2,11,4.716990566,Top Right,m,1.38,1.38,correct,FALSE,0.507319,8.711511,medium,0.265492587,low,11.94884922,13.84177221,0.56425953,medium,0.697536209,medium,0.315344,low,0.50332,medium
27,7,"10,4",10,4,6.020797289,Bottom Left,h,3.25,3.25,correct,FALSE,0.766454,9.475999,medium,0.297819217,low,13.01867065,13.95055075,0.536236678,medium,0.749323814,high,0.468754,low,0.527345,medium
27,8,"6,16",6,16,7.5,Bottom Right,l,2.76,2.76,correct,FALSE,0.153924,14.03396787,high,0.28624245,low,14.23714988,16.69837,0.565897576,medium,0.797867769,high,0.246366,low,0.808382,high
27,9,"10,11",10,11,4.716990566,Bottom Right,l,1.35,1.35,correct,FALSE,0.151233,10.4232526,high,0.15361466,low,10.79656751,16.32892687,0.415566775,medium,0.720374659,high,0.277529,low,0.680981,medium
27,10,"1,3",1,3,7.433034374,Top Left,h,3.62,3.62,correct,FALSE,0.777352,8.700985643,medium,0.180291529,low,12.53741084,13.09281069,0.495628437,medium,0.627498461,medium,0.271993,low,0.279534,low
27,11,"1,5",1,5,6.103277808,Top Left,l,8.28 late,8.28,correct,TRUE,0.136468,8.949655165,medium,0.179499017,low,14.62175838,11.68992987,0.556387383,medium,0.547019886,medium,0.417885,low,0.495363,low
27,12,"4,5",4,5,4.031128874,Top Left,l,1.91,1.91,correct,FALSE,0.136479,8.881531158,medium,0.267210825,low,12.51184051,13.03479379,0.572692737,medium,0.696187913,medium,0.289533,low,0.554078,medium
27,13,"6,13",6,13,4.5,Bottom Right,l,1.74,1.74,correct,FALSE,0.149463,8.894658798,medium,0.198630146,low,10.14233311,14.99006896,0.434059046,medium,0.656537547,medium,0.607367,medium,0.435968,low
27,14,"8,8",8,8,2.061552813,Bottom Left,m,1.42,1.42,correct,FALSE,0.493819,7.823545292,low,0.214039562,low,10.49018996,13.59269788,0.461056536,medium,0.690899417,medium,0.416045,low,0.720582,high
27,15,"10,13",10,13,6.020797289,Bottom Right,m,2.55,2.55,correct,FALSE,0.500591,10.06340683,high,0.298305425,low,10.13842924,19.49684594,0.474857724,medium,0.850984441,high,0.52999,medium,0.83216,high
27,16,"1,8",1,8,5.024937811,Top Left,l,3.42,3.42,correct,FALSE,0.140666,10.43548707,high,0.147774762,low,12.36143857,12.58136712,0.333545032,low,0.608577825,medium,0.198327,low,0.78928,high
27,17,"2,13",2,13,6.020797289,Top Right,h,3.94,3.94,correct,FALSE,0.738029,10.64411116,high,0.13457586,low,12.52655438,14.81016024,0.37620482,low,0.700008516,high,0.311062,low,0.342227,low
27,18,"7,3",7,3,5.590169944,Bottom Left,h,1.63,1.63,correct,FALSE,0.774946,9.724362425,medium,0.197498191,low,14.74645657,13.75065309,0.475417485,medium,0.734164,high,0.791478,high,0.899087,high
27,19,"5,16",5,16,7.566372975,Top Right,h,1.75,1.75,correct,FALSE,0.731307,10.95698507,high,0.480901337,medium,15.20775849,13.56801681,0.741333493,high,0.771739,high,0.474986,low,0.409619,low
27,20,"5,14",5,14,5.590169944,Top Right,l,1.08,1.08,correct,FALSE,0.148361,7.042300446,low,0.248229732,low,10.42296033,12.87568645,0.51788006,medium,0.693103962,medium,0.383289,low,0.622011,medium
27,21,"2,2",2,2,7.632168761,Top Left,m,did not see,did not see,incorrect,FALSE,0.503448,7.575062934,low,0.261009,low,11.01136572,13.10773724,0.527858233,medium,0.692547368,medium,0.40163,low,0.355659,low
27,22,"10,4",10,4,6.020797289,Bottom Left,h,2.65,2.65,correct,FALSE,0.766454,9.475999,medium,0.297819217,low,13.01867065,13.95055075,0.536236678,medium,0.749323814,high,0.468754,low,0.527345,medium
27,23,"2,14",2,14,6.800735254,Top Right,l,1.2,1.2,correct,FALSE,0.153089,6.198447454,low,0.126601005,low,7.534082099,16.9978782,0.269930049,low,0.786624921,high,0.208594,low,0.843005,high
27,24,"4,13",4,13,4.924428901,Top Right,m,0.89,0.89,correct,FALSE,0.501955,8.517266207,low,0.320700471,low,9.451031975,21.99689751,0.520800385,medium,0.866837749,high,0.510757,medium,0.852494,high
27,25,"6,3",6,3,5.5,Bottom Left,m,0.94,0.94,correct,FALSE,0.500691,7.751437064,low,0.24050262,low,10.94020342,12.67649773,0.495544829,medium,0.642383,medium,0.596495,medium,0.735515,high
27,26,"11,10",11,10,5.220153254,Bottom Right,h,did not see,did not see,incorrect,FALSE,0.7424,7.486701604,low,0.319743383,low,11.55579275,12.08806228,0.593751088,medium,0.661036,medium,0.472472,low,0.497795,low
27,27,"4,14",4,14,5.852349955,Top Right,h,1.15,1.15,correct,FALSE,0.735171,11.88798567,high,0.457684982,medium,12.98160823,14.25592469,0.640851092,medium,0.74554436,high,0.620534,medium,0.690039,medium
27,28,"11,7",11,7,5.220153254,Bottom Left,h,1,1,correct,FALSE,0.747791,11.71577541,high,0.618379163,medium,12.40029397,17.66404566,0.755906877,high,0.896580792,high,0.750809,high,0.883692,high
27,29,"1,11",1,11,5.590169944,Top Right,l,did not see,did not see,incorrect,FALSE,0.14591,10.34087244,high,0.174811309,low,12.78446874,16.312975,0.512083092,medium,0.738746642,high,0.319124,low,0.228091,low
27,30,"6,15",6,15,6.5,Bottom Right,l,1.14,1.14,correct,FALSE,0.152267,9.618126041,medium,0.19610824,low,12.4081962,13.77561861,0.522964476,medium,0.647909571,medium,0.26877,low,0.249944,low
27,31,"3,6",3,6,3.905124838,Top Left,m,0.94,0.94,correct,FALSE,0.503727,7.764464,low,0.226812087,low,8.927291831,16.85548215,0.434222,medium,0.769897502,high,0.430121,low,0.489793,low
27,32,"2,7",2,7,4.272001873,Top Left,h,0.94,0.94,correct,FALSE,0.750853,10.83670903,high,0.346841904,low,13.92310566,13.91547688,0.600680487,medium,0.745452,high,0.392602,low,0.384493,low
27,33,"8,8",8,8,2.061552813,Bottom Left,m,0.97,0.97,correct,FALSE,0.493819,7.823545292,low,0.214039562,low,10.49018996,13.59269788,0.461056536,medium,0.690899417,medium,0.416045,low,0.720582,high
27,34,"9,5",9,5,4.609772229,Bottom Left,h,1.89,1.89,correct,FALSE,0.755298,10.55875115,high,0.471726003,medium,13.03431237,13.87760958,0.724309,high,0.705077689,high,0.456023,low,0.465785,low
27,35,"11,9",11,9,5.024937811,Bottom Right,l,1.19,1.19,correct,FALSE,0.143952,6.961933351,low,0.204555681,low,9.489752474,13.48478868,0.472912062,medium,0.655523,medium,0.582302,medium,0.505769,medium
27,36,"7,1",7,1,7.566372975,Bottom Left,l,1.03,1.03,correct,FALSE,0.132252,7.582976558,low,0.345801319,low,9.144453936,17.41873825,0.541548451,medium,0.866349973,high,0.213652,low,0.392083,low
27,37,"11,6",11,6,5.590169944,Bottom Left,l,0.94,0.94,correct,FALSE,0.138655,10.11144153,high,0.280991005,low,12.95081191,13.53206151,0.560805841,medium,0.59694758,medium,0.295198,low,0.276641,low
27,38,"7,1",7,1,7.566372975,Bottom Left,l,0.88,0.88,correct,FALSE,0.132252,7.582976558,low,0.345801319,low,9.144453936,17.41873825,0.541548451,medium,0.866349973,high,0.213652,low,0.392083,low
27,39,"8,4",8,4,4.924428901,Bottom Left,l,0.85,0.85,correct,FALSE,0.137801,10.82672146,high,0.271906525,low,12.32915256,18.23452335,0.555508433,medium,0.801467617,high,0.28184,low,0.487307,low
27,40,"4,8",4,8,2.061552813,Top Left,l,1.11,1.11,correct,FALSE,0.140752,7.796163948,low,0.243730855,low,14.63895589,10.95056531,0.657798728,medium,0.54002838,medium,0.320675,low,0.30832,low
27,41,"3,14",3,14,6.264982043,Top Right,m,1.29,1.29,correct,FALSE,0.499892,8.937116676,medium,0.307539235,low,11.82424497,12.43097484,0.52331,medium,0.615030286,medium,0.6662,medium,0.656165,medium
27,42,"2,12",2,12,5.315072906,Top Right,l,3.69,3.69,correct,FALSE,0.147122,4.198022944,low,0.139917736,low,11.81424932,8.671105795,0.651215233,medium,0.324339742,low,0.463928,low,0.210546,low
27,43,"10,9",10,9,4.031128874,Bottom Right,h,1.3,1.3,correct,FALSE,0.740666,7.720993015,low,0.09442,low,9.414941719,20.20555172,0.366135278,low,0.756319945,high,0.725229,high,0.872892,high
27,44,"1,6",1,6,5.590169944,Top Left,h,1.29,1.29,correct,FALSE,0.754725,8.856830277,medium,0.309107906,low,10.27276575,14.64687878,0.52115134,medium,0.721206637,high,0.33695,low,0.405107,low
27,45,"6,6",6,6,2.5,Bottom Left,m,1.23,1.23,correct,FALSE,0.50213,9.303835705,medium,0.344452753,low,12.30512571,15.10671503,0.616769859,medium,0.778462511,high,0.495231,low,0.379595,low
27,46,"10,12",10,12,5.315072906,Bottom Right,h,2.38,2.38,correct,FALSE,0.737677,10.73877749,high,0.391478842,low,13.88322429,13.41302586,0.642355492,medium,0.698780103,medium,0.306243,low,0.359737,low
27,47,"5,12",5,12,3.640054945,Top Right,l,1.02,1.02,correct,FALSE,0.14642,8.459853003,low,0.061378,low,11.75766421,13.21337404,0.433901126,medium,0.52457487,medium,0.292993,low,0.374829,low
27,48,"9,8",9,8,3.041381265,Bottom Left,h,0.89,0.89,correct,FALSE,0.742853,10.08127017,high,0.364950618,low,12.89123284,14.9176846,0.628290595,medium,0.787643318,high,0.332404,low,0.419661,low
27,49,"5,2",5,2,6.576473219,Top Left,m,2.33,2.33,correct,FALSE,0.502767,12.18970349,high,0.370590399,low,12.53660953,16.26785348,0.578909406,medium,0.817709103,high,0.508171,medium,0.842493,high
27,50,"8,10",8,10,2.5,Bottom Right,h,1.77,1.77,correct,FALSE,0.741974,10.06407798,high,0.471237997,medium,12.8613049,13.91766946,0.659242311,medium,0.718854645,high,0.764273,high,0.849275,high
27,51,"8,3",8,3,5.852349955,Bottom Left,l,1.35,1.35,correct,FALSE,0.132426,8.622265,low,0.330608731,low,12.90807718,12.5445627,0.668523,medium,0.630429519,medium,0.154598,low,0.922716,high
27,52,"10,13",10,13,6.020797289,Bottom Right,m,0.94,0.94,correct,FALSE,0.500591,10.06340683,high,0.298305425,low,10.13842924,19.49684594,0.474857724,medium,0.850984441,high,0.52999,medium,0.83216,high
27,53,"4,9",4,9,2.061552813,Top Right,h,1.35,1.35,correct,FALSE,0.74565,9.568562195,medium,0.394468384,low,13.91901641,13.32669257,0.663254697,medium,0.759413784,high,0.406466,low,0.418488,low
27,54,"1,9",1,9,5.024937811,Top Right,h,5.34,5.34,correct,FALSE,0.746658,4.614111186,low,0.149265881,low,10.49183059,9.696995934,0.512781742,medium,0.479681,medium,0.207347,low,0.183588,low
27,55,"6,8",6,8,0.5,Bottom Left,h,1.21,1.21,correct,FALSE,0.747406,10.84347815,high,0.469390509,medium,13.00536534,17.24292791,0.673454494,medium,0.82402513,high,0.777596,high,0.801109,high
27,56,"5,13",5,13,4.609772229,Top Right,h,0.81,0.81,correct,FALSE,0.736745,11.33257586,high,0.183858439,low,12.73454577,13.35596674,0.467911418,medium,0.584303587,medium,0.405053,low,0.448635,low
27,57,"8,4",8,4,4.924428901,Bottom Left,l,0.91,0.91,correct,FALSE,0.137801,10.82672146,high,0.271906525,low,12.32915256,18.23452335,0.555508433,medium,0.801467617,high,0.28184,low,0.487307,low
27,58,"3,9",3,9,3.041381265,Top Right,m,0.78,0.78,correct,FALSE,0.504792,10.31849384,high,0.271206972,low,13.96853889,12.48458473,0.58159587,medium,0.615691469,medium,0.32786,low,0.308924,low
27,59,"2,14",2,14,6.800735254,Top Right,l,0.8,0.8,correct,FALSE,0.153089,6.198447454,low,0.126601005,low,7.534082099,16.9978782,0.269930049,low,0.786624921,high,0.208594,low,0.843005,high
27,60,"11,6",11,6,5.590169944,Bottom Left,l,1.56,1.56,correct,FALSE,0.138655,10.11144153,high,0.280991005,low,12.95081191,13.53206151,0.560805841,medium,0.59694758,medium,0.295198,low,0.276641,low
27,61,"1,6",1,6,5.590169944,Top Left,h,1.28,1.28,correct,FALSE,0.754725,8.856830277,medium,0.309107906,low,10.27276575,14.64687878,0.52115134,medium,0.721206637,high,0.33695,low,0.405107,low
27,62,"10,4",10,4,6.020797289,Bottom Left,h,0.88,0.88,correct,FALSE,0.766454,9.475999,medium,0.297819217,low,13.01867065,13.95055075,0.536236678,medium,0.749323814,high,0.468754,low,0.527345,medium
27,63,"5,2",5,2,6.576473219,Top Left,m,1.62,1.62,correct,FALSE,0.502767,12.18970349,high,0.370590399,low,12.53660953,16.26785348,0.578909406,medium,0.817709103,high,0.508171,medium,0.842493,high
27,64,"3,3",3,3,6.264982043,Top Left,m,3.26,3.26,correct,FALSE,0.501834,9.203473626,medium,0.269606409,low,15.24917709,12.38486797,0.619907995,medium,0.670961945,medium,0.249213,low,0.374208,low
27,65,"7,16",7,16,7.566372975,Bottom Right,m,1.14,1.14,correct,FALSE,0.500357,8.320421817,low,0.28431279,low,12.83948864,11.43907949,0.658612976,medium,0.498369677,medium,0.369187,low,0.296237,low
27,66,"1,10",1,10,5.220153254,Top Right,m,1.24,1.24,correct,FALSE,0.499959,10.32626235,high,0.286714527,low,11.19447818,14.2366771,0.497438751,medium,0.649467159,medium,0.563235,medium,0.678726,medium
27,67,"6,7",6,7,1.5,Bottom Left,l,0.95,0.95,correct,FALSE,0.140702,9.368791299,medium,0.253334812,low,10.28533586,20.54707722,0.498136795,medium,0.82694999,high,0.31958,low,0.609008,medium
27,68,"7,3",7,3,5.590169944,Bottom Left,h,1.83,1.83,correct,FALSE,0.774946,9.724362425,medium,0.197498191,low,14.74645657,13.75065309,0.475417485,medium,0.734164,high,0.791478,high,0.899087,high
27,69,"10,10",10,10,4.272001873,Bottom Right,m,1.04,1.04,correct,FALSE,0.499534,9.648563,medium,0.261810297,low,11.97052117,14.50783338,0.54347749,medium,0.736437882,high,0.248511,low,0.310609,low
27,70,"4,5",4,5,4.031128874,Top Left,l,0.92,0.92,correct,FALSE,0.136479,8.881531158,medium,0.267210825,low,12.51184051,13.03479379,0.572692737,medium,0.696187913,medium,0.289533,low,0.554078,medium
27,71,"6,2",6,2,6.5,Bottom Left,h,2.05,2.05,correct,FALSE,0.778935,15.62799797,high,0.675662359,medium,18.59302241,17.12269934,0.843946693,high,0.903996142,high,0.334572,low,0.32921,low
27,72,"9,8",9,8,3.041381265,Bottom Left,h,1.26,1.26,correct,FALSE,0.742853,10.08127017,high,0.364950618,low,12.89123284,14.9176846,0.628290595,medium,0.787643318,high,0.332404,low,0.419661,low
27,73,"3,2",3,2,7.158910532,Top Left,h,0.12,0.12,correct,FALSE,0.782826,9.207862,medium,0.068957,low,12.8432402,12.83890738,0.405530723,medium,0.554326117,medium,0.766983,high,0.868293,high
27,74,"4,2",4,2,6.800735254,Top Left,l,0.92,0.92,correct,FALSE,0.132594,8.384166337,low,0.187199346,low,10.43115729,14.61057,0.474703557,medium,0.638381719,medium,0.659985,medium,0.502528,medium
27,75,"4,9",4,9,2.061552813,Top Right,h,1.44,1.44,correct,FALSE,0.74565,9.568562195,medium,0.394468384,low,13.91901641,13.32669257,0.663254697,medium,0.759413784,high,0.406466,low,0.418488,low
27,76,"7,9",7,9,1.118033989,Bottom Right,h,early,early,incorrect,FALSE,0.741072,10.47874979,high,0.105368632,low,13.97430586,14.12906901,0.400642002,medium,0.675553024,medium,0.215563,low,0.248952,low
27,77,"2,13",2,13,6.020797289,Top Right,h,1.57,1.57,correct,FALSE,0.738029,10.64411116,high,0.13457586,low,12.52655438,14.81016024,0.37620482,low,0.700008516,high,0.311062,low,0.342227,low
27,78,"3,3",3,3,6.264982043,Top Left,m,1.39,1.39,correct,FALSE,0.501834,9.203473626,medium,0.269606409,low,15.24917709,12.38486797,0.619907995,medium,0.670961945,medium,0.249213,low,0.374208,low
27,79,"7,7",7,7,1.802775638,Bottom Left,m,1.06,1.06,correct,FALSE,0.502215,8.656773238,low,0.422748638,medium,12.36911757,15.11340049,0.665249717,medium,0.783442259,high,0.661167,medium,0.560356,medium
27,80,"3,12",3,12,4.609772229,Top Right,m,1.37,1.37,correct,FALSE,0.503271,11.01952866,high,0.486262059,medium,12.98841629,16.65209115,0.682977,medium,0.854956468,high,0.324602,low,0.423311,low
27,81,"7,9",7,9,1.118033989,Bottom Right,h,1.15,1.15,correct,FALSE,0.741072,10.47874979,high,0.105368632,low,13.97430586,14.12906901,0.400642002,medium,0.675553024,medium,0.215563,low,0.248952,low
27,82,"7,13",7,13,4.609772229,Bottom Right,m,1.08,1.08,correct,FALSE,0.500695,8.19808684,low,0.391253477,low,10.44949291,15.81823347,0.604299494,medium,0.829366988,high,0.453987,low,0.412429,low
27,83,"2,8",2,8,4.031128874,Top Left,m,0.93,0.93,correct,FALSE,0.496145,7.437528461,low,0.246270248,low,10.94292144,11.86846537,0.530839105,medium,0.515177493,medium,0.622473,medium,0.76804,high
27,84,"5,7",5,7,1.802775638,Top Left,h,1.33,1.33,correct,FALSE,0.747937,9.302374,medium,0.146219451,low,10.57046,14.78080315,0.399254733,low,0.647512864,medium,0.69043,medium,0.785063,high
27,85,"7,6",7,6,2.692582404,Bottom Left,h,1.01,1.01,correct,FALSE,0.756419,11.65619691,high,0.275797555,low,14.48470332,13.39998735,0.527994,medium,0.712493068,high,0.280259,low,0.343404,low
27,86,"6,10",6,10,1.5,Bottom Right,l,0.86,0.86,correct,FALSE,0.146857,11.94292328,high,0.210823548,low,11.88992384,18.3679121,0.506691517,medium,0.761694893,high,0.266352,low,0.499291,low
27,87,"7,7",7,7,1.802775638,Bottom Left,m,0.85,0.85,correct,FALSE,0.502215,8.656773238,low,0.422748638,medium,12.36911757,15.11340049,0.665249717,medium,0.783442259,high,0.661167,medium,0.560356,medium
27,88,"4,14",4,14,5.852349955,Top Right,h,0.86,0.86,correct,FALSE,0.735171,11.88798567,high,0.457684982,medium,12.98160823,14.25592469,0.640851092,medium,0.74554436,high,0.620534,medium,0.690039,medium
27,89,"3,12",3,12,4.609772229,Top Right,m,1.15,1.15,correct,FALSE,0.503271,11.01952866,high,0.486262059,medium,12.98841629,16.65209115,0.682977,medium,0.854956468,high,0.324602,low,0.423311,low
27,90,"7,4",7,4,4.609772229,Bottom Left,h,0.71,0.71,correct,FALSE,0.762415,9.644809178,medium,0.086051,low,9.657204442,16.28263827,0.258281309,low,0.722620507,high,0.387356,low,0.400922,low
27,91,"1,13",1,13,6.726812024,Top Right,m,1.59,1.59,correct,FALSE,0.49857,9.424437687,medium,0.102606722,low,10.59092374,17.55094477,0.402535668,medium,0.718065483,high,0.477183,low,0.378888,low
27,92,"6,14",6,14,5.5,Bottom Right,m,0.72,0.72,correct,FALSE,0.502396,8.910480767,medium,0.361857035,low,11.6861797,15.03899099,0.5946407,medium,0.807391859,high,0.544339,medium,0.80914,high
27,93,"9,11",9,11,3.905124838,Bottom Right,h,1.19,1.19,correct,FALSE,0.736154,8.760130193,medium,0.217604518,low,11.7019116,14.37227722,0.512020649,medium,0.729585118,high,0.657147,medium,0.740195,high
27,94,"3,10",3,10,3.354101966,Top Right,l,0.84,0.84,correct,FALSE,0.144849,6.369818919,low,0.232284989,low,7.812647392,17.3506997,0.415176996,medium,0.834617823,high,0.243589,low,0.628278,medium
27,95,"1,14",1,14,7.433034374,Top Right,h,1.56,1.56,correct,FALSE,0.736799,10.48444,high,0.269980479,low,12.62634897,13.54333989,0.496518415,medium,0.670272006,medium,0.656448,medium,0.815978,high
27,96,"4,5",4,5,4.031128874,Top Left,l,0.88,0.88,correct,FALSE,0.136479,8.881531158,medium,0.267210825,low,12.51184051,13.03479379,0.572692737,medium,0.696187913,medium,0.289533,low,0.554078,medium
27,97,"1,6",1,6,5.590169944,Top Left,h,0.98,0.98,correct,FALSE,0.754725,8.856830277,medium,0.309107906,low,10.27276575,14.64687878,0.52115134,medium,0.721206637,high,0.33695,low,0.405107,low
27,98,"5,6",5,6,2.692582404,Top Left,l,0.92,0.92,correct,FALSE,0.137007,11.85409478,high,0.301373005,low,13.55548575,15.32652697,0.575947742,medium,0.785880368,high,0.230773,low,0.809041,high
27,99,"4,12",4,12,4.031128874,Top Right,h,0.78,0.78,correct,FALSE,0.73963,12.75788073,high,0.582858012,medium,14.37935683,16.55274693,0.761275298,high,0.874402618,high,0.655942,medium,0.78649,high
27,100,"2,11",2,11,4.716990566,Top Right,m,0.89,0.89,correct,FALSE,0.507319,8.711511,medium,0.265492587,low,11.94884922,13.84177221,0.56425953,medium,0.697536209,medium,0.315344,low,0.50332,medium
28,1,"9,9",9,9,3.041381265,Bottom Right,m,1.46,1.46,correct,FALSE,0.501961,7.549186365,low,0.261199008,low,8.747970419,18.6791846,0.440575101,medium,0.832337795,high,0.287744,low,0.277304,low
28,2,"9,10",9,10,3.354101966,Bottom Right,l,10.73 late,10.73,correct,TRUE,0.146642,4.842865959,low,0.178752532,low,10.02491233,10.40007359,0.543976362,medium,0.577367835,medium,0.272733,low,0.263515,low
28,3,"6,8",6,8,0.5,Bottom Left,h,2.12,2.12,correct,FALSE,0.747406,10.84347815,high,0.469390509,medium,13.00536534,17.24292791,0.673454494,medium,0.82402513,high,0.777596,high,0.801109,high
28,4,"6,2",6,2,6.5,Bottom Left,h,4.4,4.4,correct,FALSE,0.778935,15.62799797,high,0.675662359,medium,18.59302241,17.12269934,0.843946693,high,0.903996142,high,0.334572,low,0.32921,low
28,5,"4,2",4,2,6.800735254,Top Left,l,1.57,1.57,correct,FALSE,0.132594,8.384166337,low,0.187199346,low,10.43115729,14.61057,0.474703557,medium,0.638381719,medium,0.659985,medium,0.502528,medium
28,6,"7,1",7,1,7.566372975,Bottom Left,l,did not see,did not see,incorrect,FALSE,0.132252,7.582976558,low,0.345801319,low,9.144453936,17.41873825,0.541548451,medium,0.866349973,high,0.213652,low,0.392083,low
28,7,"7,16",7,16,7.566372975,Bottom Right,m,did not see,did not see,incorrect,FALSE,0.500357,8.320421817,low,0.28431279,low,12.83948864,11.43907949,0.658612976,medium,0.498369677,medium,0.369187,low,0.296237,low
28,8,"11,12",11,12,6.103277808,Bottom Right,l,did not see,did not see,incorrect,FALSE,0.149208,6.964910345,low,0.205383878,low,11.37227671,11.36056335,0.513272278,medium,0.60665,medium,0.250617,low,0.465814,low
28,9,"7,6",7,6,2.692582404,Bottom Left,h,1.66,1.66,correct,FALSE,0.756419,11.65619691,high,0.275797555,low,14.48470332,13.39998735,0.527994,medium,0.712493068,high,0.280259,low,0.343404,low
28,10,"5,8",5,8,1.118033989,Top Left,m,1.46,1.46,correct,FALSE,0.497437,11.394567,high,0.45873101,medium,13.99918661,15.82898247,0.691293555,medium,0.842318768,high,0.388635,low,0.537615,medium
28,11,"6,6",6,6,2.5,Bottom Left,m,1.27,1.27,correct,FALSE,0.50213,9.303835705,medium,0.344452753,low,12.30512571,15.10671503,0.616769859,medium,0.778462511,high,0.495231,low,0.379595,low
28,12,"11,9",11,9,5.024937811,Bottom Right,l,1.13,1.13,correct,FALSE,0.143952,6.961933351,low,0.204555681,low,9.489752474,13.48478868,0.472912062,medium,0.655523,medium,0.582302,medium,0.505769,medium
28,13,"3,12",3,12,4.609772229,Top Right,m,0.96,0.96,correct,FALSE,0.503271,11.01952866,high,0.486262059,medium,12.98841629,16.65209115,0.682977,medium,0.854956468,high,0.324602,low,0.423311,low
28,14,"6,9",6,9,0.5,Bottom Right,m,1.59,1.59,correct,FALSE,0.504844,8.173941,low,0.293603408,low,11.09340575,13.34785152,0.511369419,medium,0.68037281,medium,0.357873,low,0.275719,low
28,15,"10,12",10,12,5.315072906,Bottom Right,h,1.37,1.37,correct,FALSE,0.737677,10.73877749,high,0.391478842,low,13.88322429,13.41302586,0.642355492,medium,0.698780103,medium,0.306243,low,0.359737,low
28,16,"7,12",7,12,3.640054945,Bottom Right,h,1.09,1.09,correct,FALSE,0.739467,6.976369602,low,0.340689819,low,11.06907313,12.92668959,0.625368526,medium,0.716007003,high,0.745872,high,0.889333,high
28,17,"9,7",9,7,3.354101966,Bottom Left,l,1.07,1.07,correct,FALSE,0.139933,10.0626,high,0.16400719,low,14.65662339,13.56802904,0.536818127,medium,0.669926803,medium,0.341348,low,0.279165,low
28,18,"4,5",4,5,4.031128874,Top Left,l,1.11,1.11,correct,FALSE,0.136479,8.881531158,medium,0.267210825,low,12.51184051,13.03479379,0.572692737,medium,0.696187913,medium,0.289533,low,0.554078,medium
28,19,"8,15",8,15,6.800735254,Bottom Right,h,0.97,0.97,correct,FALSE,0.734422,8.71238593,medium,0.197689989,low,9.394358316,14.47228739,0.326145567,low,0.696217668,medium,0.591615,medium,0.755431,high
28,20,"4,6",4,6,3.201562119,Top Left,h,1.07,1.07,correct,FALSE,0.754106,9.296781572,medium,0.211521854,low,12.15512509,12.68434359,0.516418304,medium,0.57710279,medium,0.415739,low,0.422205,low
28,21,"5,16",5,16,7.566372975,Top Right,h,1.09,1.09,correct,FALSE,0.731307,10.95698507,high,0.480901337,medium,15.20775849,13.56801681,0.741333493,high,0.771739,high,0.474986,low,0.409619,low
28,22,"1,6",1,6,5.590169944,Top Left,h,1.16,1.16,correct,FALSE,0.754725,8.856830277,medium,0.309107906,low,10.27276575,14.64687878,0.52115134,medium,0.721206637,high,0.33695,low,0.405107,low
28,23,"1,5",1,5,6.103277808,Top Left,l,6.96 late,6.96,correct,TRUE,0.136468,8.949655165,medium,0.179499017,low,14.62175838,11.68992987,0.556387383,medium,0.547019886,medium,0.417885,low,0.495363,low
28,24,"10,4",10,4,6.020797289,Bottom Left,h,did not see,did not see,incorrect,FALSE,0.766454,9.475999,medium,0.297819217,low,13.01867065,13.95055075,0.536236678,medium,0.749323814,high,0.468754,low,0.527345,medium
28,25,"9,7",9,7,3.354101966,Bottom Left,l,did not see,did not see,incorrect,FALSE,0.139933,10.0626,high,0.16400719,low,14.65662339,13.56802904,0.536818127,medium,0.669926803,medium,0.341348,low,0.279165,low
28,26,"3,13",3,13,5.408326913,Top Right,l,1.84,1.84,correct,FALSE,0.148752,7.830256908,low,0.087852,low,11.31387763,14.11025248,0.462885969,medium,0.559545804,medium,0.344234,low,0.327035,low
28,27,"6,13",6,13,4.5,Bottom Right,l,1.46,1.46,correct,FALSE,0.149463,8.894658798,medium,0.198630146,low,10.14233311,14.99006896,0.434059046,medium,0.656537547,medium,0.607367,medium,0.435968,low
28,28,"6,14",6,14,5.5,Bottom Right,m,1.21,1.21,correct,FALSE,0.502396,8.910480767,medium,0.361857035,low,11.6861797,15.03899099,0.5946407,medium,0.807391859,high,0.544339,medium,0.80914,high
28,29,"4,11",4,11,3.201562119,Top Right,l,did not see,did not see,incorrect,FALSE,0.147533,9.491143,medium,0.351428353,low,10.57838121,14.90992107,0.513114,medium,0.78581271,high,0.25485,low,0.475575,low
28,30,"7,9",7,9,1.118033989,Bottom Right,h,did not see,did not see,incorrect,FALSE,0.741072,10.47874979,high,0.105368632,low,13.97430586,14.12906901,0.400642002,medium,0.675553024,medium,0.215563,low,0.248952,low
28,31,"3,4",3,4,5.408326913,Top Left,m,0.99,0.99,correct,FALSE,0.50103,8.780273627,medium,0.417624705,medium,10.29276997,18.19342967,0.625585228,medium,0.862712625,high,0.410524,low,0.395506,low
28,32,"5,15",5,15,6.576473219,Top Right,h,2.3,2.3,correct,FALSE,0.734458,14.61259528,high,0.585803592,medium,16.08146739,17.26127998,0.746652017,high,0.882695024,high,0.396808,low,0.345057,low
28,33,"6,7",6,7,1.5,Bottom Left,l,1.5,1.5,correct,FALSE,0.140702,9.368791299,medium,0.253334812,low,10.28533586,20.54707722,0.498136795,medium,0.82694999,high,0.31958,low,0.609008,medium
28,34,"4,8",4,8,2.061552813,Top Left,l,1.1,1.1,correct,FALSE,0.140752,7.796163948,low,0.243730855,low,14.63895589,10.95056531,0.657798728,medium,0.54002838,medium,0.320675,low,0.30832,low
28,35,"9,9",9,9,3.041381265,Bottom Right,m,3.6,3.6,correct,FALSE,0.501961,7.549186365,low,0.261199008,low,8.747970419,18.6791846,0.440575101,medium,0.832337795,high,0.287744,low,0.277304,low
28,36,"9,13",9,13,5.408326913,Bottom Right,l,0.98,0.98,correct,FALSE,0.149172,8.84052,medium,0.238928625,low,11.52561954,14.22189736,0.560865373,medium,0.648101,medium,0.311128,low,0.324536,low
28,37,"10,13",10,13,6.020797289,Bottom Right,m,1,1,correct,FALSE,0.500591,10.06340683,high,0.298305425,low,10.13842924,19.49684594,0.474857724,medium,0.850984441,high,0.52999,medium,0.83216,high
28,38,"8,4",8,4,4.924428901,Bottom Left,l,1.08,1.08,correct,FALSE,0.137801,10.82672146,high,0.271906525,low,12.32915256,18.23452335,0.555508433,medium,0.801467617,high,0.28184,low,0.487307,low
28,39,"6,3",6,3,5.5,Bottom Left,m,0.96,0.96,correct,FALSE,0.500691,7.751437064,low,0.24050262,low,10.94020342,12.67649773,0.495544829,medium,0.642383,medium,0.596495,medium,0.735515,high
28,40,"3,11",3,11,3.905124838,Top Right,h,1.01,1.01,correct,FALSE,0.739741,12.97809717,high,0.57621325,medium,14.39417639,14.49449471,0.702438435,high,0.722998537,high,0.300628,low,0.368617,low
28,41,"4,10",4,10,2.5,Top Right,m,1.05,1.05,correct,FALSE,0.500548,9.500195729,medium,0.379485994,low,11.42713543,15.01084666,0.587086094,medium,0.82090987,high,0.378461,low,0.409957,low
28,42,"5,16",5,16,7.566372975,Top Right,h,0.91,0.91,correct,FALSE,0.731307,10.95698507,high,0.480901337,medium,15.20775849,13.56801681,0.741333493,high,0.771739,high,0.474986,low,0.409619,low
28,43,"4,3",4,3,5.852349955,Top Left,h,0.81,0.81,correct,FALSE,0.772261,9.899753,medium,0.08748,low,11.70435798,13.81879873,0.328804827,low,0.628036947,medium,0.232922,low,0.327436,low
28,44,"4,8",4,8,2.061552813,Top Left,l,1.5,1.5,correct,FALSE,0.140752,7.796163948,low,0.243730855,low,14.63895589,10.95056531,0.657798728,medium,0.54002838,medium,0.320675,low,0.30832,low
28,45,"8,15",8,15,6.800735254,Bottom Right,h,1.1,1.1,correct,FALSE,0.734422,8.71238593,medium,0.197689989,low,9.394358316,14.47228739,0.326145567,low,0.696217668,medium,0.591615,medium,0.755431,high
28,46,"8,5",8,5,4.031128874,Bottom Left,m,0.85,0.85,correct,FALSE,0.49912,6.812006337,low,0.310318732,low,9.163600247,15.69251421,0.535395161,medium,0.817047539,high,0.535063,medium,0.876311,high
28,47,"5,13",5,13,4.609772229,Top Right,h,1.18,1.18,correct,FALSE,0.736745,11.33257586,high,0.183858439,low,12.73454577,13.35596674,0.467911418,medium,0.584303587,medium,0.405053,low,0.448635,low
28,48,"8,15",8,15,6.800735254,Bottom Right,h,1.43,1.43,correct,FALSE,0.734422,8.71238593,medium,0.197689989,low,9.394358316,14.47228739,0.326145567,low,0.696217668,medium,0.591615,medium,0.755431,high
28,49,"2,14",2,14,6.800735254,Top Right,l,0.86,0.86,correct,FALSE,0.153089,6.198447454,low,0.126601005,low,7.534082099,16.9978782,0.269930049,low,0.786624921,high,0.208594,low,0.843005,high
28,50,"8,3",8,3,5.852349955,Bottom Left,l,did not see,did not see,incorrect,FALSE,0.132426,8.622265,low,0.330608731,low,12.90807718,12.5445627,0.668523,medium,0.630429519,medium,0.154598,low,0.922716,high
28,51,"6,5",6,5,3.5,Bottom Left,h,1.13,1.13,correct,FALSE,0.758518,9.521109396,medium,0.375644685,low,10.9699314,19.57951928,0.61443564,medium,0.85735487,high,0.27523,low,0.468925,low
28,52,"3,5",3,5,4.609772229,Top Left,h,1.1,1.1,correct,FALSE,0.757983,10.13658799,high,0.1985744,low,11.71430297,13.95804308,0.426211827,medium,0.650370153,medium,0.287501,low,0.371619,low
28,53,"1,6",1,6,5.590169944,Top Left,h,0.92,0.92,correct,FALSE,0.754725,8.856830277,medium,0.309107906,low,10.27276575,14.64687878,0.52115134,medium,0.721206637,high,0.33695,low,0.405107,low
28,54,"6,5",6,5,3.5,Bottom Left,h,0.82,0.82,correct,FALSE,0.758518,9.521109396,medium,0.375644685,low,10.9699314,19.57951928,0.61443564,medium,0.85735487,high,0.27523,low,0.468925,low
28,55,"6,8",6,8,0.5,Bottom Left,h,1.04,1.04,correct,FALSE,0.747406,10.84347815,high,0.469390509,medium,13.00536534,17.24292791,0.673454494,medium,0.82402513,high,0.777596,high,0.801109,high
28,56,"4,4",4,4,4.924428901,Top Left,h,0.78,0.78,correct,FALSE,0.771979,7.208511187,low,0.285060423,low,9.166194,16.83160892,0.500389391,medium,0.766199896,high,0.752833,high,0.835335,high
28,57,"10,11",10,11,4.716990566,Bottom Right,l,0.98,0.98,correct,FALSE,0.151233,10.4232526,high,0.15361466,low,10.79656751,16.32892687,0.415566775,medium,0.720374659,high,0.277529,low,0.680981,medium
28,58,"6,4",6,4,4.5,Bottom Left,m,0.87,0.87,correct,FALSE,0.498255,7.890527632,low,0.404747746,medium,11.55185821,12.99825815,0.686819458,medium,0.702595454,high,0.551387,medium,0.71188,high
28,59,"7,7",7,7,1.802775638,Bottom Left,m,1.35,1.35,correct,FALSE,0.502215,8.656773238,low,0.422748638,medium,12.36911757,15.11340049,0.665249717,medium,0.783442259,high,0.661167,medium,0.560356,medium
28,60,"7,3",7,3,5.590169944,Bottom Left,h,6.50 late,6.5,correct,TRUE,0.774946,9.724362425,medium,0.197498191,low,14.74645657,13.75065309,0.475417485,medium,0.734164,high,0.791478,high,0.899087,high
28,61,"6,10",6,10,1.5,Bottom Right,l,0.96,0.96,correct,FALSE,0.146857,11.94292328,high,0.210823548,low,11.88992384,18.3679121,0.506691517,medium,0.761694893,high,0.266352,low,0.499291,low
28,62,"1,6",1,6,5.590169944,Top Left,h,1.09,1.09,correct,FALSE,0.754725,8.856830277,medium,0.309107906,low,10.27276575,14.64687878,0.52115134,medium,0.721206637,high,0.33695,low,0.405107,low
28,63,"11,11",11,11,5.590169944,Bottom Right,m,0.83,0.83,correct,FALSE,0.500313,7.72330069,low,0.243319301,low,14.53998244,10.58344222,0.636649044,medium,0.48022524,medium,0.609538,medium,0.67236,medium
28,64,"1,4",1,4,6.726812024,Top Left,h,1.26,1.26,correct,FALSE,0.775971,9.826318,medium,0.18007873,low,12.10056338,13.42246571,0.422549622,medium,0.648673698,medium,0.358936,low,0.397134,low
28,65,"8,4",8,4,4.924428901,Bottom Left,l,0.95,0.95,correct,FALSE,0.137801,10.82672146,high,0.271906525,low,12.32915256,18.23452335,0.555508433,medium,0.801467617,high,0.28184,low,0.487307,low
28,66,"11,6",11,6,5.590169944,Bottom Left,l,1.71,1.71,correct,FALSE,0.138655,10.11144153,high,0.280991005,low,12.95081191,13.53206151,0.560805841,medium,0.59694758,medium,0.295198,low,0.276641,low
28,67,"7,9",7,9,1.118033989,Bottom Right,h,1.4,1.4,correct,FALSE,0.741072,10.47874979,high,0.105368632,low,13.97430586,14.12906901,0.400642002,medium,0.675553024,medium,0.215563,low,0.248952,low
28,68,"4,4",4,4,4.924428901,Top Left,h,0.96,0.96,correct,FALSE,0.771979,7.208511187,low,0.285060423,low,9.166194,16.83160892,0.500389391,medium,0.766199896,high,0.752833,high,0.835335,high
28,69,"8,8",8,8,2.061552813,Bottom Left,m,1.03,1.03,correct,FALSE,0.493819,7.823545292,low,0.214039562,low,10.49018996,13.59269788,0.461056536,medium,0.690899417,medium,0.416045,low,0.720582,high
28,70,"11,9",11,9,5.024937811,Bottom Right,l,1,1,correct,FALSE,0.143952,6.961933351,low,0.204555681,low,9.489752474,13.48478868,0.472912062,medium,0.655523,medium,0.582302,medium,0.505769,medium
28,71,"4,6",4,6,3.201562119,Top Left,h,1.33,1.33,correct,FALSE,0.754106,9.296781572,medium,0.211521854,low,12.15512509,12.68434359,0.516418304,medium,0.57710279,medium,0.415739,low,0.422205,low
28,72,"3,7",3,7,3.354101966,Top Left,l,1.91,1.91,correct,FALSE,0.138609,7.915379776,low,0.135603743,low,15.00597891,11.34854427,0.536714869,medium,0.567697923,medium,0.350456,low,0.343107,low
28,73,"3,8",3,8,3.041381265,Top Left,h,0.99,0.99,correct,FALSE,0.747077,8.87526057,medium,0.431442666,medium,13.31413275,13.01872619,0.685711,medium,0.762279553,high,0.356156,low,0.374724,low
28,74,"10,12",10,12,5.315072906,Bottom Right,h,1.03,1.03,correct,FALSE,0.737677,10.73877749,high,0.391478842,low,13.88322429,13.41302586,0.642355492,medium,0.698780103,medium,0.306243,low,0.359737,low
28,75,"3,8",3,8,3.041381265,Top Left,h,0.93,0.93,correct,FALSE,0.747077,8.87526057,medium,0.431442666,medium,13.31413275,13.01872619,0.685711,medium,0.762279553,high,0.356156,low,0.374724,low
28,76,"1,7",1,7,5.220153254,Top Left,m,did not see,did not see,incorrect,FALSE,0.503747,8.876649727,medium,0.210924652,low,9.93742363,17.05925232,0.451266934,medium,0.779103668,high,0.481094,low,0.822615,high
28,77,"5,7",5,7,1.802775638,Top Left,h,1.62,1.62,correct,FALSE,0.747937,9.302374,medium,0.146219451,low,10.57046,14.78080315,0.399254733,low,0.647512864,medium,0.69043,medium,0.785063,high
28,78,"1,14",1,14,7.433034374,Top Right,h,6.64 late,6.64,correct,TRUE,0.736799,10.48444,high,0.269980479,low,12.62634897,13.54333989,0.496518415,medium,0.670272006,medium,0.656448,medium,0.815978,high
28,79,"6,9",6,9,0.5,Bottom Right,m,0.86,0.86,correct,FALSE,0.504844,8.173941,low,0.293603408,low,11.09340575,13.34785152,0.511369419,medium,0.68037281,medium,0.357873,low,0.275719,low
28,80,"3,4",3,4,5.408326913,Top Left,m,0.73,0.73,correct,FALSE,0.50103,8.780273627,medium,0.417624705,medium,10.29276997,18.19342967,0.625585228,medium,0.862712625,high,0.410524,low,0.395506,low
28,81,"10,5",10,5,5.315072906,Bottom Left,l,0.45,0.45,correct,FALSE,0.137856,7.803767458,low,0.276825733,low,12.60270677,12.84937797,0.566765303,medium,0.708577117,high,0.202157,low,0.649259,medium
28,82,"2,15",2,15,7.632168761,Top Right,h,1.14,1.14,correct,FALSE,0.733042,7.190191084,low,0.362656063,low,9.38279328,13.76564234,0.551752233,medium,0.766353542,high,0.411468,low,0.391219,low
28,83,"10,6",10,6,4.716990566,Bottom Left,h,1.1,1.1,correct,FALSE,0.749555,9.93544233,medium,0.334959898,low,16.19531718,11.9445738,0.673408807,medium,0.601764,medium,0.230714,low,0.194986,low
28,84,"7,9",7,9,1.118033989,Bottom Right,h,0.9,0.9,correct,FALSE,0.741072,10.47874979,high,0.105368632,low,13.97430586,14.12906901,0.400642002,medium,0.675553024,medium,0.215563,low,0.248952,low
28,85,"7,1",7,1,7.566372975,Bottom Left,l,1.09,1.09,correct,FALSE,0.132252,7.582976558,low,0.345801319,low,9.144453936,17.41873825,0.541548451,medium,0.866349973,high,0.213652,low,0.392083,low
28,86,"8,10",8,10,2.5,Bottom Right,h,0.83,0.83,correct,FALSE,0.741974,10.06407798,high,0.471237997,medium,12.8613049,13.91766946,0.659242311,medium,0.718854645,high,0.764273,high,0.849275,high
28,87,"1,14",1,14,7.433034374,Top Right,h,1.13,1.13,correct,FALSE,0.736799,10.48444,high,0.269980479,low,12.62634897,13.54333989,0.496518415,medium,0.670272006,medium,0.656448,medium,0.815978,high
28,88,"5,11",5,11,2.692582404,Top Right,m,0.79,0.79,correct,FALSE,0.505388,9.302464,medium,0.346448019,low,13.10872389,13.56997065,0.600633214,medium,0.709233661,high,0.456761,low,0.489285,low
28,89,"4,5",4,5,4.031128874,Top Left,l,1.06,1.06,correct,FALSE,0.136479,8.881531158,medium,0.267210825,low,12.51184051,13.03479379,0.572692737,medium,0.696187913,medium,0.289533,low,0.554078,medium
28,90,"7,5",7,5,3.640054945,Bottom Left,l,0.82,0.82,correct,FALSE,0.136619,8.412961428,low,0.28125962,low,16.88384777,10.6486613,0.744452681,high,0.485269067,medium,0.423673,low,0.42576,low
28,91,"4,15",4,15,6.800735254,Top Right,m,0.8,0.8,correct,FALSE,0.498275,7.867547353,low,0.335434947,low,11.27061811,13.98475212,0.633041731,medium,0.737636419,high,0.49275,low,0.860712,high
28,92,"3,16",3,16,8.077747211,Top Right,l,7.33 late,7.33,correct,TRUE,0.150855,8.534351401,low,0.321445976,low,13.35129939,12.6983491,0.641644397,medium,0.723125649,high,0.322746,low,0.454032,low
28,93,"2,8",2,8,4.031128874,Top Left,m,0.78,0.78,correct,FALSE,0.496145,7.437528461,low,0.246270248,low,10.94292144,11.86846537,0.530839105,medium,0.515177493,medium,0.622473,medium,0.76804,high
28,94,"6,15",6,15,6.5,Bottom Right,l,0.84,0.84,correct,FALSE,0.152267,9.618126041,medium,0.19610824,low,12.4081962,13.77561861,0.522964476,medium,0.647909571,medium,0.26877,low,0.249944,low
28,95,"2,10",2,10,4.272001873,Top Right,h,0.95,0.95,correct,FALSE,0.742032,10.62671603,high,0.172589076,low,12.72105262,13.472514,0.479026913,medium,0.597659753,medium,0.409177,low,0.337879,low
28,96,"8,10",8,10,2.5,Bottom Right,h,0.8,0.8,correct,FALSE,0.741974,10.06407798,high,0.471237997,medium,12.8613049,13.91766946,0.659242311,medium,0.718854645,high,0.764273,high,0.849275,high
28,97,"3,15",3,15,7.158910532,Top Right,l,0.85,0.85,correct,FALSE,0.1503,9.074487,medium,0.163994237,low,9.696648316,18.86998291,0.416280813,medium,0.762278638,high,0.394223,low,0.377542,low
28,98,"3,6",3,6,3.905124838,Top Left,m,1,1,correct,FALSE,0.503727,7.764464,low,0.226812087,low,8.927291831,16.85548215,0.434222,medium,0.769897502,high,0.430121,low,0.489793,low
28,99,"10,10",10,10,4.272001873,Bottom Right,m,2.5,2.5,correct,FALSE,0.499534,9.648563,medium,0.261810297,low,11.97052117,14.50783338,0.54347749,medium,0.736437882,high,0.248511,low,0.310609,low
28,100,"1,8",1,8,5.024937811,Top Left,l,0.92,0.92,correct,FALSE,0.140666,10.43548707,high,0.147774762,low,12.36143857,12.58136712,0.333545032,low,0.608577825,medium,0.198327,low,0.78928,high
28,101,"10,4",10,4,6.020797289,Bottom Left,h,2.23,2.23,correct,FALSE,0.766454,9.475999,medium,0.297819217,low,13.01867065,13.95055075,0.536236678,medium,0.749323814,high,0.468754,low,0.527345,medium
,,,,,,,,,,,,,,,,,,,,,,,,,,
,,,1,1,,,,,,,,,,,,,,,,,,,,,,
,,,11,16,,,,,,,,,,,,,,,,,,,,,,
,,,6,8.5,,,,,,,,,,,,,,,,,,,,,,
